day,model,qlike,mse
2020-01-02,M0 flat,-6.94206,2.44258e-06
2020-01-03,M0 flat,-7.23352,2.83809e-07
2020-01-06,M0 flat,-7.33176,1.56322e-07
2020-01-07,M0 flat,-7.04216,4.94587e-07
2020-01-08,M0 flat,-6.75249,8.71033e-07
2020-01-09,M0 flat,-7.24944,2.72778e-07
2020-01-10,M0 flat,-6.96901,3.88858e-06
2020-01-13,M0 flat,-7.46202,1.36253e-07
2020-01-14,M0 flat,-7.48358,1.16097e-07
2020-01-15,M0 flat,-7.35697,4.43954e-07
2020-01-16,M0 flat,-7.27064,4.79883e-07
2020-01-17,M0 flat,-7.59254,1.19978e-07
2020-01-20,M0 flat,-7.69097,9.05333e-08
2020-01-21,M0 flat,-7.49717,1.37205e-07
2020-01-22,M0 flat,-7.47017,3.92719e-07
2020-01-23,M0 flat,-6.448,5.06488e-06
2020-01-24,M0 flat,-7.55701,1.39485e-07
2020-01-27,M0 flat,-7.43246,2.71115e-07
2020-01-28,M0 flat,-7.62313,9.81752e-08
2020-01-29,M0 flat,-7.42922,2.3479e-07
2020-01-30,M0 flat,-7.53019,1.41853e-07
2020-01-31,M0 flat,-7.27348,9.61428e-07
2020-02-03,M0 flat,-7.37976,1.38804e-07
2020-02-04,M0 flat,-7.49574,1.79211e-07
2020-02-05,M0 flat,-7.46247,2.22136e-07
2020-02-06,M0 flat,-7.16868,7.89256e-07
2020-02-07,M0 flat,-6.95081,1.20185e-06
2020-02-10,M0 flat,-7.49463,1.59028e-07
2020-02-11,M0 flat,-7.36183,2.40683e-07
2020-02-12,M0 flat,-7.17999,5.96305e-07
2020-02-13,M0 flat,-7.17395,6.85438e-07
2020-02-14,M0 flat,-7.21379,4.97578e-07
2020-02-17,M0 flat,-7.7233,8.49878e-08
2020-02-18,M0 flat,-6.88597,1.90466e-06
2020-02-19,M0 flat,-7.30246,1.87702e-07
2020-02-20,M0 flat,-6.81465,7.22078e-07
2020-02-21,M0 flat,-6.13742,1.85154e-05
2020-02-24,M0 flat,-6.34821,2.22474e-06
2020-02-25,M0 flat,-6.62888,1.17283e-06
2020-02-26,M0 flat,-5.95341,2.00161e-06
2020-02-27,M0 flat,-5.66076,3.47584e-06
2020-02-28,M0 flat,-4.03125,1.85077e-05
2020-03-02,M0 flat,-3.63069,1.55306e-05
2020-03-03,M0 flat,-2.94352,0.00020893
2020-03-04,M0 flat,-5.5328,5.21085e-06
2020-03-05,M0 flat,-5.8055,2.55896e-06
2020-03-06,M0 flat,-4.47481,1.20231e-05
2020-03-09,M0 flat,4.01665,0.000578596
2020-03-10,M0 flat,-3.73192,2.97096e-05
2020-03-11,M0 flat,-5.12606,1.29451e-05
2020-03-12,M0 flat,1.18687,0.000677818
2020-03-13,M0 flat,-2.3395,0.000167793
2020-03-16,M0 flat,-0.869911,0.000174596
2020-03-17,M0 flat,-4.30596,3.2513e-05
2020-03-18,M0 flat,-3.85417,5.92381e-05
2020-03-19,M0 flat,0.238132,0.000456792
2020-03-20,M0 flat,-3.07424,0.000140816
2020-03-24,M0 flat,-3.69632,0.000178889
2020-03-25,M0 flat,-4.96608,5.90237e-05
2020-03-26,M0 flat,-4.59076,4.36447e-05
2020-03-27,M0 flat,-4.94458,1.78018e-05
2020-03-31,M0 flat,-4.72563,9.90006e-05
2020-04-01,M0 flat,-5.45642,7.64615e-06
2020-04-02,M0 flat,-5.09195,2.00944e-05
2020-04-03,M0 flat,-5.49659,9.78168e-06
2020-04-06,M0 flat,-5.6485,8.3005e-06
2020-04-07,M0 flat,-5.6879,4.38975e-06
2020-04-08,M0 flat,-5.5183,5.73647e-05
2020-04-09,M0 flat,-5.57228,8.94167e-06
2020-04-10,M0 flat,-6.13558,2.95704e-06
2020-04-13,M0 flat,-5.93734,6.25162e-06
2020-04-14,M0 flat,-5.8939,2.89572e-06
2020-04-15,M0 flat,-5.82339,4.97436e-06
2020-04-16,M0 flat,-5.64263,5.39278e-06
2020-04-17,M0 flat,-5.74545,4.60265e-06
2020-04-21,M0 flat,-5.7062,2.04147e-05
2020-04-22,M0 flat,-6.04956,2.27317e-06
2020-04-23,M0 flat,-5.43861,2.79037e-05
2020-04-24,M0 flat,-5.7056,9.39022e-06
2020-04-27,M0 flat,-6.01099,2.24027e-06
2020-04-28,M0 flat,-5.95939,4.53487e-06
2020-04-29,M0 flat,-5.99019,3.51117e-06
2020-04-30,M0 flat,-5.28344,4.61165e-05
2020-05-01,M0 flat,-6.00097,6.41163e-06
2020-05-04,M0 flat,-6.09819,4.45698e-06
2020-05-05,M0 flat,-5.73801,8.60067e-06
2020-05-06,M0 flat,-6.04358,2.84267e-06
2020-05-07,M0 flat,-6.0437,2.80155e-06
2020-05-08,M0 flat,-6.15375,5.21495e-06
2020-05-11,M0 flat,-6.1764,2.04206e-06
2020-05-12,M0 flat,-6.11949,6.78153e-06
2020-05-13,M0 flat,-6.0719,3.73882e-06
2020-05-14,M0 flat,-6.16256,4.36807e-06
2020-05-15,M0 flat,-6.21058,3.35737e-06
2020-05-18,M0 flat,-5.76695,1.23175e-05
2020-05-19,M0 flat,-6.17764,1.83286e-06
2020-05-20,M0 flat,-6.32383,1.66819e-06
2020-05-21,M0 flat,-6.14891,3.43481e-06
2020-05-22,M0 flat,-6.43055,1.14338e-06
2020-05-25,M0 flat,-6.59032,1.0521e-06
2020-05-26,M0 flat,-6.28373,1.85848e-06
2020-05-27,M0 flat,-5.3435,2.68614e-05
2020-05-28,M0 flat,-6.13147,2.61393e-06
2020-05-29,M0 flat,-5.67577,8.19637e-06
2020-06-01,M0 flat,-6.18171,2.01538e-06
2020-06-02,M0 flat,-6.02111,4.15584e-06
2020-06-03,M0 flat,-5.9319,3.18027e-06
2020-06-04,M0 flat,-5.16897,5.88789e-05
2020-06-05,M0 flat,-5.38481,3.5818e-05
2020-06-08,M0 flat,-6.07075,2.39547e-06
2020-06-09,M0 flat,-5.99324,4.69522e-06
2020-06-10,M0 flat,-5.39444,2.30354e-05
2020-06-11,M0 flat,-5.33212,7.99222e-06
2020-06-12,M0 flat,-5.43254,7.39916e-06
2020-06-15,M0 flat,-5.81122,7.1764e-06
2020-06-16,M0 flat,-5.71893,8.91677e-06
2020-06-17,M0 flat,-5.8054,1.10644e-05
2020-06-18,M0 flat,-5.99117,5.35454e-06
2020-06-19,M0 flat,-5.83592,2.48556e-05
2020-06-22,M0 flat,-6.37258,2.5482e-06
2020-06-23,M0 flat,-6.10491,3.26363e-06
2020-06-24,M0 flat,-6.12811,3.82383e-06
2020-06-25,M0 flat,-6.30707,1.6506e-06
2020-06-26,M0 flat,-6.45946,1.1427e-06
2020-06-29,M0 flat,-6.39725,1.26812e-06
2020-06-30,M0 flat,-6.14949,2.01686e-06
2020-07-01,M0 flat,-6.47038,1.34382e-06
2020-07-02,M0 flat,-6.1366,6.19862e-06
2020-07-03,M0 flat,-6.6786,9.25239e-07
2020-07-06,M0 flat,-6.40186,2.11222e-06
2020-07-07,M0 flat,-6.34055,2.39832e-06
2020-07-08,M0 flat,-6.43652,1.29943e-06
2020-07-09,M0 flat,-5.93048,7.44905e-06
2020-07-10,M0 flat,-6.56889,1.11522e-06
2020-07-13,M0 flat,-6.42029,9.94427e-07
2020-07-14,M0 flat,-6.53308,1.4168e-06
2020-07-15,M0 flat,-6.38282,3.29145e-06
2020-07-16,M0 flat,-6.25691,2.67888e-06
2020-07-17,M0 flat,-6.57684,9.94102e-07
2020-07-20,M0 flat,-5.85709,4.95912e-06
2020-07-21,M0 flat,-5.65337,8.41999e-06
2020-07-22,M0 flat,-5.79068,4.83894e-06
2020-07-23,M0 flat,-6.20631,1.97037e-06
2020-07-24,M0 flat,-6.2376,1.97098e-06
2020-07-27,M0 flat,-5.68527,7.40155e-06
2020-07-28,M0 flat,-6.04316,2.30775e-06
2020-07-29,M0 flat,-5.91788,7.2488e-06
2020-07-30,M0 flat,-5.8798,6.92373e-06
2020-07-31,M0 flat,-5.26924,1.09495e-05
2020-08-03,M0 flat,-5.95092,3.86755e-06
2020-08-04,M0 flat,-6.07025,2.8506e-06
2020-08-05,M0 flat,-5.92611,3.69708e-06
2020-08-06,M0 flat,-5.59681,1.00676e-05
2020-08-07,M0 flat,-5.68713,1.16778e-05
2020-08-10,M0 flat,-6.44816,1.43718e-06
2020-08-11,M0 flat,-5.86755,4.4871e-06
2020-08-12,M0 flat,-6.00727,3.94938e-06
2020-08-13,M0 flat,-6.19204,2.80346e-06
2020-08-14,M0 flat,-6.36253,2.22275e-06
2020-08-17,M0 flat,-6.44086,1.44776e-06
2020-08-18,M0 flat,-6.08652,8.17561e-06
2020-08-19,M0 flat,-5.66749,3.61464e-05
2020-08-20,M0 flat,-5.85593,3.28216e-06
2020-08-21,M0 flat,-5.94019,6.95458e-06
2020-08-24,M0 flat,-6.50888,9.33308e-07
2020-08-25,M0 flat,-6.38429,1.44889e-06
2020-08-26,M0 flat,-6.48413,1.09996e-06
2020-08-27,M0 flat,-4.6599,4.63729e-05
2020-08-28,M0 flat,-5.72438,5.48785e-06
2020-08-31,M0 flat,-6.32266,1.48972e-06
2020-09-01,M0 flat,-5.20566,2.83952e-05
2020-09-02,M0 flat,-5.88298,3.41985e-06
2020-09-03,M0 flat,-5.97114,3.50873e-06
2020-09-04,M0 flat,-5.84011,1.34171e-05
2020-09-07,M0 flat,-6.90587,4.76957e-07
2020-09-08,M0 flat,-5.99558,2.89975e-06
2020-09-09,M0 flat,-6.27001,5.68972e-06
2020-09-10,M0 flat,-5.32708,3.23475e-05
2020-09-11,M0 flat,-6.5475,1.02111e-06
2020-09-14,M0 flat,-6.80741,5.68245e-07
2020-09-15,M0 flat,-6.56458,1.18754e-06
2020-09-16,M0 flat,-5.44238,1.48001e-05
2020-09-17,M0 flat,-6.02282,4.59506e-06
2020-09-18,M0 flat,-6.69329,5.28835e-07
2020-09-21,M0 flat,-5.97994,3.30879e-06
2020-09-22,M0 flat,-5.91271,2.85913e-06
2020-09-23,M0 flat,-6.07993,3.28443e-06
2020-09-24,M0 flat,-5.98149,2.48783e-06
2020-09-25,M0 flat,-6.50912,1.1112e-06
2020-09-28,M0 flat,-6.50451,8.98832e-07
2020-09-29,M0 flat,-6.31561,3.58616e-06
2020-09-30,M0 flat,-6.04319,2.28072e-06
2020-10-01,M0 flat,-6.20326,3.13986e-06
2020-10-02,M0 flat,-6.40402,1.19407e-06
2020-10-05,M0 flat,-6.87199,9.63987e-07
2020-10-06,M0 flat,-6.16492,1.52475e-05
2020-10-07,M0 flat,-6.70294,6.52265e-07
2020-10-08,M0 flat,-6.86547,6.54306e-07
2020-10-09,M0 flat,-6.78341,2.75748e-06
2020-10-12,M0 flat,-6.89066,4.3446e-07
2020-10-13,M0 flat,-6.69083,1.8715e-06
2020-10-14,M0 flat,-6.80458,5.55026e-07
2020-10-15,M0 flat,-6.71626,6.60244e-07
2020-10-16,M0 flat,-6.82753,7.48495e-07
2020-10-19,M0 flat,-6.78941,1.07197e-06
2020-10-20,M0 flat,-6.78213,6.952e-07
2020-10-21,M0 flat,-6.68662,1.13323e-06
2020-10-22,M0 flat,-6.75592,6.59646e-07
2020-10-23,M0 flat,-6.70768,9.8193e-07
2020-10-26,M0 flat,-6.81516,5.95922e-07
2020-10-27,M0 flat,-6.7424,8.67916e-07
2020-10-28,M0 flat,-6.51101,1.12012e-06
2020-10-29,M0 flat,-6.22529,2.31574e-06
2020-10-30,M0 flat,-6.5064,1.04207e-06
2020-11-02,M0 flat,-6.89063,4.50055e-07
2020-11-03,M0 flat,-6.67106,9.86937e-07
2020-11-04,M0 flat,-2.15296,6.31489e-05
2020-11-05,M0 flat,-5.3227,3.75575e-06
2020-11-06,M0 flat,-5.43304,1.63958e-05
2020-11-09,M0 flat,-5.0053,1.33175e-05
2020-11-10,M0 flat,-5.72774,6.0535e-06
2020-11-11,M0 flat,-6.46966,1.40591e-06
2020-11-12,M0 flat,-6.56509,1.20829e-06
2020-11-13,M0 flat,-6.84878,6.29527e-07
2020-11-16,M0 flat,-6.60547,1.34257e-06
2020-11-17,M0 flat,-6.86233,4.75641e-07
2020-11-18,M0 flat,-6.92243,4.64282e-07
2020-11-19,M0 flat,-6.84023,5.37754e-07
2020-11-20,M0 flat,-7.03304,5.34587e-07
2020-11-23,M0 flat,-6.34845,6.08255e-06
2020-11-24,M0 flat,-6.32944,3.70461e-06
2020-11-25,M0 flat,-6.33847,2.0171e-06
2020-11-26,M0 flat,-6.99063,4.84104e-07
2020-11-27,M0 flat,-7.12009,2.5359e-07
2020-12-02,M0 flat,-6.09401,2.97442e-06
2020-12-03,M0 flat,-6.43611,1.94697e-06
2020-12-04,M0 flat,-6.41101,1.95247e-06
2020-12-07,M0 flat,-6.41365,1.81896e-06
2020-12-08,M0 flat,-6.73812,9.04386e-07
2020-12-09,M0 flat,-6.66494,7.55613e-07
2020-12-10,M0 flat,-5.87267,7.42931e-06
2020-12-11,M0 flat,-6.55292,1.01854e-06
2020-12-14,M0 flat,-6.53277,1.22451e-06
2020-12-15,M0 flat,-6.37276,4.61845e-06
2020-12-16,M0 flat,-4.99787,3.23153e-05
2020-12-17,M0 flat,-6.59539,1.94909e-06
2020-12-18,M0 flat,-6.84894,6.34653e-07
2020-12-21,M0 flat,-5.15068,5.39381e-06
2020-12-22,M0 flat,-6.31597,2.00983e-06
2020-12-23,M0 flat,-6.18927,2.43277e-06
2020-12-24,M0 flat,-7.00833,3.68608e-07
2020-12-29,M0 flat,-6.53006,1.34343e-06
2020-12-30,M0 flat,-6.24978,2.23703e-06
2020-12-31,M0 flat,-6.17965,2.05894e-06
2020-01-02,M1 hist. profile,-7.34496,2.35412e-06
2020-01-03,M1 hist. profile,-7.48865,3.0313e-07
2020-01-06,M1 hist. profile,-7.45632,2.09451e-07
2020-01-07,M1 hist. profile,-7.29025,4.65226e-07
2020-01-08,M1 hist. profile,-6.72517,9.08311e-07
2020-01-09,M1 hist. profile,-7.53412,2.91975e-07
2020-01-10,M1 hist. profile,-7.60671,3.09463e-06
2020-01-13,M1 hist. profile,-7.66132,1.85629e-07
2020-01-14,M1 hist. profile,-7.68421,1.60804e-07
2020-01-15,M1 hist. profile,-7.6885,4.48472e-07
2020-01-16,M1 hist. profile,-7.68908,3.37112e-07
2020-01-17,M1 hist. profile,-7.83993,1.31683e-07
2020-01-20,M1 hist. profile,-7.85254,1.53498e-07
2020-01-21,M1 hist. profile,-7.69182,1.81424e-07
2020-01-22,M1 hist. profile,-7.76074,4.03917e-07
2020-01-23,M1 hist. profile,-7.11771,4.3174e-06
2020-01-24,M1 hist. profile,-7.79594,1.82603e-07
2020-01-27,M1 hist. profile,-7.61164,2.66466e-07
2020-01-28,M1 hist. profile,-7.87742,1.34312e-07
2020-01-29,M1 hist. profile,-7.6651,2.49173e-07
2020-01-30,M1 hist. profile,-7.75887,1.54507e-07
2020-01-31,M1 hist. profile,-7.62311,9.38604e-07
2020-02-03,M1 hist. profile,-7.48898,1.8097e-07
2020-02-04,M1 hist. profile,-7.72352,2.20763e-07
2020-02-05,M1 hist. profile,-7.76397,2.44396e-07
2020-02-06,M1 hist. profile,-7.60424,7.5057e-07
2020-02-07,M1 hist. profile,-7.44034,1.14582e-06
2020-02-10,M1 hist. profile,-7.76843,1.77793e-07
2020-02-11,M1 hist. profile,-7.65818,2.26316e-07
2020-02-12,M1 hist. profile,-7.56892,5.3216e-07
2020-02-13,M1 hist. profile,-7.49029,6.64688e-07
2020-02-14,M1 hist. profile,-7.5582,3.22074e-07
2020-02-17,M1 hist. profile,-7.90787,1.53623e-07
2020-02-18,M1 hist. profile,-7.41528,1.3741e-06
2020-02-19,M1 hist. profile,-7.53584,2.12479e-07
2020-02-20,M1 hist. profile,-7.11248,6.72542e-07
2020-02-21,M1 hist. profile,-6.97088,1.82991e-05
2020-02-24,M1 hist. profile,-6.62413,2.15879e-06
2020-02-25,M1 hist. profile,-6.87003,1.16395e-06
2020-02-26,M1 hist. profile,-6.27253,1.9572e-06
2020-02-27,M1 hist. profile,-5.82175,3.30057e-06
2020-02-28,M1 hist. profile,-4.44909,1.81227e-05
2020-03-02,M1 hist. profile,-3.8172,1.41033e-05
2020-03-03,M1 hist. profile,-4.48389,0.00020514
2020-03-04,M1 hist. profile,-5.83801,4.83412e-06
2020-03-05,M1 hist. profile,-6.03383,2.41936e-06
2020-03-06,M1 hist. profile,-4.61559,1.06906e-05
2020-03-09,M1 hist. profile,8.68873,0.000577027
2020-03-10,M1 hist. profile,-3.09297,2.98134e-05
2020-03-11,M1 hist. profile,-5.12064,1.27987e-05
2020-03-12,M1 hist. profile,0.436227,0.000667107
2020-03-13,M1 hist. profile,-1.30529,0.000167751
2020-03-16,M1 hist. profile,1.61165,0.000175417
2020-03-17,M1 hist. profile,-4.43709,3.12966e-05
2020-03-18,M1 hist. profile,-3.97738,5.66491e-05
2020-03-19,M1 hist. profile,1.2404,0.000454262
2020-03-20,M1 hist. profile,-2.82732,0.000136155
2020-03-24,M1 hist. profile,-3.74422,0.000176969
2020-03-25,M1 hist. profile,-4.83804,6.10357e-05
2020-03-26,M1 hist. profile,-4.83039,3.73055e-05
2020-03-27,M1 hist. profile,-4.91915,1.47449e-05
2020-03-31,M1 hist. profile,-4.62123,0.000100677
2020-04-01,M1 hist. profile,-5.53226,9.56357e-06
2020-04-02,M1 hist. profile,-5.36256,1.86432e-05
2020-04-03,M1 hist. profile,-5.72201,6.69194e-06
2020-04-06,M1 hist. profile,-5.88647,9.56173e-06
2020-04-07,M1 hist. profile,-5.92984,5.49381e-06
2020-04-08,M1 hist. profile,-5.76482,5.84197e-05
2020-04-09,M1 hist. profile,-5.87982,8.21558e-06
2020-04-10,M1 hist. profile,-6.28236,5.81475e-06
2020-04-13,M1 hist. profile,-6.15627,7.8988e-06
2020-04-14,M1 hist. profile,-6.08743,4.55757e-06
2020-04-15,M1 hist. profile,-6.09814,4.58055e-06
2020-04-16,M1 hist. profile,-5.83226,6.5088e-06
2020-04-17,M1 hist. profile,-5.89911,5.50493e-06
2020-04-21,M1 hist. profile,-5.97612,2.07341e-05
2020-04-22,M1 hist. profile,-6.22436,3.76936e-06
2020-04-23,M1 hist. profile,-5.761,2.76415e-05
2020-04-24,M1 hist. profile,-5.9769,9.81032e-06
2020-04-27,M1 hist. profile,-6.21192,3.37303e-06
2020-04-28,M1 hist. profile,-6.20756,5.2253e-06
2020-04-29,M1 hist. profile,-6.21268,3.993e-06
2020-04-30,M1 hist. profile,-5.85296,4.40099e-05
2020-05-01,M1 hist. profile,-6.26462,7.18012e-06
2020-05-04,M1 hist. profile,-6.29564,5.32102e-06
2020-05-05,M1 hist. profile,-6.0939,8.74273e-06
2020-05-06,M1 hist. profile,-6.31552,3.27439e-06
2020-05-07,M1 hist. profile,-6.30366,3.37376e-06
2020-05-08,M1 hist. profile,-6.43801,3.20042e-06
2020-05-11,M1 hist. profile,-6.40232,2.7693e-06
2020-05-12,M1 hist. profile,-6.41234,6.73542e-06
2020-05-13,M1 hist. profile,-6.36659,4.19459e-06
2020-05-14,M1 hist. profile,-6.40115,4.91574e-06
2020-05-15,M1 hist. profile,-6.57112,3.01672e-06
2020-05-18,M1 hist. profile,-6.09664,1.2227e-05
2020-05-19,M1 hist. profile,-6.39115,2.49355e-06
2020-05-20,M1 hist. profile,-6.59727,1.71648e-06
2020-05-21,M1 hist. profile,-6.44701,3.47398e-06
2020-05-22,M1 hist. profile,-6.61981,1.80687e-06
2020-05-25,M1 hist. profile,-6.8192,1.83266e-06
2020-05-26,M1 hist. profile,-6.51857,2.28659e-06
2020-05-27,M1 hist. profile,-5.77952,2.61508e-05
2020-05-28,M1 hist. profile,-6.29236,3.05953e-06
2020-05-29,M1 hist. profile,-5.98517,7.79997e-06
2020-06-01,M1 hist. profile,-6.3849,2.28064e-06
2020-06-02,M1 hist. profile,-6.31705,4.34809e-06
2020-06-03,M1 hist. profile,-6.17383,2.87961e-06
2020-06-04,M1 hist. profile,-5.93314,5.62588e-05
2020-06-05,M1 hist. profile,-5.96971,2.8236e-05
2020-06-08,M1 hist. profile,-6.27478,2.81864e-06
2020-06-09,M1 hist. profile,-6.32707,4.64942e-06
2020-06-10,M1 hist. profile,-5.23031,2.37164e-05
2020-06-11,M1 hist. profile,-5.39997,7.80495e-06
2020-06-12,M1 hist. profile,-5.65416,7.31377e-06
2020-06-15,M1 hist. profile,-5.96068,7.09656e-06
2020-06-16,M1 hist. profile,-5.9778,8.67126e-06
2020-06-17,M1 hist. profile,-6.10141,1.10001e-05
2020-06-18,M1 hist. profile,-6.26731,5.26239e-06
2020-06-19,M1 hist. profile,-6.38147,2.28209e-05
2020-06-22,M1 hist. profile,-6.58533,2.80071e-06
2020-06-23,M1 hist. profile,-6.17841,3.73179e-06
2020-06-24,M1 hist. profile,-6.35921,4.02704e-06
2020-06-25,M1 hist. profile,-6.49192,2.13731e-06
2020-06-26,M1 hist. profile,-6.66092,1.57886e-06
2020-06-29,M1 hist. profile,-6.60206,1.65768e-06
2020-06-30,M1 hist. profile,-6.45269,2.01853e-06
2020-07-01,M1 hist. profile,-6.75068,1.41341e-06
2020-07-02,M1 hist. profile,-6.58878,5.61298e-06
2020-07-03,M1 hist. profile,-6.80698,1.39937e-06
2020-07-06,M1 hist. profile,-6.61683,2.27898e-06
2020-07-07,M1 hist. profile,-6.60867,2.52205e-06
2020-07-08,M1 hist. profile,-6.73631,1.30597e-06
2020-07-09,M1 hist. profile,-6.23529,7.04341e-06
2020-07-10,M1 hist. profile,-6.84483,1.17591e-06
2020-07-13,M1 hist. profile,-6.61922,1.11597e-06
2020-07-14,M1 hist. profile,-6.79068,1.51849e-06
2020-07-15,M1 hist. profile,-6.63791,3.44574e-06
2020-07-16,M1 hist. profile,-6.60447,2.52836e-06
2020-07-17,M1 hist. profile,-6.72047,1.20498e-06
2020-07-20,M1 hist. profile,-5.69207,5.05589e-06
2020-07-21,M1 hist. profile,-5.66461,8.30433e-06
2020-07-22,M1 hist. profile,-6.17241,4.48107e-06
2020-07-23,M1 hist. profile,-6.44458,1.98393e-06
2020-07-24,M1 hist. profile,-6.30352,2.11873e-06
2020-07-27,M1 hist. profile,-5.68638,7.34503e-06
2020-07-28,M1 hist. profile,-6.11773,2.36467e-06
2020-07-29,M1 hist. profile,-5.95522,7.52536e-06
2020-07-30,M1 hist. profile,-6.19866,6.663e-06
2020-07-31,M1 hist. profile,-5.19543,1.09544e-05
2020-08-03,M1 hist. profile,-6.02562,4.04925e-06
2020-08-04,M1 hist. profile,-6.44039,2.5735e-06
2020-08-05,M1 hist. profile,-6.30917,3.39953e-06
2020-08-06,M1 hist. profile,-5.95817,9.59765e-06
2020-08-07,M1 hist. profile,-5.84933,1.1088e-05
2020-08-10,M1 hist. profile,-6.66436,1.69646e-06
2020-08-11,M1 hist. profile,-6.27595,4.01753e-06
2020-08-12,M1 hist. profile,-6.19985,3.71558e-06
2020-08-13,M1 hist. profile,-6.53535,2.66762e-06
2020-08-14,M1 hist. profile,-6.62175,2.12077e-06
2020-08-17,M1 hist. profile,-6.56476,1.57618e-06
2020-08-18,M1 hist. profile,-6.51187,7.92654e-06
2020-08-19,M1 hist. profile,-5.85998,3.6261e-05
2020-08-20,M1 hist. profile,-6.16782,3.0973e-06
2020-08-21,M1 hist. profile,-6.35718,6.75896e-06
2020-08-24,M1 hist. profile,-6.63953,1.11096e-06
2020-08-25,M1 hist. profile,-6.67546,1.42995e-06
2020-08-26,M1 hist. profile,-6.73596,1.05542e-06
2020-08-27,M1 hist. profile,-5.69964,4.45053e-05
2020-08-28,M1 hist. profile,-5.99739,4.85237e-06
2020-08-31,M1 hist. profile,-6.41228,1.68082e-06
2020-09-01,M1 hist. profile,-5.47593,2.69645e-05
2020-09-02,M1 hist. profile,-6.13698,3.28409e-06
2020-09-03,M1 hist. profile,-6.19487,2.55788e-06
2020-09-04,M1 hist. profile,-6.41475,1.24743e-05
2020-09-07,M1 hist. profile,-7.07418,7.84476e-07
2020-09-08,M1 hist. profile,-6.3189,2.74902e-06
2020-09-09,M1 hist. profile,-6.55052,5.48438e-06
2020-09-10,M1 hist. profile,-6.18645,2.79735e-05
2020-09-11,M1 hist. profile,-6.81758,9.5197e-07
2020-09-14,M1 hist. profile,-7.04261,6.85441e-07
2020-09-15,M1 hist. profile,-6.87419,1.12025e-06
2020-09-16,M1 hist. profile,-5.6066,1.4696e-05
2020-09-17,M1 hist. profile,-5.68808,4.80141e-06
2020-09-18,M1 hist. profile,-6.83382,6.70446e-07
2020-09-21,M1 hist. profile,-6.37188,3.13681e-06
2020-09-22,M1 hist. profile,-6.16559,2.54303e-06
2020-09-23,M1 hist. profile,-6.10696,3.35593e-06
2020-09-24,M1 hist. profile,-6.21169,2.28033e-06
2020-09-25,M1 hist. profile,-6.74833,1.09627e-06
2020-09-28,M1 hist. profile,-6.68129,8.2235e-07
2020-09-29,M1 hist. profile,-6.64013,3.51067e-06
2020-09-30,M1 hist. profile,-6.26296,2.23428e-06
2020-10-01,M1 hist. profile,-6.60707,3.00132e-06
2020-10-02,M1 hist. profile,-6.51613,1.24054e-06
2020-10-05,M1 hist. profile,-7.08806,1.06557e-06
2020-10-06,M1 hist. profile,-6.11947,1.54229e-05
2020-10-07,M1 hist. profile,-6.93601,6.80213e-07
2020-10-08,M1 hist. profile,-7.18229,6.59176e-07
2020-10-09,M1 hist. profile,-7.11387,2.72975e-06
2020-10-12,M1 hist. profile,-7.04069,6.07964e-07
2020-10-13,M1 hist. profile,-6.94537,1.89537e-06
2020-10-14,M1 hist. profile,-7.08072,6.37394e-07
2020-10-15,M1 hist. profile,-6.94232,6.99362e-07
2020-10-16,M1 hist. profile,-7.06436,8.81616e-07
2020-10-19,M1 hist. profile,-7.05698,1.13249e-06
2020-10-20,M1 hist. profile,-7.0627,7.78967e-07
2020-10-21,M1 hist. profile,-6.98448,1.11353e-06
2020-10-22,M1 hist. profile,-7.03576,7.35709e-07
2020-10-23,M1 hist. profile,-6.88372,1.06623e-06
2020-10-26,M1 hist. profile,-6.9052,7.65262e-07
2020-10-27,M1 hist. profile,-6.83237,1.02138e-06
2020-10-28,M1 hist. profile,-6.57158,1.24472e-06
2020-10-29,M1 hist. profile,-6.73047,1.74931e-06
2020-10-30,M1 hist. profile,-6.75321,1.08876e-06
2020-11-02,M1 hist. profile,-7.07676,5.84694e-07
2020-11-03,M1 hist. profile,-6.8596,1.01924e-06
2020-11-04,M1 hist. profile,0.497718,6.37445e-05
2020-11-05,M1 hist. profile,-5.31127,3.65864e-06
2020-11-06,M1 hist. profile,-4.75776,1.64763e-05
2020-11-09,M1 hist. profile,-5.40444,1.26634e-05
2020-11-10,M1 hist. profile,-5.93021,5.80221e-06
2020-11-11,M1 hist. profile,-6.71656,1.38295e-06
2020-11-12,M1 hist. profile,-6.85424,1.15372e-06
2020-11-13,M1 hist. profile,-7.09447,7.24225e-07
2020-11-16,M1 hist. profile,-6.833,1.44949e-06
2020-11-17,M1 hist. profile,-7.15813,4.86945e-07
2020-11-18,M1 hist. profile,-7.07342,6.54351e-07
2020-11-19,M1 hist. profile,-6.99536,7.0283e-07
2020-11-20,M1 hist. profile,-7.22278,6.19016e-07
2020-11-23,M1 hist. profile,-6.91578,5.65237e-06
2020-11-24,M1 hist. profile,-6.74024,3.5478e-06
2020-11-25,M1 hist. profile,-6.71828,1.85769e-06
2020-11-26,M1 hist. profile,-7.2047,6.15403e-07
2020-11-27,M1 hist. profile,-7.35885,3.50889e-07
2020-12-02,M1 hist. profile,-6.48938,2.73858e-06
2020-12-03,M1 hist. profile,-6.77528,1.88765e-06
2020-12-04,M1 hist. profile,-6.63525,1.84435e-06
2020-12-07,M1 hist. profile,-6.8312,1.70819e-06
2020-12-08,M1 hist. profile,-7.06355,8.75261e-07
2020-12-09,M1 hist. profile,-6.81834,7.96503e-07
2020-12-10,M1 hist. profile,-6.61665,6.77239e-06
2020-12-11,M1 hist. profile,-6.8664,9.66769e-07
2020-12-14,M1 hist. profile,-6.85069,1.14145e-06
2020-12-15,M1 hist. profile,-6.69686,4.55355e-06
2020-12-16,M1 hist. profile,-5.51256,3.20813e-05
2020-12-17,M1 hist. profile,-6.36298,2.06958e-06
2020-12-18,M1 hist. profile,-7.01865,6.92686e-07
2020-12-21,M1 hist. profile,-5.22798,5.31027e-06
2020-12-22,M1 hist. profile,-6.52044,1.92449e-06
2020-12-23,M1 hist. profile,-6.45521,2.29585e-06
2020-12-24,M1 hist. profile,-7.17504,4.52195e-07
2020-12-29,M1 hist. profile,-6.76612,1.28963e-06
2020-12-30,M1 hist. profile,-6.62386,2.03712e-06
2020-12-31,M1 hist. profile,-6.28012,2.05086e-06
2020-01-02,M2 FFF,-7.28101,2.40422e-06
2020-01-03,M2 FFF,-7.48891,3.24919e-07
2020-01-06,M2 FFF,-7.45981,2.28363e-07
2020-01-07,M2 FFF,-7.30826,4.62353e-07
2020-01-08,M2 FFF,-6.65727,9.40933e-07
2020-01-09,M2 FFF,-7.56116,3.14182e-07
2020-01-10,M2 FFF,-7.64189,2.90502e-06
2020-01-13,M2 FFF,-7.69363,2.08553e-07
2020-01-14,M2 FFF,-7.70017,1.81644e-07
2020-01-15,M2 FFF,-7.70401,4.76252e-07
2020-01-16,M2 FFF,-7.74152,3.15903e-07
2020-01-17,M2 FFF,-7.86732,1.41002e-07
2020-01-20,M2 FFF,-7.87627,1.82055e-07
2020-01-21,M2 FFF,-7.67272,2.06477e-07
2020-01-22,M2 FFF,-7.80015,4.12738e-07
2020-01-23,M2 FFF,-7.06555,4.19906e-06
2020-01-24,M2 FFF,-7.81626,1.99112e-07
2020-01-27,M2 FFF,-7.61129,2.96277e-07
2020-01-28,M2 FFF,-7.9063,1.60215e-07
2020-01-29,M2 FFF,-7.61438,2.82754e-07
2020-01-30,M2 FFF,-7.78951,1.63493e-07
2020-01-31,M2 FFF,-7.61149,9.75169e-07
2020-02-03,M2 FFF,-7.48498,2.09049e-07
2020-02-04,M2 FFF,-7.72309,2.4685e-07
2020-02-05,M2 FFF,-7.80484,2.5859e-07
2020-02-06,M2 FFF,-7.6241,7.76946e-07
2020-02-07,M2 FFF,-7.52907,1.13642e-06
2020-02-10,M2 FFF,-7.79226,1.94074e-07
2020-02-11,M2 FFF,-7.66139,2.51949e-07
2020-02-12,M2 FFF,-7.5479,5.95152e-07
2020-02-13,M2 FFF,-7.50756,6.79946e-07
2020-02-14,M2 FFF,-7.56953,3.10478e-07
2020-02-17,M2 FFF,-7.93256,1.77907e-07
2020-02-18,M2 FFF,-7.40398,1.2923e-06
2020-02-19,M2 FFF,-7.51513,2.46812e-07
2020-02-20,M2 FFF,-7.13343,6.73622e-07
2020-02-21,M2 FFF,-7.06431,1.82613e-05
2020-02-24,M2 FFF,-6.53057,2.18629e-06
2020-02-25,M2 FFF,-6.8635,1.1749e-06
2020-02-26,M2 FFF,-6.42312,1.92754e-06
2020-02-27,M2 FFF,-5.55397,3.38022e-06
2020-02-28,M2 FFF,-4.27454,1.81447e-05
2020-03-02,M2 FFF,-2.95658,1.42709e-05
2020-03-03,M2 FFF,-4.17256,0.000207196
2020-03-04,M2 FFF,-5.86742,4.80672e-06
2020-03-05,M2 FFF,-6.04066,2.45232e-06
2020-03-06,M2 FFF,-4.57319,1.05858e-05
2020-03-09,M2 FFF,9.31029,0.000577577
2020-03-10,M2 FFF,-2.9627,2.98953e-05
2020-03-11,M2 FFF,-5.13964,1.28664e-05
2020-03-12,M2 FFF,0.558401,0.000669832
2020-03-13,M2 FFF,-0.941273,0.00016778
2020-03-16,M2 FFF,1.70301,0.000175789
2020-03-17,M2 FFF,-4.52543,3.13041e-05
2020-03-18,M2 FFF,-4.06002,5.66401e-05
2020-03-19,M2 FFF,1.22287,0.000453694
2020-03-20,M2 FFF,-3.00859,0.000137667
2020-03-24,M2 FFF,-3.87192,0.000175486
2020-03-25,M2 FFF,-4.85,6.04847e-05
2020-03-26,M2 FFF,-4.84666,3.83001e-05
2020-03-27,M2 FFF,-4.95207,1.54274e-05
2020-03-31,M2 FFF,-4.69693,9.94594e-05
2020-04-01,M2 FFF,-5.527,8.84827e-06
2020-04-02,M2 FFF,-5.34946,1.80173e-05
2020-04-03,M2 FFF,-5.67628,6.9619e-06
2020-04-06,M2 FFF,-5.85872,8.79672e-06
2020-04-07,M2 FFF,-5.9066,4.76417e-06
2020-04-08,M2 FFF,-5.66422,5.84812e-05
2020-04-09,M2 FFF,-5.84397,7.94185e-06
2020-04-10,M2 FFF,-6.25285,4.95018e-06
2020-04-13,M2 FFF,-6.12196,7.17354e-06
2020-04-14,M2 FFF,-6.05699,4.13759e-06
2020-04-15,M2 FFF,-6.06126,4.32457e-06
2020-04-16,M2 FFF,-5.82216,5.8956e-06
2020-04-17,M2 FFF,-5.89761,4.84604e-06
2020-04-21,M2 FFF,-5.97042,2.01009e-05
2020-04-22,M2 FFF,-6.22113,3.22006e-06
2020-04-23,M2 FFF,-5.75877,2.72947e-05
2020-04-24,M2 FFF,-5.95373,9.43231e-06
2020-04-27,M2 FFF,-6.19261,2.92768e-06
2020-04-28,M2 FFF,-6.19151,5.06804e-06
2020-04-29,M2 FFF,-6.17448,4.219e-06
2020-04-30,M2 FFF,-5.81412,4.45158e-05
2020-05-01,M2 FFF,-6.26238,6.79152e-06
2020-05-04,M2 FFF,-6.28018,5.09922e-06
2020-05-05,M2 FFF,-6.06721,8.6172e-06
2020-05-06,M2 FFF,-6.28446,3.1349e-06
2020-05-07,M2 FFF,-6.29173,3.24483e-06
2020-05-08,M2 FFF,-6.44173,3.08349e-06
2020-05-11,M2 FFF,-6.37829,2.59963e-06
2020-05-12,M2 FFF,-6.39785,6.5882e-06
2020-05-13,M2 FFF,-6.36459,3.88492e-06
2020-05-14,M2 FFF,-6.4025,4.76631e-06
2020-05-15,M2 FFF,-6.54522,3.34832e-06
2020-05-18,M2 FFF,-6.12352,1.19369e-05
2020-05-19,M2 FFF,-6.37499,2.34141e-06
2020-05-20,M2 FFF,-6.58454,1.65085e-06
2020-05-21,M2 FFF,-6.42574,3.51291e-06
2020-05-22,M2 FFF,-6.60578,1.68331e-06
2020-05-25,M2 FFF,-6.81016,1.70992e-06
2020-05-26,M2 FFF,-6.50828,2.19926e-06
2020-05-27,M2 FFF,-5.76675,2.62201e-05
2020-05-28,M2 FFF,-6.28621,2.98154e-06
2020-05-29,M2 FFF,-5.99508,7.69094e-06
2020-06-01,M2 FFF,-6.35778,2.18077e-06
2020-06-02,M2 FFF,-6.34677,4.15786e-06
2020-06-03,M2 FFF,-6.13638,3.06646e-06
2020-06-04,M2 FFF,-5.81798,5.72089e-05
2020-06-05,M2 FFF,-5.95057,2.87611e-05
2020-06-08,M2 FFF,-6.27692,2.69458e-06
2020-06-09,M2 FFF,-6.32308,4.56377e-06
2020-06-10,M2 FFF,-5.28467,2.36598e-05
2020-06-11,M2 FFF,-5.38232,7.78738e-06
2020-06-12,M2 FFF,-5.66872,7.11745e-06
2020-06-15,M2 FFF,-5.87149,7.48965e-06
2020-06-16,M2 FFF,-5.99424,8.53886e-06
2020-06-17,M2 FFF,-6.10501,1.09424e-05
2020-06-18,M2 FFF,-6.23649,5.29393e-06
2020-06-19,M2 FFF,-6.38975,2.27128e-05
2020-06-22,M2 FFF,-6.58837,2.71684e-06
2020-06-23,M2 FFF,-6.15394,3.68041e-06
2020-06-24,M2 FFF,-6.35873,3.95358e-06
2020-06-25,M2 FFF,-6.48174,2.07283e-06
2020-06-26,M2 FFF,-6.67242,1.52569e-06
2020-06-29,M2 FFF,-6.60665,1.61667e-06
2020-06-30,M2 FFF,-6.44046,2.02879e-06
2020-07-01,M2 FFF,-6.72943,1.56837e-06
2020-07-02,M2 FFF,-6.58186,5.65847e-06
2020-07-03,M2 FFF,-6.81352,1.39078e-06
2020-07-06,M2 FFF,-6.59017,2.30262e-06
2020-07-07,M2 FFF,-6.62909,2.46734e-06
2020-07-08,M2 FFF,-6.75392,1.2617e-06
2020-07-09,M2 FFF,-6.25146,7.01838e-06
2020-07-10,M2 FFF,-6.83387,1.28348e-06
2020-07-13,M2 FFF,-6.57864,1.10901e-06
2020-07-14,M2 FFF,-6.78366,1.56117e-06
2020-07-15,M2 FFF,-6.6325,3.42138e-06
2020-07-16,M2 FFF,-6.59478,2.63861e-06
2020-07-17,M2 FFF,-6.73437,1.24715e-06
2020-07-20,M2 FFF,-5.62688,5.12185e-06
2020-07-21,M2 FFF,-5.59526,8.31826e-06
2020-07-22,M2 FFF,-6.14704,4.66465e-06
2020-07-23,M2 FFF,-6.45395,1.96127e-06
2020-07-24,M2 FFF,-6.28918,2.09564e-06
2020-07-27,M2 FFF,-5.69581,7.31258e-06
2020-07-28,M2 FFF,-6.06407,2.42956e-06
2020-07-29,M2 FFF,-5.92574,7.53012e-06
2020-07-30,M2 FFF,-6.22153,6.62273e-06
2020-07-31,M2 FFF,-5.15035,1.09307e-05
2020-08-03,M2 FFF,-5.97115,4.10805e-06
2020-08-04,M2 FFF,-6.43609,2.64464e-06
2020-08-05,M2 FFF,-6.34118,3.31059e-06
2020-08-06,M2 FFF,-5.91632,9.74162e-06
2020-08-07,M2 FFF,-5.86283,1.11655e-05
2020-08-10,M2 FFF,-6.67036,1.66173e-06
2020-08-11,M2 FFF,-6.26968,4.10476e-06
2020-08-12,M2 FFF,-6.17798,3.93907e-06
2020-08-13,M2 FFF,-6.51541,2.72523e-06
2020-08-14,M2 FFF,-6.61645,2.09594e-06
2020-08-17,M2 FFF,-6.5837,1.58426e-06
2020-08-18,M2 FFF,-6.55873,7.83616e-06
2020-08-19,M2 FFF,-5.82641,3.62736e-05
2020-08-20,M2 FFF,-6.18696,3.0593e-06
2020-08-21,M2 FFF,-6.38453,6.69353e-06
2020-08-24,M2 FFF,-6.6172,1.09637e-06
2020-08-25,M2 FFF,-6.66612,1.48515e-06
2020-08-26,M2 FFF,-6.748,1.00318e-06
2020-08-27,M2 FFF,-5.80221,4.44088e-05
2020-08-28,M2 FFF,-5.95693,4.89561e-06
2020-08-31,M2 FFF,-6.40449,1.693e-06
2020-09-01,M2 FFF,-5.32755,2.79116e-05
2020-09-02,M2 FFF,-6.13331,3.23331e-06
2020-09-03,M2 FFF,-6.15073,2.45132e-06
2020-09-04,M2 FFF,-6.38076,1.28793e-05
2020-09-07,M2 FFF,-7.08047,8.06733e-07
2020-09-08,M2 FFF,-6.31887,2.74391e-06
2020-09-09,M2 FFF,-6.5092,5.57947e-06
2020-09-10,M2 FFF,-6.22611,2.73771e-05
2020-09-11,M2 FFF,-6.81875,9.4277e-07
2020-09-14,M2 FFF,-7.03553,6.96127e-07
2020-09-15,M2 FFF,-6.87215,1.17293e-06
2020-09-16,M2 FFF,-5.71785,1.46825e-05
2020-09-17,M2 FFF,-5.58865,4.80694e-06
2020-09-18,M2 FFF,-6.82986,6.92498e-07
2020-09-21,M2 FFF,-6.40053,3.08647e-06
2020-09-22,M2 FFF,-6.16195,2.50822e-06
2020-09-23,M2 FFF,-6.11073,3.40668e-06
2020-09-24,M2 FFF,-6.21688,2.30133e-06
2020-09-25,M2 FFF,-6.71447,1.18461e-06
2020-09-28,M2 FFF,-6.66077,8.15662e-07
2020-09-29,M2 FFF,-6.62246,3.61445e-06
2020-09-30,M2 FFF,-6.24781,2.23171e-06
2020-10-01,M2 FFF,-6.60559,2.98861e-06
2020-10-02,M2 FFF,-6.48279,1.27941e-06
2020-10-05,M2 FFF,-7.08133,1.09484e-06
2020-10-06,M2 FFF,-6.21805,1.53834e-05
2020-10-07,M2 FFF,-6.94237,6.85471e-07
2020-10-08,M2 FFF,-7.16966,6.92613e-07
2020-10-09,M2 FFF,-7.08624,2.81826e-06
2020-10-12,M2 FFF,-7.04052,6.42132e-07
2020-10-13,M2 FFF,-6.95987,1.89253e-06
2020-10-14,M2 FFF,-7.08455,6.82664e-07
2020-10-15,M2 FFF,-6.95473,7.19664e-07
2020-10-16,M2 FFF,-7.07027,8.96286e-07
2020-10-19,M2 FFF,-7.05412,1.18504e-06
2020-10-20,M2 FFF,-7.07823,8.2118e-07
2020-10-21,M2 FFF,-7.00441,1.12901e-06
2020-10-22,M2 FFF,-7.06691,7.49434e-07
2020-10-23,M2 FFF,-6.84535,1.13577e-06
2020-10-26,M2 FFF,-6.89964,7.99263e-07
2020-10-27,M2 FFF,-6.8786,1.03525e-06
2020-10-28,M2 FFF,-6.57359,1.27924e-06
2020-10-29,M2 FFF,-6.73623,1.71844e-06
2020-10-30,M2 FFF,-6.72319,1.11331e-06
2020-11-02,M2 FFF,-7.07752,6.0449e-07
2020-11-03,M2 FFF,-6.73645,1.08096e-06
2020-11-04,M2 FFF,1.11575,6.38388e-05
2020-11-05,M2 FFF,-5.29429,3.6197e-06
2020-11-06,M2 FFF,-4.65192,1.64984e-05
2020-11-09,M2 FFF,-5.37018,1.24692e-05
2020-11-10,M2 FFF,-5.91307,5.89012e-06
2020-11-11,M2 FFF,-6.74359,1.33556e-06
2020-11-12,M2 FFF,-6.85895,1.18023e-06
2020-11-13,M2 FFF,-7.09318,8.01803e-07
2020-11-16,M2 FFF,-6.84309,1.45941e-06
2020-11-17,M2 FFF,-7.18232,5.1691e-07
2020-11-18,M2 FFF,-7.07231,6.79724e-07
2020-11-19,M2 FFF,-6.98133,7.24367e-07
2020-11-20,M2 FFF,-7.21083,6.50646e-07
2020-11-23,M2 FFF,-6.92346,5.84702e-06
2020-11-24,M2 FFF,-6.72117,3.55975e-06
2020-11-25,M2 FFF,-6.72506,1.87002e-06
2020-11-26,M2 FFF,-7.23361,6.35688e-07
2020-11-27,M2 FFF,-7.38677,3.80461e-07
2020-12-02,M2 FFF,-6.49199,2.77716e-06
2020-12-03,M2 FFF,-6.78552,1.88468e-06
2020-12-04,M2 FFF,-6.60234,1.89114e-06
2020-12-07,M2 FFF,-6.81762,1.76297e-06
2020-12-08,M2 FFF,-7.0735,9.0087e-07
2020-12-09,M2 FFF,-6.82284,8.20135e-07
2020-12-10,M2 FFF,-6.54329,6.812e-06
2020-12-11,M2 FFF,-6.83412,9.80508e-07
2020-12-14,M2 FFF,-6.85414,1.17277e-06
2020-12-15,M2 FFF,-6.77149,4.52692e-06
2020-12-16,M2 FFF,-5.28328,3.22011e-05
2020-12-17,M2 FFF,-6.28916,2.0825e-06
2020-12-18,M2 FFF,-7.03394,6.95048e-07
2020-12-21,M2 FFF,-5.195,5.28774e-06
2020-12-22,M2 FFF,-6.50001,1.95581e-06
2020-12-23,M2 FFF,-6.36496,2.32576e-06
2020-12-24,M2 FFF,-7.19915,4.71617e-07
2020-12-29,M2 FFF,-6.704,1.36802e-06
2020-12-30,M2 FFF,-6.58523,2.0576e-06
2020-12-31,M2 FFF,-6.27365,2.05064e-06
2020-01-02,M3 FFF+intraday GARCH,-7.23278,2.42867e-06
2020-01-03,M3 FFF+intraday GARCH,-7.47098,3.35428e-07
2020-01-06,M3 FFF+intraday GARCH,-7.47112,1.99765e-07
2020-01-07,M3 FFF+intraday GARCH,-7.33274,4.83002e-07
2020-01-08,M3 FFF+intraday GARCH,-6.87949,9.39754e-07
2020-01-09,M3 FFF+intraday GARCH,-7.57836,3.16568e-07
2020-01-10,M3 FFF+intraday GARCH,-7.7173,3.21487e-06
2020-01-13,M3 FFF+intraday GARCH,-7.7447,1.50495e-07
2020-01-14,M3 FFF+intraday GARCH,-7.79354,1.78396e-07
2020-01-15,M3 FFF+intraday GARCH,-7.86353,4.97483e-07
2020-01-16,M3 FFF+intraday GARCH,-7.83147,3.32946e-07
2020-01-17,M3 FFF+intraday GARCH,-8.03093,1.06669e-07
2020-01-20,M3 FFF+intraday GARCH,-8.05303,7.89617e-08
2020-01-21,M3 FFF+intraday GARCH,-7.73338,1.67912e-07
2020-01-22,M3 FFF+intraday GARCH,-7.83611,4.07647e-07
2020-01-23,M3 FFF+intraday GARCH,-6.98168,4.14218e-06
2020-01-24,M3 FFF+intraday GARCH,-7.88389,1.86052e-07
2020-01-27,M3 FFF+intraday GARCH,-7.73265,2.56446e-07
2020-01-28,M3 FFF+intraday GARCH,-8.02205,1.24279e-07
2020-01-29,M3 FFF+intraday GARCH,-7.76499,2.41205e-07
2020-01-30,M3 FFF+intraday GARCH,-7.80319,1.61616e-07
2020-01-31,M3 FFF+intraday GARCH,-7.61311,9.63756e-07
2020-02-03,M3 FFF+intraday GARCH,-7.58056,1.64608e-07
2020-02-04,M3 FFF+intraday GARCH,-7.77289,2.10783e-07
2020-02-05,M3 FFF+intraday GARCH,-7.92095,2.28436e-07
2020-02-06,M3 FFF+intraday GARCH,-7.73974,6.93701e-07
2020-02-07,M3 FFF+intraday GARCH,-7.604,1.1385e-06
2020-02-10,M3 FFF+intraday GARCH,-7.88901,1.5249e-07
2020-02-11,M3 FFF+intraday GARCH,-7.70526,3.08566e-07
2020-02-12,M3 FFF+intraday GARCH,-7.53614,5.64309e-07
2020-02-13,M3 FFF+intraday GARCH,-7.62485,8.49776e-07
2020-02-14,M3 FFF+intraday GARCH,-7.5763,3.31678e-07
2020-02-17,M3 FFF+intraday GARCH,-8.15013,7.44048e-08
2020-02-18,M3 FFF+intraday GARCH,-7.40994,1.29846e-06
2020-02-19,M3 FFF+intraday GARCH,-7.59152,2.49637e-07
2020-02-20,M3 FFF+intraday GARCH,-7.1224,7.03227e-07
2020-02-21,M3 FFF+intraday GARCH,-7.09127,1.87069e-05
2020-02-24,M3 FFF+intraday GARCH,-6.69557,2.10926e-06
2020-02-25,M3 FFF+intraday GARCH,-6.87732,1.17577e-06
2020-02-26,M3 FFF+intraday GARCH,-6.70392,2.32719e-06
2020-02-27,M3 FFF+intraday GARCH,-6.26709,3.09197e-06
2020-02-28,M3 FFF+intraday GARCH,-5.65655,1.86448e-05
2020-03-02,M3 FFF+intraday GARCH,-5.38113,1.15473e-05
2020-03-03,M3 FFF+intraday GARCH,-5.17699,0.000207638
2020-03-04,M3 FFF+intraday GARCH,-6.12362,5.02387e-06
2020-03-05,M3 FFF+intraday GARCH,-6.43671,2.53472e-06
2020-03-06,M3 FFF+intraday GARCH,-5.44141,8.79622e-06
2020-03-09,M3 FFF+intraday GARCH,-3.80947,0.000537445
2020-03-10,M3 FFF+intraday GARCH,-4.79044,2.89284e-05
2020-03-11,M3 FFF+intraday GARCH,-5.40246,1.21771e-05
2020-03-12,M3 FFF+intraday GARCH,-4.28157,0.000587196
2020-03-13,M3 FFF+intraday GARCH,-4.25267,0.000164783
2020-03-16,M3 FFF+intraday GARCH,-4.09398,0.000145478
2020-03-17,M3 FFF+intraday GARCH,-5.05323,3.48785e-05
2020-03-18,M3 FFF+intraday GARCH,-4.75802,5.17327e-05
2020-03-19,M3 FFF+intraday GARCH,-3.54134,0.000407121
2020-03-20,M3 FFF+intraday GARCH,-4.13458,0.00012806
2020-03-24,M3 FFF+intraday GARCH,-4.32185,0.000178291
2020-03-25,M3 FFF+intraday GARCH,-4.8329,6.15519e-05
2020-03-26,M3 FFF+intraday GARCH,-4.92582,3.74656e-05
2020-03-27,M3 FFF+intraday GARCH,-4.98344,1.54186e-05
2020-03-31,M3 FFF+intraday GARCH,-4.63032,9.95502e-05
2020-04-01,M3 FFF+intraday GARCH,-5.47989,8.36055e-06
2020-04-02,M3 FFF+intraday GARCH,-5.34307,1.74328e-05
2020-04-03,M3 FFF+intraday GARCH,-5.78687,7.11891e-06
2020-04-06,M3 FFF+intraday GARCH,-5.92514,8.03451e-06
2020-04-07,M3 FFF+intraday GARCH,-6.08277,4.05437e-06
2020-04-08,M3 FFF+intraday GARCH,-5.60426,6.00934e-05
2020-04-09,M3 FFF+intraday GARCH,-6.00218,7.09524e-06
2020-04-10,M3 FFF+intraday GARCH,-7.19908,4.08494e-07
2020-04-13,M3 FFF+intraday GARCH,-6.40611,5.1632e-06
2020-04-14,M3 FFF+intraday GARCH,-6.25733,2.30215e-06
2020-04-15,M3 FFF+intraday GARCH,-6.36215,3.65247e-06
2020-04-16,M3 FFF+intraday GARCH,-5.85354,5.20633e-06
2020-04-17,M3 FFF+intraday GARCH,-5.93632,4.38482e-06
2020-04-21,M3 FFF+intraday GARCH,-6.02675,2.01086e-05
2020-04-22,M3 FFF+intraday GARCH,-6.46487,1.49928e-06
2020-04-23,M3 FFF+intraday GARCH,-5.84788,2.79751e-05
2020-04-24,M3 FFF+intraday GARCH,-5.98,9.3215e-06
2020-04-27,M3 FFF+intraday GARCH,-6.31065,1.77621e-06
2020-04-28,M3 FFF+intraday GARCH,-6.36474,4.07491e-06
2020-04-29,M3 FFF+intraday GARCH,-6.36947,2.90422e-06
2020-04-30,M3 FFF+intraday GARCH,-6.03292,4.4007e-05
2020-05-01,M3 FFF+intraday GARCH,-6.49409,5.73437e-06
2020-05-04,M3 FFF+intraday GARCH,-6.3922,4.048e-06
2020-05-05,M3 FFF+intraday GARCH,-6.3682,7.63363e-06
2020-05-06,M3 FFF+intraday GARCH,-6.48908,2.21865e-06
2020-05-07,M3 FFF+intraday GARCH,-6.49077,2.34593e-06
2020-05-08,M3 FFF+intraday GARCH,-6.77182,3.50414e-06
2020-05-11,M3 FFF+intraday GARCH,-6.62035,1.56623e-06
2020-05-12,M3 FFF+intraday GARCH,-6.56834,6.38133e-06
2020-05-13,M3 FFF+intraday GARCH,-6.55529,3.44687e-06
2020-05-14,M3 FFF+intraday GARCH,-6.47157,4.22966e-06
2020-05-15,M3 FFF+intraday GARCH,-6.90926,2.84708e-06
2020-05-18,M3 FFF+intraday GARCH,-6.51613,9.63741e-06
2020-05-19,M3 FFF+intraday GARCH,-6.49337,1.63867e-06
2020-05-20,M3 FFF+intraday GARCH,-6.90278,1.07881e-06
2020-05-21,M3 FFF+intraday GARCH,-6.54937,3.04696e-06
2020-05-22,M3 FFF+intraday GARCH,-6.8993,6.98053e-07
2020-05-25,M3 FFF+intraday GARCH,-7.56892,3.92623e-07
2020-05-26,M3 FFF+intraday GARCH,-6.69904,1.74051e-06
2020-05-27,M3 FFF+intraday GARCH,-6.03327,2.8352e-05
2020-05-28,M3 FFF+intraday GARCH,-6.24459,2.66907e-06
2020-05-29,M3 FFF+intraday GARCH,-6.03189,7.33094e-06
2020-06-01,M3 FFF+intraday GARCH,-6.39443,1.75108e-06
2020-06-02,M3 FFF+intraday GARCH,-6.39949,4.45485e-06
2020-06-03,M3 FFF+intraday GARCH,-6.10768,2.95493e-06
2020-06-04,M3 FFF+intraday GARCH,-5.81171,6.82665e-05
2020-06-05,M3 FFF+intraday GARCH,-5.99054,3.07754e-05
2020-06-08,M3 FFF+intraday GARCH,-6.3156,2.63948e-06
2020-06-09,M3 FFF+intraday GARCH,-6.41774,4.5982e-06
2020-06-10,M3 FFF+intraday GARCH,-6.10729,1.91995e-05
2020-06-11,M3 FFF+intraday GARCH,-5.51707,7.62773e-06
2020-06-12,M3 FFF+intraday GARCH,-5.73381,6.86163e-06
2020-06-15,M3 FFF+intraday GARCH,-5.80945,7.52791e-06
2020-06-16,M3 FFF+intraday GARCH,-5.9396,8.65041e-06
2020-06-17,M3 FFF+intraday GARCH,-6.04758,1.15185e-05
2020-06-18,M3 FFF+intraday GARCH,-6.15695,5.62407e-06
2020-06-19,M3 FFF+intraday GARCH,-6.57733,2.21516e-05
2020-06-22,M3 FFF+intraday GARCH,-6.66806,2.36276e-06
2020-06-23,M3 FFF+intraday GARCH,-6.29189,3.49269e-06
2020-06-24,M3 FFF+intraday GARCH,-6.36936,3.67864e-06
2020-06-25,M3 FFF+intraday GARCH,-6.60562,1.76018e-06
2020-06-26,M3 FFF+intraday GARCH,-6.84046,1.05766e-06
2020-06-29,M3 FFF+intraday GARCH,-6.6886,1.20852e-06
2020-06-30,M3 FFF+intraday GARCH,-6.44652,1.93046e-06
2020-07-01,M3 FFF+intraday GARCH,-6.88112,1.35078e-06
2020-07-02,M3 FFF+intraday GARCH,-6.67909,5.77719e-06
2020-07-03,M3 FFF+intraday GARCH,-7.08161,9.17652e-07
2020-07-06,M3 FFF+intraday GARCH,-6.49048,2.24252e-06
2020-07-07,M3 FFF+intraday GARCH,-6.66529,2.31843e-06
2020-07-08,M3 FFF+intraday GARCH,-6.89252,1.10627e-06
2020-07-09,M3 FFF+intraday GARCH,-6.24046,6.67996e-06
2020-07-10,M3 FFF+intraday GARCH,-6.9545,1.09105e-06
2020-07-13,M3 FFF+intraday GARCH,-6.58536,9.55104e-07
2020-07-14,M3 FFF+intraday GARCH,-6.84272,1.34553e-06
2020-07-15,M3 FFF+intraday GARCH,-6.66849,3.28917e-06
2020-07-16,M3 FFF+intraday GARCH,-6.63642,2.84155e-06
2020-07-17,M3 FFF+intraday GARCH,-6.75538,1.03401e-06
2020-07-20,M3 FFF+intraday GARCH,-5.98256,5.50527e-06
2020-07-21,M3 FFF+intraday GARCH,-5.82555,8.63685e-06
2020-07-22,M3 FFF+intraday GARCH,-6.22457,4.78195e-06
2020-07-23,M3 FFF+intraday GARCH,-6.43087,1.89845e-06
2020-07-24,M3 FFF+intraday GARCH,-6.33739,2.05317e-06
2020-07-27,M3 FFF+intraday GARCH,-5.89629,8.7522e-06
2020-07-28,M3 FFF+intraday GARCH,-6.18816,2.94027e-06
2020-07-29,M3 FFF+intraday GARCH,-6.28276,6.93302e-06
2020-07-30,M3 FFF+intraday GARCH,-6.17357,7.08707e-06
2020-07-31,M3 FFF+intraday GARCH,-5.46125,1.05018e-05
2020-08-03,M3 FFF+intraday GARCH,-6.10457,4.04321e-06
2020-08-04,M3 FFF+intraday GARCH,-6.40399,2.93001e-06
2020-08-05,M3 FFF+intraday GARCH,-6.3586,3.63408e-06
2020-08-06,M3 FFF+intraday GARCH,-6.00302,9.70045e-06
2020-08-07,M3 FFF+intraday GARCH,-5.96139,1.07731e-05
2020-08-10,M3 FFF+intraday GARCH,-6.7047,1.4055e-06
2020-08-11,M3 FFF+intraday GARCH,-6.28148,4.60724e-06
2020-08-12,M3 FFF+intraday GARCH,-6.24571,4.09559e-06
2020-08-13,M3 FFF+intraday GARCH,-6.4803,2.66037e-06
2020-08-14,M3 FFF+intraday GARCH,-6.57863,2.08347e-06
2020-08-17,M3 FFF+intraday GARCH,-6.58176,1.53376e-06
2020-08-18,M3 FFF+intraday GARCH,-6.48855,1.00028e-05
2020-08-19,M3 FFF+intraday GARCH,-6.02408,3.60788e-05
2020-08-20,M3 FFF+intraday GARCH,-6.19479,3.13303e-06
2020-08-21,M3 FFF+intraday GARCH,-6.45924,7.18882e-06
2020-08-24,M3 FFF+intraday GARCH,-6.59924,9.09568e-07
2020-08-25,M3 FFF+intraday GARCH,-6.67576,1.55486e-06
2020-08-26,M3 FFF+intraday GARCH,-6.81839,9.76103e-07
2020-08-27,M3 FFF+intraday GARCH,-6.21419,3.78979e-05
2020-08-28,M3 FFF+intraday GARCH,-6.12725,4.86216e-06
2020-08-31,M3 FFF+intraday GARCH,-6.39383,1.62436e-06
2020-09-01,M3 FFF+intraday GARCH,-5.78629,2.79412e-05
2020-09-02,M3 FFF+intraday GARCH,-6.21072,4.35434e-06
2020-09-03,M3 FFF+intraday GARCH,-6.17686,2.50068e-06
2020-09-04,M3 FFF+intraday GARCH,-6.37018,1.27172e-05
2020-09-07,M3 FFF+intraday GARCH,-7.42639,3.62565e-07
2020-09-08,M3 FFF+intraday GARCH,-6.38041,3.26405e-06
2020-09-09,M3 FFF+intraday GARCH,-6.5083,6.02736e-06
2020-09-10,M3 FFF+intraday GARCH,-6.42456,2.66087e-05
2020-09-11,M3 FFF+intraday GARCH,-6.80901,9.38248e-07
2020-09-14,M3 FFF+intraday GARCH,-7.12303,5.6744e-07
2020-09-15,M3 FFF+intraday GARCH,-6.87875,1.12158e-06
2020-09-16,M3 FFF+intraday GARCH,-6.43708,1.27932e-05
2020-09-17,M3 FFF+intraday GARCH,-6.0015,5.07084e-06
2020-09-18,M3 FFF+intraday GARCH,-6.82738,7.11464e-07
2020-09-21,M3 FFF+intraday GARCH,-6.44448,3.76113e-06
2020-09-22,M3 FFF+intraday GARCH,-6.34493,2.41191e-06
2020-09-23,M3 FFF+intraday GARCH,-6.26864,3.37937e-06
2020-09-24,M3 FFF+intraday GARCH,-6.24587,2.46962e-06
2020-09-25,M3 FFF+intraday GARCH,-6.68816,1.28492e-06
2020-09-28,M3 FFF+intraday GARCH,-6.60399,8.58551e-07
2020-09-29,M3 FFF+intraday GARCH,-6.58316,3.87511e-06
2020-09-30,M3 FFF+intraday GARCH,-6.38524,2.24417e-06
2020-10-01,M3 FFF+intraday GARCH,-6.6031,3.29087e-06
2020-10-02,M3 FFF+intraday GARCH,-6.70093,1.35438e-06
2020-10-05,M3 FFF+intraday GARCH,-7.11927,9.72437e-07
2020-10-06,M3 FFF+intraday GARCH,-6.41355,1.54525e-05
2020-10-07,M3 FFF+intraday GARCH,-6.91,6.80194e-07
2020-10-08,M3 FFF+intraday GARCH,-7.25358,5.98581e-07
2020-10-09,M3 FFF+intraday GARCH,-7.10129,2.77135e-06
2020-10-12,M3 FFF+intraday GARCH,-7.20913,4.81511e-07
2020-10-13,M3 FFF+intraday GARCH,-6.92224,1.85565e-06
2020-10-14,M3 FFF+intraday GARCH,-7.17806,6.20123e-07
2020-10-15,M3 FFF+intraday GARCH,-6.98935,7.976e-07
2020-10-16,M3 FFF+intraday GARCH,-7.17052,1.00394e-06
2020-10-19,M3 FFF+intraday GARCH,-7.07891,1.25216e-06
2020-10-20,M3 FFF+intraday GARCH,-7.2035,7.27243e-07
2020-10-21,M3 FFF+intraday GARCH,-7.01783,1.15098e-06
2020-10-22,M3 FFF+intraday GARCH,-7.22172,7.714e-07
2020-10-23,M3 FFF+intraday GARCH,-6.95462,1.03489e-06
2020-10-26,M3 FFF+intraday GARCH,-6.95996,6.00926e-07
2020-10-27,M3 FFF+intraday GARCH,-7.05625,8.67739e-07
2020-10-28,M3 FFF+intraday GARCH,-6.59485,1.30937e-06
2020-10-29,M3 FFF+intraday GARCH,-6.75101,1.59638e-06
2020-10-30,M3 FFF+intraday GARCH,-6.72484,9.68323e-07
2020-11-02,M3 FFF+intraday GARCH,-7.15285,4.15327e-07
2020-11-03,M3 FFF+intraday GARCH,-6.68495,1.05624e-06
2020-11-04,M3 FFF+intraday GARCH,-5.02118,5.54655e-05
2020-11-05,M3 FFF+intraday GARCH,-5.80311,4.32348e-06
2020-11-06,M3 FFF+intraday GARCH,-5.74993,1.62888e-05
2020-11-09,M3 FFF+intraday GARCH,-5.79179,1.34684e-05
2020-11-10,M3 FFF+intraday GARCH,-6.03658,6.07038e-06
2020-11-11,M3 FFF+intraday GARCH,-6.82457,1.35656e-06
2020-11-12,M3 FFF+intraday GARCH,-6.87924,1.17509e-06
2020-11-13,M3 FFF+intraday GARCH,-7.16793,5.87031e-07
2020-11-16,M3 FFF+intraday GARCH,-6.88644,1.98037e-06
2020-11-17,M3 FFF+intraday GARCH,-7.36127,4.09114e-07
2020-11-18,M3 FFF+intraday GARCH,-7.14955,6.11885e-07
2020-11-19,M3 FFF+intraday GARCH,-7.05867,6.06922e-07
2020-11-20,M3 FFF+intraday GARCH,-7.32965,5.1476e-07
2020-11-23,M3 FFF+intraday GARCH,-6.99126,5.63087e-06
2020-11-24,M3 FFF+intraday GARCH,-6.68102,3.6883e-06
2020-11-25,M3 FFF+intraday GARCH,-6.71018,1.97731e-06
2020-11-26,M3 FFF+intraday GARCH,-7.37542,5.5513e-07
2020-11-27,M3 FFF+intraday GARCH,-7.52773,2.60432e-07
2020-12-02,M3 FFF+intraday GARCH,-6.50914,2.73196e-06
2020-12-03,M3 FFF+intraday GARCH,-6.77169,2.4159e-06
2020-12-04,M3 FFF+intraday GARCH,-6.65064,1.87971e-06
2020-12-07,M3 FFF+intraday GARCH,-6.89642,1.90717e-06
2020-12-08,M3 FFF+intraday GARCH,-7.11039,1.16268e-06
2020-12-09,M3 FFF+intraday GARCH,-6.84331,9.56163e-07
2020-12-10,M3 FFF+intraday GARCH,-6.57787,7.23877e-06
2020-12-11,M3 FFF+intraday GARCH,-6.87935,1.01106e-06
2020-12-14,M3 FFF+intraday GARCH,-6.89368,1.19094e-06
2020-12-15,M3 FFF+intraday GARCH,-6.76779,6.3473e-06
2020-12-16,M3 FFF+intraday GARCH,-6.30749,3.17243e-05
2020-12-17,M3 FFF+intraday GARCH,-6.25323,2.17555e-06
2020-12-18,M3 FFF+intraday GARCH,-6.97272,8.40603e-07
2020-12-21,M3 FFF+intraday GARCH,-5.91852,5.9116e-06
2020-12-22,M3 FFF+intraday GARCH,-6.56803,2.06529e-06
2020-12-23,M3 FFF+intraday GARCH,-6.45301,2.35557e-06
2020-12-24,M3 FFF+intraday GARCH,-7.28257,3.80643e-07
2020-12-29,M3 FFF+intraday GARCH,-6.62529,1.36582e-06
2020-12-30,M3 FFF+intraday GARCH,-6.62996,1.94788e-06
2020-12-31,M3 FFF+intraday GARCH,-6.31343,2.21008e-06
2020-01-02,M4 raw intraday GARCH,-7.18531,2.57276e-06
2020-01-03,M4 raw intraday GARCH,-7.38816,2.85758e-07
2020-01-06,M4 raw intraday GARCH,-7.46414,1.4694e-07
2020-01-07,M4 raw intraday GARCH,-7.28943,4.93696e-07
2020-01-08,M4 raw intraday GARCH,-6.88936,8.97626e-07
2020-01-09,M4 raw intraday GARCH,-7.54641,2.47074e-07
2020-01-10,M4 raw intraday GARCH,-7.30104,4.13671e-06
2020-01-13,M4 raw intraday GARCH,-7.7381,1.13261e-07
2020-01-14,M4 raw intraday GARCH,-7.80465,9.22881e-08
2020-01-15,M4 raw intraday GARCH,-7.88673,4.29077e-07
2020-01-16,M4 raw intraday GARCH,-7.74437,4.68262e-07
2020-01-17,M4 raw intraday GARCH,-8.0516,9.01137e-08
2020-01-20,M4 raw intraday GARCH,-8.10646,5.11149e-08
2020-01-21,M4 raw intraday GARCH,-7.76623,1.14981e-07
2020-01-22,M4 raw intraday GARCH,-7.81309,3.94478e-07
2020-01-23,M4 raw intraday GARCH,-6.76194,4.86206e-06
2020-01-24,M4 raw intraday GARCH,-7.87347,1.23384e-07
2020-01-27,M4 raw intraday GARCH,-7.73206,2.69361e-07
2020-01-28,M4 raw intraday GARCH,-8.05007,7.09757e-08
2020-01-29,M4 raw intraday GARCH,-7.73875,2.28087e-07
2020-01-30,M4 raw intraday GARCH,-7.78909,1.24223e-07
2020-01-31,M4 raw intraday GARCH,-7.60075,9.76249e-07
2020-02-03,M4 raw intraday GARCH,-7.56384,1.26644e-07
2020-02-04,M4 raw intraday GARCH,-7.76625,1.6635e-07
2020-02-05,M4 raw intraday GARCH,-7.89564,1.98064e-07
2020-02-06,M4 raw intraday GARCH,-7.71102,6.99898e-07
2020-02-07,M4 raw intraday GARCH,-7.51848,1.16346e-06
2020-02-10,M4 raw intraday GARCH,-7.90369,1.31898e-07
2020-02-11,M4 raw intraday GARCH,-7.68297,2.07714e-07
2020-02-12,M4 raw intraday GARCH,-7.44464,5.88466e-07
2020-02-13,M4 raw intraday GARCH,-7.65017,6.69356e-07
2020-02-14,M4 raw intraday GARCH,-7.48809,4.99496e-07
2020-02-17,M4 raw intraday GARCH,-8.21729,3.6525e-08
2020-02-18,M4 raw intraday GARCH,-7.22466,1.95925e-06
2020-02-19,M4 raw intraday GARCH,-7.56661,1.7359e-07
2020-02-20,M4 raw intraday GARCH,-7.03912,7.08271e-07
2020-02-21,M4 raw intraday GARCH,-6.99475,1.96911e-05
2020-02-24,M4 raw intraday GARCH,-6.68971,2.18473e-06
2020-02-25,M4 raw intraday GARCH,-6.79344,1.18622e-06
2020-02-26,M4 raw intraday GARCH,-6.64954,1.78945e-06
2020-02-27,M4 raw intraday GARCH,-6.29107,3.16177e-06
2020-02-28,M4 raw intraday GARCH,-5.6696,1.72265e-05
2020-03-02,M4 raw intraday GARCH,-5.43718,1.28632e-05
2020-03-03,M4 raw intraday GARCH,-5.00914,0.000215525
2020-03-04,M4 raw intraday GARCH,-6.06528,4.71631e-06
2020-03-05,M4 raw intraday GARCH,-6.44472,2.21367e-06
2020-03-06,M4 raw intraday GARCH,-5.41392,1.06999e-05
2020-03-09,M4 raw intraday GARCH,-3.92124,0.000563113
2020-03-10,M4 raw intraday GARCH,-4.80715,2.72542e-05
2020-03-11,M4 raw intraday GARCH,-5.37546,1.23294e-05
2020-03-12,M4 raw intraday GARCH,-4.36134,0.000609924
2020-03-13,M4 raw intraday GARCH,-4.36963,0.000164585
2020-03-16,M4 raw intraday GARCH,-4.09307,0.00014371
2020-03-17,M4 raw intraday GARCH,-5.03275,2.95286e-05
2020-03-18,M4 raw intraday GARCH,-4.72868,5.47826e-05
2020-03-19,M4 raw intraday GARCH,-3.50651,0.000409177
2020-03-20,M4 raw intraday GARCH,-4.17522,0.000126821
2020-03-24,M4 raw intraday GARCH,-4.30476,0.000182426
2020-03-25,M4 raw intraday GARCH,-4.92459,6.42356e-05
2020-03-26,M4 raw intraday GARCH,-4.88937,4.25053e-05
2020-03-27,M4 raw intraday GARCH,-4.98903,1.82921e-05
2020-03-31,M4 raw intraday GARCH,-4.64766,0.000104459
2020-04-01,M4 raw intraday GARCH,-5.46321,7.99422e-06
2020-04-02,M4 raw intraday GARCH,-5.29632,1.82231e-05
2020-04-03,M4 raw intraday GARCH,-5.74918,8.64868e-06
2020-04-06,M4 raw intraday GARCH,-5.85906,8.07584e-06
2020-04-07,M4 raw intraday GARCH,-6.03931,3.63988e-06
2020-04-08,M4 raw intraday GARCH,-5.52958,6.15999e-05
2020-04-09,M4 raw intraday GARCH,-5.96647,7.53762e-06
2020-04-10,M4 raw intraday GARCH,-7.16411,4.00665e-07
2020-04-13,M4 raw intraday GARCH,-6.3775,5.4325e-06
2020-04-14,M4 raw intraday GARCH,-6.21717,2.01151e-06
2020-04-15,M4 raw intraday GARCH,-6.33861,4.34078e-06
2020-04-16,M4 raw intraday GARCH,-5.83839,5.03513e-06
2020-04-17,M4 raw intraday GARCH,-5.88997,4.34085e-06
2020-04-21,M4 raw intraday GARCH,-5.9873,2.13381e-05
2020-04-22,M4 raw intraday GARCH,-6.43643,1.27678e-06
2020-04-23,M4 raw intraday GARCH,-5.83339,2.80598e-05
2020-04-24,M4 raw intraday GARCH,-5.98074,8.97896e-06
2020-04-27,M4 raw intraday GARCH,-6.26701,1.58279e-06
2020-04-28,M4 raw intraday GARCH,-6.35176,4.15152e-06
2020-04-29,M4 raw intraday GARCH,-6.30148,3.06205e-06
2020-04-30,M4 raw intraday GARCH,-5.97494,4.59573e-05
2020-05-01,M4 raw intraday GARCH,-6.46337,5.88577e-06
2020-05-04,M4 raw intraday GARCH,-6.33824,4.19825e-06
2020-05-05,M4 raw intraday GARCH,-6.31941,7.29198e-06
2020-05-06,M4 raw intraday GARCH,-6.42951,2.37133e-06
2020-05-07,M4 raw intraday GARCH,-6.41732,2.4145e-06
2020-05-08,M4 raw intraday GARCH,-6.60255,4.80079e-06
2020-05-11,M4 raw intraday GARCH,-6.55888,1.53321e-06
2020-05-12,M4 raw intraday GARCH,-6.48136,6.66262e-06
2020-05-13,M4 raw intraday GARCH,-6.52106,3.4246e-06
2020-05-14,M4 raw intraday GARCH,-6.41274,4.27968e-06
2020-05-15,M4 raw intraday GARCH,-6.84754,2.92121e-06
2020-05-18,M4 raw intraday GARCH,-6.48708,9.78876e-06
2020-05-19,M4 raw intraday GARCH,-6.42823,1.58648e-06
2020-05-20,M4 raw intraday GARCH,-6.85779,1.21218e-06
2020-05-21,M4 raw intraday GARCH,-6.47508,3.13496e-06
2020-05-22,M4 raw intraday GARCH,-6.83758,6.82181e-07
2020-05-25,M4 raw intraday GARCH,-7.55424,3.02305e-07
2020-05-26,M4 raw intraday GARCH,-6.67094,1.65364e-06
2020-05-27,M4 raw intraday GARCH,-6.02015,2.62305e-05
2020-05-28,M4 raw intraday GARCH,-6.19147,2.71253e-06
2020-05-29,M4 raw intraday GARCH,-5.98541,7.73169e-06
2020-06-01,M4 raw intraday GARCH,-6.34725,1.91045e-06
2020-06-02,M4 raw intraday GARCH,-6.33634,4.16533e-06
2020-06-03,M4 raw intraday GARCH,-6.09415,3.07587e-06
2020-06-04,M4 raw intraday GARCH,-5.72893,5.97011e-05
2020-06-05,M4 raw intraday GARCH,-5.71791,3.48592e-05
2020-06-08,M4 raw intraday GARCH,-6.26314,2.32035e-06
2020-06-09,M4 raw intraday GARCH,-6.37257,4.56398e-06
2020-06-10,M4 raw intraday GARCH,-6.08392,1.94969e-05
2020-06-11,M4 raw intraday GARCH,-5.52061,7.74764e-06
2020-06-12,M4 raw intraday GARCH,-5.72263,6.56666e-06
2020-06-15,M4 raw intraday GARCH,-5.77403,7.83273e-06
2020-06-16,M4 raw intraday GARCH,-5.89263,8.88309e-06
2020-06-17,M4 raw intraday GARCH,-5.98183,1.15003e-05
2020-06-18,M4 raw intraday GARCH,-6.1502,5.44308e-06
2020-06-19,M4 raw intraday GARCH,-6.49794,2.48145e-05
2020-06-22,M4 raw intraday GARCH,-6.6135,2.45619e-06
2020-06-23,M4 raw intraday GARCH,-6.23217,3.27126e-06
2020-06-24,M4 raw intraday GARCH,-6.33308,3.76249e-06
2020-06-25,M4 raw intraday GARCH,-6.58878,1.53579e-06
2020-06-26,M4 raw intraday GARCH,-6.8144,9.1602e-07
2020-06-29,M4 raw intraday GARCH,-6.62994,1.10622e-06
2020-06-30,M4 raw intraday GARCH,-6.39359,1.81874e-06
2020-07-01,M4 raw intraday GARCH,-6.83222,1.18997e-06
2020-07-02,M4 raw intraday GARCH,-6.63242,6.0541e-06
2020-07-03,M4 raw intraday GARCH,-7.12123,7.12814e-07
2020-07-06,M4 raw intraday GARCH,-6.42458,2.18369e-06
2020-07-07,M4 raw intraday GARCH,-6.60053,2.36623e-06
2020-07-08,M4 raw intraday GARCH,-6.84591,1.12932e-06
2020-07-09,M4 raw intraday GARCH,-6.27088,7.01981e-06
2020-07-10,M4 raw intraday GARCH,-6.88125,1.03379e-06
2020-07-13,M4 raw intraday GARCH,-6.55561,9.56907e-07
2020-07-14,M4 raw intraday GARCH,-6.75928,1.35432e-06
2020-07-15,M4 raw intraday GARCH,-6.63419,3.40435e-06
2020-07-16,M4 raw intraday GARCH,-6.56125,2.67589e-06
2020-07-17,M4 raw intraday GARCH,-6.71472,9.56842e-07
2020-07-20,M4 raw intraday GARCH,-5.96786,5.17608e-06
2020-07-21,M4 raw intraday GARCH,-5.84141,8.63458e-06
2020-07-22,M4 raw intraday GARCH,-6.17907,4.50305e-06
2020-07-23,M4 raw intraday GARCH,-6.39299,1.89012e-06
2020-07-24,M4 raw intraday GARCH,-6.33978,1.9991e-06
2020-07-27,M4 raw intraday GARCH,-5.84578,7.64687e-06
2020-07-28,M4 raw intraday GARCH,-6.17187,2.29074e-06
2020-07-29,M4 raw intraday GARCH,-6.25419,7.2426e-06
2020-07-30,M4 raw intraday GARCH,-6.1109,7.0105e-06
2020-07-31,M4 raw intraday GARCH,-5.50106,1.07453e-05
2020-08-03,M4 raw intraday GARCH,-6.07614,3.94112e-06
2020-08-04,M4 raw intraday GARCH,-6.33893,2.6603e-06
2020-08-05,M4 raw intraday GARCH,-6.31661,3.3196e-06
2020-08-06,M4 raw intraday GARCH,-5.96524,1.01924e-05
2020-08-07,M4 raw intraday GARCH,-5.98392,1.12572e-05
2020-08-10,M4 raw intraday GARCH,-6.67562,1.39319e-06
2020-08-11,M4 raw intraday GARCH,-6.22231,4.10667e-06
2020-08-12,M4 raw intraday GARCH,-6.18039,4.06172e-06
2020-08-13,M4 raw intraday GARCH,-6.37095,2.76425e-06
2020-08-14,M4 raw intraday GARCH,-6.52055,2.25035e-06
2020-08-17,M4 raw intraday GARCH,-6.54726,1.48161e-06
2020-08-18,M4 raw intraday GARCH,-6.16136,8.47517e-06
2020-08-19,M4 raw intraday GARCH,-5.91241,3.82919e-05
2020-08-20,M4 raw intraday GARCH,-6.15091,2.90835e-06
2020-08-21,M4 raw intraday GARCH,-6.40309,6.96018e-06
2020-08-24,M4 raw intraday GARCH,-6.57263,9.26779e-07
2020-08-25,M4 raw intraday GARCH,-6.62495,1.37635e-06
2020-08-26,M4 raw intraday GARCH,-6.78355,1.03146e-06
2020-08-27,M4 raw intraday GARCH,-6.12883,4.00654e-05
2020-08-28,M4 raw intraday GARCH,-6.07873,5.26333e-06
2020-08-31,M4 raw intraday GARCH,-6.37926,1.52946e-06
2020-09-01,M4 raw intraday GARCH,-5.82822,2.91172e-05
2020-09-02,M4 raw intraday GARCH,-6.17786,3.29791e-06
2020-09-03,M4 raw intraday GARCH,-6.1155,3.6366e-06
2020-09-04,M4 raw intraday GARCH,-6.27705,1.31353e-05
2020-09-07,M4 raw intraday GARCH,-7.44744,3.12063e-07
2020-09-08,M4 raw intraday GARCH,-6.34863,2.72978e-06
2020-09-09,M4 raw intraday GARCH,-6.4885,5.98894e-06
2020-09-10,M4 raw intraday GARCH,-6.13756,3.28902e-05
2020-09-11,M4 raw intraday GARCH,-6.74195,1.00922e-06
2020-09-14,M4 raw intraday GARCH,-7.13019,4.87335e-07
2020-09-15,M4 raw intraday GARCH,-6.80062,1.10574e-06
2020-09-16,M4 raw intraday GARCH,-6.37041,1.33371e-05
2020-09-17,M4 raw intraday GARCH,-5.97564,4.93525e-06
2020-09-18,M4 raw intraday GARCH,-6.78345,5.39016e-07
2020-09-21,M4 raw intraday GARCH,-6.37567,3.06134e-06
2020-09-22,M4 raw intraday GARCH,-6.30606,2.68143e-06
2020-09-23,M4 raw intraday GARCH,-6.24593,3.40121e-06
2020-09-24,M4 raw intraday GARCH,-6.19673,2.38977e-06
2020-09-25,M4 raw intraday GARCH,-6.629,1.11689e-06
2020-09-28,M4 raw intraday GARCH,-6.56226,8.45765e-07
2020-09-29,M4 raw intraday GARCH,-6.56176,3.77329e-06
2020-09-30,M4 raw intraday GARCH,-6.35162,2.17223e-06
2020-10-01,M4 raw intraday GARCH,-6.57016,2.97596e-06
2020-10-02,M4 raw intraday GARCH,-6.73347,1.10076e-06
2020-10-05,M4 raw intraday GARCH,-6.99443,9.68422e-07
2020-10-06,M4 raw intraday GARCH,-6.45322,1.64125e-05
2020-10-07,M4 raw intraday GARCH,-6.8529,6.34382e-07
2020-10-08,M4 raw intraday GARCH,-7.21849,5.77585e-07
2020-10-09,M4 raw intraday GARCH,-7.03705,2.91655e-06
2020-10-12,M4 raw intraday GARCH,-7.17331,3.69562e-07
2020-10-13,M4 raw intraday GARCH,-6.80295,1.91635e-06
2020-10-14,M4 raw intraday GARCH,-7.11092,5.05183e-07
2020-10-15,M4 raw intraday GARCH,-6.94375,6.18874e-07
2020-10-16,M4 raw intraday GARCH,-7.158,7.10311e-07
2020-10-19,M4 raw intraday GARCH,-6.99854,1.09684e-06
2020-10-20,M4 raw intraday GARCH,-7.15238,6.31709e-07
2020-10-21,M4 raw intraday GARCH,-6.95402,1.11457e-06
2020-10-22,M4 raw intraday GARCH,-7.2013,5.81455e-07
2020-10-23,M4 raw intraday GARCH,-6.91668,9.7526e-07
2020-10-26,M4 raw intraday GARCH,-6.95841,5.71969e-07
2020-10-27,M4 raw intraday GARCH,-7.05192,8.092e-07
2020-10-28,M4 raw intraday GARCH,-6.46279,1.20657e-06
2020-10-29,M4 raw intraday GARCH,-6.66874,1.88425e-06
2020-10-30,M4 raw intraday GARCH,-6.70428,9.82741e-07
2020-11-02,M4 raw intraday GARCH,-7.12032,3.92869e-07
2020-11-03,M4 raw intraday GARCH,-6.71143,1.04099e-06
2020-11-04,M4 raw intraday GARCH,-5.06615,5.60062e-05
2020-11-05,M4 raw intraday GARCH,-5.78533,3.34828e-06
2020-11-06,M4 raw intraday GARCH,-5.76813,1.62701e-05
2020-11-09,M4 raw intraday GARCH,-5.8594,1.13731e-05
2020-11-10,M4 raw intraday GARCH,-5.98563,6.04151e-06
2020-11-11,M4 raw intraday GARCH,-6.77759,1.31129e-06
2020-11-12,M4 raw intraday GARCH,-6.81978,1.20282e-06
2020-11-13,M4 raw intraday GARCH,-7.06803,5.83504e-07
2020-11-16,M4 raw intraday GARCH,-6.85496,1.29753e-06
2020-11-17,M4 raw intraday GARCH,-7.29311,3.82577e-07
2020-11-18,M4 raw intraday GARCH,-7.15584,4.16772e-07
2020-11-19,M4 raw intraday GARCH,-7.02462,5.13837e-07
2020-11-20,M4 raw intraday GARCH,-7.2967,4.91961e-07
2020-11-23,M4 raw intraday GARCH,-6.77964,5.93495e-06
2020-11-24,M4 raw intraday GARCH,-6.59353,3.67301e-06
2020-11-25,M4 raw intraday GARCH,-6.62316,1.92806e-06
2020-11-26,M4 raw intraday GARCH,-7.36173,4.2898e-07
2020-11-27,M4 raw intraday GARCH,-7.45972,1.90204e-07
2020-12-02,M4 raw intraday GARCH,-6.44844,2.69994e-06
2020-12-03,M4 raw intraday GARCH,-6.73001,1.93638e-06
2020-12-04,M4 raw intraday GARCH,-6.6188,1.8869e-06
2020-12-07,M4 raw intraday GARCH,-6.85677,1.78094e-06
2020-12-08,M4 raw intraday GARCH,-7.01825,8.73935e-07
2020-12-09,M4 raw intraday GARCH,-6.85355,7.51853e-07
2020-12-10,M4 raw intraday GARCH,-6.45789,7.12327e-06
2020-12-11,M4 raw intraday GARCH,-6.84,9.6353e-07
2020-12-14,M4 raw intraday GARCH,-6.87826,1.0924e-06
2020-12-15,M4 raw intraday GARCH,-6.71191,4.68581e-06
2020-12-16,M4 raw intraday GARCH,-6.22355,3.3375e-05
2020-12-17,M4 raw intraday GARCH,-6.35593,2.1586e-06
2020-12-18,M4 raw intraday GARCH,-6.90417,6.52168e-07
2020-12-21,M4 raw intraday GARCH,-5.88904,4.70585e-06
2020-12-22,M4 raw intraday GARCH,-6.51959,2.03672e-06
2020-12-23,M4 raw intraday GARCH,-6.40934,2.3894e-06
2020-12-24,M4 raw intraday GARCH,-7.26406,3.29243e-07
2020-12-29,M4 raw intraday GARCH,-6.58802,1.33784e-06
2020-12-30,M4 raw intraday GARCH,-6.58301,1.97769e-06
2020-12-31,M4 raw intraday GARCH,-6.3116,2.01724e-06
2021-01-04,M0 flat,-6.25641,1.09538e-06
2021-01-05,M0 flat,-6.73984,4.44374e-07
2021-01-06,M0 flat,-5.29318,6.16176e-06
2021-01-07,M0 flat,-6.23348,1.70291e-06
2021-01-08,M0 flat,-4.88311,1.02253e-05
2021-01-11,M0 flat,-6.09486,2.08214e-06
2021-01-12,M0 flat,-6.31028,1.41447e-06
2021-01-13,M0 flat,-6.22334,2.62642e-06
2021-01-14,M0 flat,-6.17901,2.34822e-06
2021-01-15,M0 flat,-6.59631,8.76223e-07
2021-01-18,M0 flat,-6.9962,2.74752e-07
2021-01-19,M0 flat,-6.7843,8.00659e-07
2021-01-20,M0 flat,-6.45304,3.30228e-06
2021-01-21,M0 flat,-6.52755,1.39011e-06
2021-01-22,M0 flat,-6.70969,1.06806e-06
2021-01-25,M0 flat,-6.74553,1.16855e-06
2021-01-26,M0 flat,-6.76469,8.02187e-07
2021-01-27,M0 flat,-6.15049,5.66296e-06
2021-01-28,M0 flat,-6.29744,1.46196e-06
2021-01-29,M0 flat,-6.32706,1.63769e-06
2021-02-01,M0 flat,-6.53493,1.19625e-06
2021-02-02,M0 flat,-6.39097,2.66778e-06
2021-02-03,M0 flat,-6.77488,7.06207e-07
2021-02-04,M0 flat,-6.79614,6.24563e-07
2021-02-05,M0 flat,-6.69488,2.52693e-06
2021-02-08,M0 flat,-6.77498,5.95983e-07
2021-02-09,M0 flat,-6.84837,6.81248e-07
2021-02-10,M0 flat,-6.89303,5.54704e-07
2021-02-11,M0 flat,-7.04654,4.12078e-07
2021-02-12,M0 flat,-6.97003,3.25795e-07
2021-02-15,M0 flat,-7.20685,2.15262e-07
2021-02-16,M0 flat,-6.74491,1.3235e-06
2021-02-17,M0 flat,-6.71063,7.44326e-07
2021-02-18,M0 flat,-6.98399,4.39297e-07
2021-02-19,M0 flat,-6.90146,3.72957e-07
2021-02-22,M0 flat,-6.65639,7.60358e-07
2021-02-23,M0 flat,-6.94014,3.62812e-07
2021-02-24,M0 flat,-6.38878,2.1016e-06
2021-02-25,M0 flat,-5.83191,6.2832e-06
2021-02-26,M0 flat,-5.24334,5.33319e-06
2021-03-01,M0 flat,-6.56275,7.26457e-07
2021-03-02,M0 flat,-6.44232,2.0112e-06
2021-03-03,M0 flat,-6.44235,3.39086e-06
2021-03-04,M0 flat,-6.3133,2.5116e-06
2021-03-05,M0 flat,-5.87583,1.30378e-05
2021-03-08,M0 flat,-6.6944,5.57442e-07
2021-03-09,M0 flat,-6.58866,9.53837e-07
2021-03-10,M0 flat,-6.40651,5.35537e-06
2021-03-11,M0 flat,-6.16673,5.33655e-06
2021-03-12,M0 flat,-6.6328,7.24096e-07
2021-03-15,M0 flat,-6.65273,8.73956e-07
2021-03-16,M0 flat,-6.73996,8.69586e-07
2021-03-17,M0 flat,-6.30857,1.01345e-05
2021-03-18,M0 flat,-6.44845,1.77949e-06
2021-03-19,M0 flat,-6.85409,5.24148e-07
2021-03-22,M0 flat,-6.66406,1.04739e-06
2021-03-23,M0 flat,-6.68895,1.1873e-06
2021-03-24,M0 flat,-6.65761,7.96604e-07
2021-03-25,M0 flat,-6.6137,9.73871e-07
2021-03-26,M0 flat,-6.85065,5.97679e-07
2021-03-30,M0 flat,-6.85777,4.6779e-07
2021-03-31,M0 flat,-6.70529,7.56486e-07
2021-04-01,M0 flat,-6.72365,8.51517e-07
2021-04-02,M0 flat,-7.01009,7.01227e-07
2021-04-05,M0 flat,-6.94261,8.58604e-07
2021-04-06,M0 flat,-6.82707,7.07669e-07
2021-04-07,M0 flat,-6.61287,9.3348e-07
2021-04-08,M0 flat,-6.81502,9.90009e-07
2021-04-09,M0 flat,-6.86501,7.10652e-07
2021-04-12,M0 flat,-6.87881,4.53892e-07
2021-04-13,M0 flat,-6.73597,1.26716e-06
2021-04-14,M0 flat,-6.95094,3.92683e-07
2021-04-15,M0 flat,-6.77594,1.21403e-06
2021-04-16,M0 flat,-6.93839,4.8938e-07
2021-04-19,M0 flat,-6.57514,2.62188e-06
2021-04-20,M0 flat,-6.82616,5.5793e-07
2021-04-21,M0 flat,-6.85801,6.24147e-07
2021-04-22,M0 flat,-6.69746,1.75609e-06
2021-04-23,M0 flat,-7.04334,3.15734e-07
2021-04-26,M0 flat,-6.77338,8.04114e-07
2021-04-27,M0 flat,-6.99704,4.10408e-07
2021-04-28,M0 flat,-6.48453,4.14876e-06
2021-04-29,M0 flat,-6.95572,4.30045e-07
2021-04-30,M0 flat,-6.58656,7.40742e-06
2021-05-03,M0 flat,-6.84916,2.21822e-06
2021-05-04,M0 flat,-6.62213,8.92174e-06
2021-05-05,M0 flat,-7.08945,3.16178e-07
2021-05-06,M0 flat,-6.93255,5.2212e-07
2021-05-07,M0 flat,-4.89689,0.00021295
2021-05-10,M0 flat,-6.5395,1.14395e-06
2021-05-11,M0 flat,-6.67937,8.51132e-07
2021-05-12,M0 flat,-5.31164,4.06948e-05
2021-05-13,M0 flat,-6.54486,2.1228e-06
2021-05-14,M0 flat,-6.95474,3.47856e-07
2021-05-17,M0 flat,-6.90661,3.49029e-07
2021-05-18,M0 flat,-6.93108,3.87168e-07
2021-05-19,M0 flat,-6.47262,2.6878e-06
2021-05-20,M0 flat,-6.84608,4.45995e-07
2021-05-21,M0 flat,-6.53034,3.0489e-06
2021-05-24,M0 flat,-6.74625,1.36088e-06
2021-05-25,M0 flat,-6.72515,1.30206e-06
2021-05-26,M0 flat,-6.77275,1.36405e-06
2021-05-27,M0 flat,-6.66825,6.71603e-07
2021-05-28,M0 flat,-6.71625,1.14554e-06
2021-06-02,M0 flat,-6.90799,8.16346e-07
2021-06-03,M0 flat,-6.77998,1.61581e-06
2021-06-04,M0 flat,-6.24098,4.27467e-05
2021-06-07,M0 flat,-6.96419,4.38163e-07
2021-06-08,M0 flat,-7.0494,3.93496e-07
2021-06-09,M0 flat,-7.13427,3.26449e-07
2021-06-10,M0 flat,-6.61786,2.18559e-06
2021-06-11,M0 flat,-7.02736,5.01901e-07
2021-06-14,M0 flat,-7.0581,2.96194e-07
2021-06-15,M0 flat,-7.07457,3.5728e-07
2021-06-16,M0 flat,-4.77589,0.000250126
2021-06-17,M0 flat,-6.12605,2.25779e-06
2021-06-18,M0 flat,-6.25994,2.44354e-06
2021-06-21,M0 flat,-6.48948,9.44714e-07
2021-06-22,M0 flat,-6.61271,9.79413e-07
2021-06-23,M0 flat,-6.75258,5.93496e-07
2021-06-24,M0 flat,-6.79051,5.584e-07
2021-06-25,M0 flat,-6.8871,5.69768e-07
2021-06-28,M0 flat,-6.72613,1.00008e-06
2021-06-29,M0 flat,-6.89055,4.22809e-07
2021-06-30,M0 flat,-6.66977,9.62596e-07
2021-07-01,M0 flat,-6.77344,1.00947e-06
2021-07-02,M0 flat,-6.3859,1.15746e-05
2021-07-05,M0 flat,-7.11306,3.45532e-07
2021-07-06,M0 flat,-6.73249,8.33542e-07
2021-07-07,M0 flat,-6.61705,1.61897e-06
2021-07-08,M0 flat,-6.63254,1.21122e-06
2021-07-09,M0 flat,-6.99066,4.72324e-07
2021-07-12,M0 flat,-6.92448,5.92002e-07
2021-07-13,M0 flat,-6.27497,1.44102e-05
2021-07-14,M0 flat,-6.91208,1.36755e-06
2021-07-15,M0 flat,-6.92961,3.88171e-07
2021-07-16,M0 flat,-6.97561,3.71085e-07
2021-07-19,M0 flat,-6.84099,7.71466e-07
2021-07-20,M0 flat,-6.72928,1.17534e-06
2021-07-21,M0 flat,-7.02246,3.66753e-07
2021-07-22,M0 flat,-6.30487,5.31842e-06
2021-07-23,M0 flat,-7.02114,4.52404e-07
2021-07-26,M0 flat,-6.96656,1.06011e-06
2021-07-27,M0 flat,-6.8862,7.85022e-07
2021-07-28,M0 flat,-6.46628,3.00045e-06
2021-07-29,M0 flat,-7.10287,5.82662e-07
2021-07-30,M0 flat,-7.04944,4.34015e-07
2021-08-02,M0 flat,-6.90023,1.92564e-06
2021-08-03,M0 flat,-7.19092,3.15662e-07
2021-08-04,M0 flat,-6.71923,3.96268e-06
2021-08-05,M0 flat,-7.02558,6.38803e-07
2021-08-06,M0 flat,-7.07632,1.28714e-06
2021-08-09,M0 flat,-7.14693,2.26047e-07
2021-08-10,M0 flat,-7.26279,2.53368e-07
2021-08-11,M0 flat,-6.99316,2.60914e-06
2021-08-12,M0 flat,-7.29974,2.31885e-07
2021-08-13,M0 flat,-7.35766,3.58161e-07
2021-08-16,M0 flat,-7.31136,1.60174e-07
2021-08-17,M0 flat,-7.00565,9.71625e-07
2021-08-18,M0 flat,-6.47796,2.48171e-05
2021-08-19,M0 flat,-6.9787,4.2775e-07
2021-08-20,M0 flat,-7.1608,5.95949e-07
2021-08-23,M0 flat,-7.02657,3.9149e-07
2021-08-24,M0 flat,-7.1069,7.01866e-07
2021-08-25,M0 flat,-6.98815,8.81536e-07
2021-08-26,M0 flat,-7.07912,4.53687e-07
2021-08-27,M0 flat,-6.45,5.22272e-06
2021-08-30,M0 flat,-7.39474,2.08804e-07
2021-08-31,M0 flat,-7.06688,1.39535e-06
2021-09-01,M0 flat,-7.13665,7.53402e-07
2021-09-02,M0 flat,-7.39471,1.73272e-07
2021-09-03,M0 flat,-6.23417,1.1499e-05
2021-09-06,M0 flat,-7.59438,1.25595e-07
2021-09-07,M0 flat,-7.08133,4.35043e-07
2021-09-08,M0 flat,-7.24728,2.63742e-07
2021-09-09,M0 flat,-6.71477,3.12082e-06
2021-09-10,M0 flat,-7.33637,3.2521e-07
2021-09-13,M0 flat,-7.34333,1.80979e-07
2021-09-14,M0 flat,-6.77247,1.01466e-05
2021-09-15,M0 flat,-7.08193,5.53104e-07
2021-09-16,M0 flat,-7.11671,3.72018e-07
2021-09-17,M0 flat,-7.22698,3.10894e-07
2021-09-20,M0 flat,-7.31044,1.89633e-07
2021-09-21,M0 flat,-7.09386,5.74741e-07
2021-09-22,M0 flat,-5.25758,2.96875e-05
2021-09-23,M0 flat,-7.01642,4.75719e-07
2021-09-24,M0 flat,-7.21001,3.38949e-07
2021-09-27,M0 flat,-7.16956,3.27112e-07
2021-09-28,M0 flat,-6.79811,7.42469e-07
2021-09-29,M0 flat,-6.73429,8.53292e-07
2021-09-30,M0 flat,-6.63698,9.30264e-07
2021-10-01,M0 flat,-6.80476,2.74886e-06
2021-10-04,M0 flat,-7.12354,4.99798e-07
2021-10-05,M0 flat,-7.09424,1.05031e-06
2021-10-06,M0 flat,-6.89136,6.03729e-07
2021-10-07,M0 flat,-7.27738,2.63222e-07
2021-10-08,M0 flat,-7.12646,4.65758e-07
2021-10-11,M0 flat,-7.37568,1.98283e-07
2021-10-12,M0 flat,-7.25575,2.91996e-07
2021-10-13,M0 flat,-6.98006,1.01785e-06
2021-10-14,M0 flat,-7.29708,1.73569e-07
2021-10-15,M0 flat,-7.28893,2.52831e-07
2021-10-18,M0 flat,-7.13518,2.57698e-07
2021-10-19,M0 flat,-7.10983,2.99795e-07
2021-10-20,M0 flat,-7.32934,1.84956e-07
2021-10-21,M0 flat,-7.28498,2.29292e-07
2021-10-22,M0 flat,-7.20465,5.15371e-07
2021-10-25,M0 flat,-7.17975,3.05859e-07
2021-10-26,M0 flat,-7.29207,3.0691e-07
2021-10-27,M0 flat,-7.0061,5.1294e-07
2021-10-28,M0 flat,-5.74762,1.01567e-05
2021-10-29,M0 flat,-6.30344,4.6948e-06
2021-11-01,M0 flat,-6.91882,1.37196e-06
2021-11-02,M0 flat,-6.99808,4.06511e-07
2021-11-03,M0 flat,-6.48112,4.33097e-06
2021-11-04,M0 flat,-6.95994,5.98005e-07
2021-11-05,M0 flat,-6.64288,2.35803e-06
2021-11-08,M0 flat,-6.88686,6.11786e-07
2021-11-09,M0 flat,-6.75394,8.677e-07
2021-11-10,M0 flat,-6.07139,4.31545e-06
2021-11-11,M0 flat,-6.73911,4.58548e-07
2021-11-12,M0 flat,-6.87747,5.06293e-07
2021-11-15,M0 flat,-6.49914,1.16064e-05
2021-11-16,M0 flat,-6.35187,3.31248e-06
2021-11-17,M0 flat,-6.06022,1.68782e-05
2021-11-18,M0 flat,-6.67969,1.41694e-06
2021-11-19,M0 flat,-5.77413,8.87774e-06
2021-11-22,M0 flat,-5.9698,1.36018e-05
2021-11-23,M0 flat,-6.67354,9.73237e-07
2021-11-24,M0 flat,-6.20166,6.22996e-06
2021-11-25,M0 flat,-7.01173,3.17608e-07
2021-11-26,M0 flat,-5.81021,6.22806e-06
2021-11-29,M0 flat,-6.58481,9.20236e-07
2021-11-30,M0 flat,-5.21907,3.18608e-05
2021-12-01,M0 flat,-6.02925,6.87327e-06
2021-12-02,M0 flat,-6.71079,5.24701e-07
2021-12-03,M0 flat,-6.10004,4.78445e-06
2021-12-06,M0 flat,-6.77645,4.51882e-07
2021-12-07,M0 flat,-6.59148,1.85264e-06
2021-12-08,M0 flat,-6.63224,1.04562e-06
2021-12-09,M0 flat,-6.76445,6.50288e-07
2021-12-10,M0 flat,-5.88727,4.76754e-05
2021-12-14,M0 flat,-6.84298,6.24854e-07
2021-12-15,M0 flat,-6.16393,6.89473e-06
2021-12-16,M0 flat,-6.16117,1.1464e-05
2021-12-17,M0 flat,-6.63693,8.61442e-07
2021-12-20,M0 flat,-6.64229,7.34525e-07
2021-12-21,M0 flat,-6.7851,5.91986e-07
2021-12-22,M0 flat,-6.57565,1.59129e-06
2021-12-23,M0 flat,-6.74866,9.4094e-07
2021-12-24,M0 flat,-6.9261,7.83884e-07
2021-12-28,M0 flat,-6.87007,9.31583e-07
2021-12-29,M0 flat,-6.71839,1.50255e-06
2021-12-30,M0 flat,-6.39442,3.43873e-06
2021-12-31,M0 flat,-6.2153,3.04211e-06
2021-01-04,M1 hist. profile,-6.24486,1.10961e-06
2021-01-05,M1 hist. profile,-6.85933,5.30851e-07
2021-01-06,M1 hist. profile,-5.02178,6.13269e-06
2021-01-07,M1 hist. profile,-6.33611,1.69138e-06
2021-01-08,M1 hist. profile,-5.51408,9.41432e-06
2021-01-11,M1 hist. profile,-5.79489,2.14839e-06
2021-01-12,M1 hist. profile,-6.51858,1.43288e-06
2021-01-13,M1 hist. profile,-6.53581,2.46829e-06
2021-01-14,M1 hist. profile,-6.19909,2.30586e-06
2021-01-15,M1 hist. profile,-6.90034,7.42481e-07
2021-01-18,M1 hist. profile,-7.08986,4.89247e-07
2021-01-19,M1 hist. profile,-7.07155,7.99952e-07
2021-01-20,M1 hist. profile,-6.75852,3.13269e-06
2021-01-21,M1 hist. profile,-6.84778,1.155e-06
2021-01-22,M1 hist. profile,-7.04404,1.07553e-06
2021-01-25,M1 hist. profile,-6.99676,1.17474e-06
2021-01-26,M1 hist. profile,-6.9769,7.96857e-07
2021-01-27,M1 hist. profile,-6.47231,5.41797e-06
2021-01-28,M1 hist. profile,-6.34198,1.48132e-06
2021-01-29,M1 hist. profile,-6.58766,1.50379e-06
2021-02-01,M1 hist. profile,-6.75322,1.22996e-06
2021-02-02,M1 hist. profile,-6.59459,2.68388e-06
2021-02-03,M1 hist. profile,-7.06233,7.22513e-07
2021-02-04,M1 hist. profile,-6.9728,6.98794e-07
2021-02-05,M1 hist. profile,-7.14255,1.75867e-06
2021-02-08,M1 hist. profile,-6.99832,6.31727e-07
2021-02-09,M1 hist. profile,-7.05253,6.84136e-07
2021-02-10,M1 hist. profile,-7.19182,3.64841e-07
2021-02-11,M1 hist. profile,-7.29476,5.48268e-07
2021-02-12,M1 hist. profile,-7.23404,4.15577e-07
2021-02-15,M1 hist. profile,-7.38398,3.89891e-07
2021-02-16,M1 hist. profile,-7.18443,8.83827e-07
2021-02-17,M1 hist. profile,-6.79472,7.4987e-07
2021-02-18,M1 hist. profile,-7.2594,4.92845e-07
2021-02-19,M1 hist. profile,-7.13478,4.76177e-07
2021-02-22,M1 hist. profile,-6.93824,6.53812e-07
2021-02-23,M1 hist. profile,-7.17242,4.26476e-07
2021-02-24,M1 hist. profile,-6.59469,1.9517e-06
2021-02-25,M1 hist. profile,-5.96281,6.22895e-06
2021-02-26,M1 hist. profile,-5.38397,4.98943e-06
2021-03-01,M1 hist. profile,-6.63028,8.28177e-07
2021-03-02,M1 hist. profile,-6.6311,2.02713e-06
2021-03-03,M1 hist. profile,-6.75285,3.38306e-06
2021-03-04,M1 hist. profile,-6.28773,2.63689e-06
2021-03-05,M1 hist. profile,-6.54366,1.05135e-05
2021-03-08,M1 hist. profile,-6.7488,7.79629e-07
2021-03-09,M1 hist. profile,-6.76589,1.0903e-06
2021-03-10,M1 hist. profile,-6.8019,3.83137e-06
2021-03-11,M1 hist. profile,-6.62171,5.02064e-06
2021-03-12,M1 hist. profile,-6.9022,6.61149e-07
2021-03-15,M1 hist. profile,-6.8007,1.03074e-06
2021-03-16,M1 hist. profile,-6.98531,9.61283e-07
2021-03-17,M1 hist. profile,-6.54753,1.00252e-05
2021-03-18,M1 hist. profile,-6.61952,1.85421e-06
2021-03-19,M1 hist. profile,-7.03672,6.93418e-07
2021-03-22,M1 hist. profile,-6.8579,1.16878e-06
2021-03-23,M1 hist. profile,-6.8545,1.37445e-06
2021-03-24,M1 hist. profile,-6.87456,9.45044e-07
2021-03-25,M1 hist. profile,-6.84172,1.06474e-06
2021-03-26,M1 hist. profile,-7.07739,6.34597e-07
2021-03-30,M1 hist. profile,-7.11129,5.92532e-07
2021-03-31,M1 hist. profile,-6.96294,8.45189e-07
2021-04-01,M1 hist. profile,-7.00201,8.6206e-07
2021-04-02,M1 hist. profile,-7.30662,7.55552e-07
2021-04-05,M1 hist. profile,-7.20615,8.75415e-07
2021-04-06,M1 hist. profile,-7.08205,8.08837e-07
2021-04-07,M1 hist. profile,-6.90352,1.00056e-06
2021-04-08,M1 hist. profile,-7.11379,9.92065e-07
2021-04-09,M1 hist. profile,-7.13059,8.08485e-07
2021-04-12,M1 hist. profile,-6.92751,6.71877e-07
2021-04-13,M1 hist. profile,-7.07734,9.99372e-07
2021-04-14,M1 hist. profile,-7.13326,5.38603e-07
2021-04-15,M1 hist. profile,-7.10909,8.98362e-07
2021-04-16,M1 hist. profile,-7.13572,5.77366e-07
2021-04-19,M1 hist. profile,-6.9004,2.61295e-06
2021-04-20,M1 hist. profile,-6.91837,6.3244e-07
2021-04-21,M1 hist. profile,-7.14826,6.60831e-07
2021-04-22,M1 hist. profile,-7.09178,1.67786e-06
2021-04-23,M1 hist. profile,-7.30243,3.90602e-07
2021-04-26,M1 hist. profile,-6.99751,7.98495e-07
2021-04-27,M1 hist. profile,-7.24681,4.64921e-07
2021-04-28,M1 hist. profile,-6.7498,4.18514e-06
2021-04-29,M1 hist. profile,-7.21715,3.55642e-07
2021-04-30,M1 hist. profile,-6.9912,7.27162e-06
2021-05-03,M1 hist. profile,-7.12866,2.24721e-06
2021-05-04,M1 hist. profile,-6.97305,8.92084e-06
2021-05-05,M1 hist. profile,-7.31614,4.77594e-07
2021-05-06,M1 hist. profile,-7.15558,5.79365e-07
2021-05-07,M1 hist. profile,-6.7406,0.000203172
2021-05-10,M1 hist. profile,-6.74466,1.22294e-06
2021-05-11,M1 hist. profile,-6.93475,8.28736e-07
2021-05-12,M1 hist. profile,-6.44605,3.71226e-05
2021-05-13,M1 hist. profile,-6.831,2.11967e-06
2021-05-14,M1 hist. profile,-7.17338,5.05572e-07
2021-05-17,M1 hist. profile,-7.10614,4.8888e-07
2021-05-18,M1 hist. profile,-7.17205,5.24018e-07
2021-05-19,M1 hist. profile,-6.78463,2.6607e-06
2021-05-20,M1 hist. profile,-7.03374,6.35352e-07
2021-05-21,M1 hist. profile,-6.85937,3.07536e-06
2021-05-24,M1 hist. profile,-6.92978,1.55973e-06
2021-05-25,M1 hist. profile,-7.00068,1.38636e-06
2021-05-26,M1 hist. profile,-7.03713,1.44581e-06
2021-05-27,M1 hist. profile,-6.88578,7.63999e-07
2021-05-28,M1 hist. profile,-7.02443,1.1497e-06
2021-06-02,M1 hist. profile,-7.14045,9.73833e-07
2021-06-03,M1 hist. profile,-7.11594,1.62735e-06
2021-06-04,M1 hist. profile,-7.11016,3.804e-05
2021-06-07,M1 hist. profile,-7.23884,5.6493e-07
2021-06-08,M1 hist. profile,-7.30667,5.2855e-07
2021-06-09,M1 hist. profile,-7.40533,4.37833e-07
2021-06-10,M1 hist. profile,-7.0867,2.02702e-06
2021-06-11,M1 hist. profile,-7.31596,5.78659e-07
2021-06-14,M1 hist. profile,-7.24437,4.2659e-07
2021-06-15,M1 hist. profile,-7.35771,4.13535e-07
2021-06-16,M1 hist. profile,-5.83412,0.00024889
2021-06-17,M1 hist. profile,-6.35767,2.31541e-06
2021-06-18,M1 hist. profile,-6.62871,1.52147e-06
2021-06-21,M1 hist. profile,-6.52161,1.17358e-06
2021-06-22,M1 hist. profile,-6.79622,1.23416e-06
2021-06-23,M1 hist. profile,-6.96693,7.38027e-07
2021-06-24,M1 hist. profile,-7.04765,6.01523e-07
2021-06-25,M1 hist. profile,-7.17342,4.37205e-07
2021-06-28,M1 hist. profile,-7.04665,1.02375e-06
2021-06-29,M1 hist. profile,-7.14403,5.27331e-07
2021-06-30,M1 hist. profile,-7.01515,9.27037e-07
2021-07-01,M1 hist. profile,-7.06886,1.07164e-06
2021-07-02,M1 hist. profile,-7.08832,9.2032e-06
2021-07-05,M1 hist. profile,-7.31806,4.92835e-07
2021-07-06,M1 hist. profile,-6.98025,8.42464e-07
2021-07-07,M1 hist. profile,-6.95151,1.4599e-06
2021-07-08,M1 hist. profile,-7.02395,9.34938e-07
2021-07-09,M1 hist. profile,-7.20723,5.6873e-07
2021-07-12,M1 hist. profile,-7.1614,6.77142e-07
2021-07-13,M1 hist. profile,-7.01897,1.21038e-05
2021-07-14,M1 hist. profile,-7.27728,7.74936e-07
2021-07-15,M1 hist. profile,-7.17089,5.2436e-07
2021-07-16,M1 hist. profile,-7.24441,4.65986e-07
2021-07-19,M1 hist. profile,-7.1766,8.00562e-07
2021-07-20,M1 hist. profile,-7.02202,1.17903e-06
2021-07-21,M1 hist. profile,-7.28384,4.43529e-07
2021-07-22,M1 hist. profile,-6.84818,4.94941e-06
2021-07-23,M1 hist. profile,-7.25393,5.36051e-07
2021-07-26,M1 hist. profile,-7.28075,1.07948e-06
2021-07-27,M1 hist. profile,-7.23197,7.5104e-07
2021-07-28,M1 hist. profile,-6.76902,2.93615e-06
2021-07-29,M1 hist. profile,-7.40636,3.57296e-07
2021-07-30,M1 hist. profile,-7.29368,4.59338e-07
2021-08-02,M1 hist. profile,-7.21762,1.90146e-06
2021-08-03,M1 hist. profile,-7.43075,3.56384e-07
2021-08-04,M1 hist. profile,-7.31567,3.53539e-06
2021-08-05,M1 hist. profile,-7.38395,6.17145e-07
2021-08-06,M1 hist. profile,-7.45291,1.1206e-06
2021-08-09,M1 hist. profile,-7.33675,2.86596e-07
2021-08-10,M1 hist. profile,-7.5557,2.77898e-07
2021-08-11,M1 hist. profile,-7.5174,1.88786e-06
2021-08-12,M1 hist. profile,-7.54431,2.55648e-07
2021-08-13,M1 hist. profile,-7.64793,3.83977e-07
2021-08-16,M1 hist. profile,-7.51548,2.2504e-07
2021-08-17,M1 hist. profile,-7.38719,5.90426e-07
2021-08-18,M1 hist. profile,-6.99382,2.45281e-05
2021-08-19,M1 hist. profile,-7.10626,4.67838e-07
2021-08-20,M1 hist. profile,-7.44175,6.31938e-07
2021-08-23,M1 hist. profile,-7.23031,3.34504e-07
2021-08-24,M1 hist. profile,-7.44972,6.82015e-07
2021-08-25,M1 hist. profile,-7.32889,8.61092e-07
2021-08-26,M1 hist. profile,-7.44516,4.03388e-07
2021-08-27,M1 hist. profile,-7.12405,4.84234e-06
2021-08-30,M1 hist. profile,-7.62438,2.73875e-07
2021-08-31,M1 hist. profile,-7.39805,1.31551e-06
2021-09-01,M1 hist. profile,-7.44847,7.59729e-07
2021-09-02,M1 hist. profile,-7.67067,2.01445e-07
2021-09-03,M1 hist. profile,-7.27643,9.99811e-06
2021-09-06,M1 hist. profile,-7.78637,2.05295e-07
2021-09-07,M1 hist. profile,-7.4086,4.18641e-07
2021-09-08,M1 hist. profile,-7.53376,2.88923e-07
2021-09-09,M1 hist. profile,-7.29528,2.96629e-06
2021-09-10,M1 hist. profile,-7.59151,3.16928e-07
2021-09-13,M1 hist. profile,-7.57949,2.05814e-07
2021-09-14,M1 hist. profile,-7.54616,8.92184e-06
2021-09-15,M1 hist. profile,-7.39539,4.61642e-07
2021-09-16,M1 hist. profile,-7.38214,3.8465e-07
2021-09-17,M1 hist. profile,-7.56281,3.07999e-07
2021-09-20,M1 hist. profile,-7.56397,1.95148e-07
2021-09-21,M1 hist. profile,-7.4029,5.52719e-07
2021-09-22,M1 hist. profile,-5.11752,2.97107e-05
2021-09-23,M1 hist. profile,-7.28572,3.24177e-07
2021-09-24,M1 hist. profile,-7.52481,2.95026e-07
2021-09-27,M1 hist. profile,-7.43107,3.11389e-07
2021-09-28,M1 hist. profile,-7.15063,7.05946e-07
2021-09-29,M1 hist. profile,-7.05397,8.0934e-07
2021-09-30,M1 hist. profile,-6.91343,8.84989e-07
2021-10-01,M1 hist. profile,-7.30292,2.45238e-06
2021-10-04,M1 hist. profile,-7.31761,5.30493e-07
2021-10-05,M1 hist. profile,-7.46012,9.72813e-07
2021-10-06,M1 hist. profile,-7.21829,5.54694e-07
2021-10-07,M1 hist. profile,-7.57557,2.45098e-07
2021-10-08,M1 hist. profile,-7.43371,3.68945e-07
2021-10-11,M1 hist. profile,-7.55522,2.45126e-07
2021-10-12,M1 hist. profile,-7.5557,2.41988e-07
2021-10-13,M1 hist. profile,-7.44008,7.01182e-07
2021-10-14,M1 hist. profile,-7.51891,2.19822e-07
2021-10-15,M1 hist. profile,-7.50309,2.8547e-07
2021-10-18,M1 hist. profile,-7.31262,2.64297e-07
2021-10-19,M1 hist. profile,-7.24149,3.44362e-07
2021-10-20,M1 hist. profile,-7.49698,2.26739e-07
2021-10-21,M1 hist. profile,-7.45054,2.40071e-07
2021-10-22,M1 hist. profile,-7.50172,5.27629e-07
2021-10-25,M1 hist. profile,-7.34539,3.37048e-07
2021-10-26,M1 hist. profile,-7.54483,3.05836e-07
2021-10-27,M1 hist. profile,-7.36692,4.97871e-07
2021-10-28,M1 hist. profile,-6.66372,9.80054e-06
2021-10-29,M1 hist. profile,-6.71704,4.50612e-06
2021-11-01,M1 hist. profile,-7.14947,1.43777e-06
2021-11-02,M1 hist. profile,-7.23065,5.12904e-07
2021-11-03,M1 hist. profile,-6.53619,4.42904e-06
2021-11-04,M1 hist. profile,-7.22814,6.54201e-07
2021-11-05,M1 hist. profile,-7.06661,1.55798e-06
2021-11-08,M1 hist. profile,-7.13077,6.53902e-07
2021-11-09,M1 hist. profile,-7.04675,7.60327e-07
2021-11-10,M1 hist. profile,-6.64101,3.57253e-06
2021-11-11,M1 hist. profile,-6.87486,5.49564e-07
2021-11-12,M1 hist. profile,-7.15757,5.32606e-07
2021-11-15,M1 hist. profile,-6.69614,1.17256e-05
2021-11-16,M1 hist. profile,-6.63142,3.11112e-06
2021-11-17,M1 hist. profile,-5.59628,1.71577e-05
2021-11-18,M1 hist. profile,-6.89339,1.50493e-06
2021-11-19,M1 hist. profile,-6.22869,8.65795e-06
2021-11-22,M1 hist. profile,-6.37377,1.31392e-05
2021-11-23,M1 hist. profile,-6.88309,1.14576e-06
2021-11-24,M1 hist. profile,-6.7193,5.75894e-06
2021-11-25,M1 hist. profile,-7.21125,4.56912e-07
2021-11-26,M1 hist. profile,-6.05112,6.11727e-06
2021-11-29,M1 hist. profile,-6.59946,1.13952e-06
2021-11-30,M1 hist. profile,-5.86012,3.07554e-05
2021-12-01,M1 hist. profile,-6.40652,6.62181e-06
2021-12-02,M1 hist. profile,-6.94076,7.21422e-07
2021-12-03,M1 hist. profile,-6.64249,3.56598e-06
2021-12-06,M1 hist. profile,-6.99743,6.00176e-07
2021-12-07,M1 hist. profile,-6.91801,1.79718e-06
2021-12-08,M1 hist. profile,-6.96588,9.99138e-07
2021-12-09,M1 hist. profile,-7.04064,5.96002e-07
2021-12-10,M1 hist. profile,-6.87369,4.22418e-05
2021-12-14,M1 hist. profile,-7.07882,7.22133e-07
2021-12-15,M1 hist. profile,-6.30087,6.8376e-06
2021-12-16,M1 hist. profile,-6.69468,1.08093e-05
2021-12-17,M1 hist. profile,-6.88873,8.94487e-07
2021-12-20,M1 hist. profile,-6.82673,8.47629e-07
2021-12-21,M1 hist. profile,-7.04471,6.53816e-07
2021-12-22,M1 hist. profile,-6.82335,1.64403e-06
2021-12-23,M1 hist. profile,-7.01395,1.0111e-06
2021-12-24,M1 hist. profile,-6.95543,1.0303e-06
2021-12-28,M1 hist. profile,-7.19273,9.73988e-07
2021-12-29,M1 hist. profile,-7.0471,1.45131e-06
2021-12-30,M1 hist. profile,-6.80357,3.10129e-06
2021-12-31,M1 hist. profile,-6.55163,2.90148e-06
2021-01-04,M2 FFF,-6.1649,1.12395e-06
2021-01-05,M2 FFF,-6.85682,5.51207e-07
2021-01-06,M2 FFF,-5.0123,6.05063e-06
2021-01-07,M2 FFF,-6.33094,1.69803e-06
2021-01-08,M2 FFF,-5.4574,9.53587e-06
2021-01-11,M2 FFF,-5.82532,2.12509e-06
2021-01-12,M2 FFF,-6.53989,1.40714e-06
2021-01-13,M2 FFF,-6.52552,2.44479e-06
2021-01-14,M2 FFF,-6.15384,2.28778e-06
2021-01-15,M2 FFF,-6.89799,7.61651e-07
2021-01-18,M2 FFF,-7.08577,5.10977e-07
2021-01-19,M2 FFF,-7.07765,8.26783e-07
2021-01-20,M2 FFF,-6.75013,3.11176e-06
2021-01-21,M2 FFF,-6.84999,1.17919e-06
2021-01-22,M2 FFF,-7.04032,1.09546e-06
2021-01-25,M2 FFF,-6.98108,1.22503e-06
2021-01-26,M2 FFF,-6.97145,8.47662e-07
2021-01-27,M2 FFF,-6.49691,5.35594e-06
2021-01-28,M2 FFF,-6.24584,1.52595e-06
2021-01-29,M2 FFF,-6.61566,1.47159e-06
2021-02-01,M2 FFF,-6.73723,1.25305e-06
2021-02-02,M2 FFF,-6.57737,2.68753e-06
2021-02-03,M2 FFF,-7.0667,7.51052e-07
2021-02-04,M2 FFF,-6.95861,7.25852e-07
2021-02-05,M2 FFF,-7.15229,1.69057e-06
2021-02-08,M2 FFF,-6.96169,7.0295e-07
2021-02-09,M2 FFF,-7.05958,6.84692e-07
2021-02-10,M2 FFF,-7.19983,3.66121e-07
2021-02-11,M2 FFF,-7.31624,5.6168e-07
2021-02-12,M2 FFF,-7.25144,4.15366e-07
2021-02-15,M2 FFF,-7.39739,4.21629e-07
2021-02-16,M2 FFF,-7.18005,9.00326e-07
2021-02-17,M2 FFF,-6.76159,8.10857e-07
2021-02-18,M2 FFF,-7.27533,5.3505e-07
2021-02-19,M2 FFF,-7.14258,5.0245e-07
2021-02-22,M2 FFF,-6.91969,6.73768e-07
2021-02-23,M2 FFF,-7.18252,4.45617e-07
2021-02-24,M2 FFF,-6.58671,2.0288e-06
2021-02-25,M2 FFF,-5.8622,6.27278e-06
2021-02-26,M2 FFF,-5.25207,4.97831e-06
2021-03-01,M2 FFF,-6.62643,8.41273e-07
2021-03-02,M2 FFF,-6.63472,2.06297e-06
2021-03-03,M2 FFF,-6.79033,3.39099e-06
2021-03-04,M2 FFF,-6.21654,2.70193e-06
2021-03-05,M2 FFF,-6.50374,1.03602e-05
2021-03-08,M2 FFF,-6.72373,7.87121e-07
2021-03-09,M2 FFF,-6.76465,1.06233e-06
2021-03-10,M2 FFF,-6.80991,3.66781e-06
2021-03-11,M2 FFF,-6.64683,4.91914e-06
2021-03-12,M2 FFF,-6.88962,6.99606e-07
2021-03-15,M2 FFF,-6.79047,1.04932e-06
2021-03-16,M2 FFF,-6.99021,9.75667e-07
2021-03-17,M2 FFF,-6.41716,1.03179e-05
2021-03-18,M2 FFF,-6.60563,1.84685e-06
2021-03-19,M2 FFF,-7.05057,6.89623e-07
2021-03-22,M2 FFF,-6.82445,1.19604e-06
2021-03-23,M2 FFF,-6.86444,1.37178e-06
2021-03-24,M2 FFF,-6.86787,9.6522e-07
2021-03-25,M2 FFF,-6.81248,1.09791e-06
2021-03-26,M2 FFF,-7.07703,6.63544e-07
2021-03-30,M2 FFF,-7.12946,5.82429e-07
2021-03-31,M2 FFF,-6.96029,9.14868e-07
2021-04-01,M2 FFF,-7.01398,8.95203e-07
2021-04-02,M2 FFF,-7.30596,8.05999e-07
2021-04-05,M2 FFF,-7.13509,9.70876e-07
2021-04-06,M2 FFF,-7.08134,8.57276e-07
2021-04-07,M2 FFF,-6.90707,1.00984e-06
2021-04-08,M2 FFF,-7.13627,1.00214e-06
2021-04-09,M2 FFF,-7.15111,8.39733e-07
2021-04-12,M2 FFF,-6.95247,6.86445e-07
2021-04-13,M2 FFF,-7.0278,1.09471e-06
2021-04-14,M2 FFF,-7.14086,5.38851e-07
2021-04-15,M2 FFF,-7.10899,9.04078e-07
2021-04-16,M2 FFF,-7.15335,5.9146e-07
2021-04-19,M2 FFF,-6.93472,2.59542e-06
2021-04-20,M2 FFF,-6.92473,6.28053e-07
2021-04-21,M2 FFF,-7.15071,6.86421e-07
2021-04-22,M2 FFF,-7.11714,1.65004e-06
2021-04-23,M2 FFF,-7.32725,3.87993e-07
2021-04-26,M2 FFF,-6.97989,8.4545e-07
2021-04-27,M2 FFF,-7.26655,4.64539e-07
2021-04-28,M2 FFF,-6.74708,4.21443e-06
2021-04-29,M2 FFF,-7.21955,3.47748e-07
2021-04-30,M2 FFF,-7.01723,7.26826e-06
2021-05-03,M2 FFF,-7.11825,2.28979e-06
2021-05-04,M2 FFF,-7.00212,8.89452e-06
2021-05-05,M2 FFF,-7.32924,4.91231e-07
2021-05-06,M2 FFF,-7.14746,6.19514e-07
2021-05-07,M2 FFF,-6.75835,0.000201988
2021-05-10,M2 FFF,-6.75509,1.1917e-06
2021-05-11,M2 FFF,-6.94205,8.04057e-07
2021-05-12,M2 FFF,-6.46864,3.67759e-05
2021-05-13,M2 FFF,-6.83629,2.14398e-06
2021-05-14,M2 FFF,-7.19511,4.94923e-07
2021-05-17,M2 FFF,-7.09314,5.01959e-07
2021-05-18,M2 FFF,-7.18179,5.39569e-07
2021-05-19,M2 FFF,-6.74238,2.77512e-06
2021-05-20,M2 FFF,-7.03975,6.71709e-07
2021-05-21,M2 FFF,-6.88235,3.0355e-06
2021-05-24,M2 FFF,-6.95718,1.54671e-06
2021-05-25,M2 FFF,-7.02229,1.38867e-06
2021-05-26,M2 FFF,-7.03016,1.51561e-06
2021-05-27,M2 FFF,-6.89057,7.58947e-07
2021-05-28,M2 FFF,-7.07392,1.10737e-06
2021-06-02,M2 FFF,-7.1559,9.84102e-07
2021-06-03,M2 FFF,-7.12069,1.64038e-06
2021-06-04,M2 FFF,-7.09779,3.76394e-05
2021-06-07,M2 FFF,-7.25334,5.79166e-07
2021-06-08,M2 FFF,-7.317,5.61888e-07
2021-06-09,M2 FFF,-7.43289,4.3992e-07
2021-06-10,M2 FFF,-7.1214,1.98452e-06
2021-06-11,M2 FFF,-7.34537,5.85012e-07
2021-06-14,M2 FFF,-7.23992,4.52013e-07
2021-06-15,M2 FFF,-7.36318,4.29892e-07
2021-06-16,M2 FFF,-4.82905,0.000250327
2021-06-17,M2 FFF,-6.30933,2.3719e-06
2021-06-18,M2 FFF,-6.63315,1.44154e-06
2021-06-21,M2 FFF,-6.47834,1.1879e-06
2021-06-22,M2 FFF,-6.78273,1.26317e-06
2021-06-23,M2 FFF,-6.96553,7.82856e-07
2021-06-24,M2 FFF,-7.04446,6.00137e-07
2021-06-25,M2 FFF,-7.17391,4.54947e-07
2021-06-28,M2 FFF,-7.03866,1.08463e-06
2021-06-29,M2 FFF,-7.15472,5.65363e-07
2021-06-30,M2 FFF,-7.02849,9.5734e-07
2021-07-01,M2 FFF,-7.08168,1.09222e-06
2021-07-02,M2 FFF,-7.10864,8.99623e-06
2021-07-05,M2 FFF,-7.32754,5.34812e-07
2021-07-06,M2 FFF,-6.97394,8.43938e-07
2021-07-07,M2 FFF,-6.81532,1.56461e-06
2021-07-08,M2 FFF,-7.02441,9.33293e-07
2021-07-09,M2 FFF,-7.19428,6.16794e-07
2021-07-12,M2 FFF,-7.18585,6.65038e-07
2021-07-13,M2 FFF,-7.00644,1.18027e-05
2021-07-14,M2 FFF,-7.30432,7.17539e-07
2021-07-15,M2 FFF,-7.17398,5.29928e-07
2021-07-16,M2 FFF,-7.24944,4.90563e-07
2021-07-19,M2 FFF,-7.20524,7.78894e-07
2021-07-20,M2 FFF,-7.05981,1.15797e-06
2021-07-21,M2 FFF,-7.30893,4.53405e-07
2021-07-22,M2 FFF,-6.87802,4.93674e-06
2021-07-23,M2 FFF,-7.29054,5.36602e-07
2021-07-26,M2 FFF,-7.31667,1.06989e-06
2021-07-27,M2 FFF,-7.25417,7.74403e-07
2021-07-28,M2 FFF,-6.71533,3.07366e-06
2021-07-29,M2 FFF,-7.40739,3.42243e-07
2021-07-30,M2 FFF,-7.31311,4.70701e-07
2021-08-02,M2 FFF,-7.21655,1.93606e-06
2021-08-03,M2 FFF,-7.44307,3.58084e-07
2021-08-04,M2 FFF,-7.27687,3.75637e-06
2021-08-05,M2 FFF,-7.40456,6.43228e-07
2021-08-06,M2 FFF,-7.4653,1.13996e-06
2021-08-09,M2 FFF,-7.32373,3.28047e-07
2021-08-10,M2 FFF,-7.57716,3.03544e-07
2021-08-11,M2 FFF,-7.53724,1.7948e-06
2021-08-12,M2 FFF,-7.56389,2.72489e-07
2021-08-13,M2 FFF,-7.6691,3.98934e-07
2021-08-16,M2 FFF,-7.50771,2.3813e-07
2021-08-17,M2 FFF,-7.38324,5.75742e-07
2021-08-18,M2 FFF,-6.64178,2.49259e-05
2021-08-19,M2 FFF,-7.11557,4.9126e-07
2021-08-20,M2 FFF,-7.44825,6.37662e-07
2021-08-23,M2 FFF,-7.19623,3.38405e-07
2021-08-24,M2 FFF,-7.47264,7.01658e-07
2021-08-25,M2 FFF,-7.34777,8.8418e-07
2021-08-26,M2 FFF,-7.4323,4.40158e-07
2021-08-27,M2 FFF,-7.13234,4.90553e-06
2021-08-30,M2 FFF,-7.64229,2.99948e-07
2021-08-31,M2 FFF,-7.37881,1.37942e-06
2021-09-01,M2 FFF,-7.47315,7.76604e-07
2021-09-02,M2 FFF,-7.6792,2.37801e-07
2021-09-03,M2 FFF,-7.25066,9.89694e-06
2021-09-06,M2 FFF,-7.78542,2.3478e-07
2021-09-07,M2 FFF,-7.4179,4.38441e-07
2021-09-08,M2 FFF,-7.55266,3.05098e-07
2021-09-09,M2 FFF,-7.34944,2.94419e-06
2021-09-10,M2 FFF,-7.63329,3.08839e-07
2021-09-13,M2 FFF,-7.57957,2.20397e-07
2021-09-14,M2 FFF,-7.5652,8.69484e-06
2021-09-15,M2 FFF,-7.42161,4.49089e-07
2021-09-16,M2 FFF,-7.38471,3.939e-07
2021-09-17,M2 FFF,-7.59158,3.16418e-07
2021-09-20,M2 FFF,-7.57605,2.17113e-07
2021-09-21,M2 FFF,-7.42452,5.58625e-07
2021-09-22,M2 FFF,-4.95917,2.97634e-05
2021-09-23,M2 FFF,-7.27954,3.06943e-07
2021-09-24,M2 FFF,-7.51567,3.14321e-07
2021-09-27,M2 FFF,-7.44366,3.44883e-07
2021-09-28,M2 FFF,-7.17494,6.98356e-07
2021-09-29,M2 FFF,-7.06054,8.25773e-07
2021-09-30,M2 FFF,-6.90327,9.11324e-07
2021-10-01,M2 FFF,-7.27264,2.6351e-06
2021-10-04,M2 FFF,-7.26089,5.53394e-07
2021-10-05,M2 FFF,-7.46059,1.02817e-06
2021-10-06,M2 FFF,-7.22728,5.87758e-07
2021-10-07,M2 FFF,-7.60442,2.50605e-07
2021-10-08,M2 FFF,-7.42672,3.94377e-07
2021-10-11,M2 FFF,-7.50812,2.66603e-07
2021-10-12,M2 FFF,-7.55472,2.60707e-07
2021-10-13,M2 FFF,-7.45834,6.54232e-07
2021-10-14,M2 FFF,-7.51962,2.3984e-07
2021-10-15,M2 FFF,-7.52117,2.97976e-07
2021-10-18,M2 FFF,-7.33874,2.58308e-07
2021-10-19,M2 FFF,-7.22361,3.43884e-07
2021-10-20,M2 FFF,-7.49524,2.38337e-07
2021-10-21,M2 FFF,-7.45686,2.4346e-07
2021-10-22,M2 FFF,-7.53637,5.33381e-07
2021-10-25,M2 FFF,-7.29093,3.59622e-07
2021-10-26,M2 FFF,-7.54486,3.26981e-07
2021-10-27,M2 FFF,-7.39873,4.93386e-07
2021-10-28,M2 FFF,-6.61738,9.8669e-06
2021-10-29,M2 FFF,-6.65551,4.57106e-06
2021-11-01,M2 FFF,-7.16502,1.45469e-06
2021-11-02,M2 FFF,-7.25085,5.27566e-07
2021-11-03,M2 FFF,-6.48108,4.52189e-06
2021-11-04,M2 FFF,-7.23143,6.76411e-07
2021-11-05,M2 FFF,-7.05571,1.49176e-06
2021-11-08,M2 FFF,-7.13471,6.68067e-07
2021-11-09,M2 FFF,-7.01313,8.59012e-07
2021-11-10,M2 FFF,-6.63167,3.50405e-06
2021-11-11,M2 FFF,-6.86681,5.54238e-07
2021-11-12,M2 FFF,-7.15889,6.07749e-07
2021-11-15,M2 FFF,-6.64227,1.17692e-05
2021-11-16,M2 FFF,-6.6004,3.12039e-06
2021-11-17,M2 FFF,-5.4491,1.71644e-05
2021-11-18,M2 FFF,-6.89402,1.49402e-06
2021-11-19,M2 FFF,-6.30282,8.52543e-06
2021-11-22,M2 FFF,-6.34419,1.31388e-05
2021-11-23,M2 FFF,-6.90846,1.14913e-06
2021-11-24,M2 FFF,-6.71998,5.87551e-06
2021-11-25,M2 FFF,-7.22261,4.71546e-07
2021-11-26,M2 FFF,-6.03438,6.08869e-06
2021-11-29,M2 FFF,-6.57669,1.18801e-06
2021-11-30,M2 FFF,-5.801,3.09216e-05
2021-12-01,M2 FFF,-6.37607,6.69035e-06
2021-12-02,M2 FFF,-6.94311,7.19151e-07
2021-12-03,M2 FFF,-6.60955,3.62194e-06
2021-12-06,M2 FFF,-7.00657,6.12738e-07
2021-12-07,M2 FFF,-6.94497,1.75927e-06
2021-12-08,M2 FFF,-6.97626,1.07166e-06
2021-12-09,M2 FFF,-7.02793,6.81458e-07
2021-12-10,M2 FFF,-6.84604,4.18551e-05
2021-12-14,M2 FFF,-7.08185,7.47365e-07
2021-12-15,M2 FFF,-6.24586,6.95633e-06
2021-12-16,M2 FFF,-6.63905,1.09904e-05
2021-12-17,M2 FFF,-6.8357,9.07336e-07
2021-12-20,M2 FFF,-6.81605,8.65733e-07
2021-12-21,M2 FFF,-7.0528,7.01354e-07
2021-12-22,M2 FFF,-6.81751,1.66467e-06
2021-12-23,M2 FFF,-7.02127,1.01793e-06
2021-12-24,M2 FFF,-6.94609,1.08975e-06
2021-12-28,M2 FFF,-7.21083,9.60543e-07
2021-12-29,M2 FFF,-7.02587,1.52972e-06
2021-12-30,M2 FFF,-6.76732,3.09163e-06
2021-12-31,M2 FFF,-6.51508,2.88426e-06
2021-01-04,M3 FFF+intraday GARCH,-6.29308,1.24199e-06
2021-01-05,M3 FFF+intraday GARCH,-6.865,4.77871e-07
2021-01-06,M3 FFF+intraday GARCH,-5.70266,5.90526e-06
2021-01-07,M3 FFF+intraday GARCH,-6.40239,1.71143e-06
2021-01-08,M3 FFF+intraday GARCH,-5.9817,8.22955e-06
2021-01-11,M3 FFF+intraday GARCH,-6.2653,2.18985e-06
2021-01-12,M3 FFF+intraday GARCH,-6.57737,1.44366e-06
2021-01-13,M3 FFF+intraday GARCH,-6.50742,2.43172e-06
2021-01-14,M3 FFF+intraday GARCH,-6.20051,2.55503e-06
2021-01-15,M3 FFF+intraday GARCH,-6.88867,7.40705e-07
2021-01-18,M3 FFF+intraday GARCH,-7.31157,2.09508e-07
2021-01-19,M3 FFF+intraday GARCH,-7.19662,6.88419e-07
2021-01-20,M3 FFF+intraday GARCH,-6.69212,3.2076e-06
2021-01-21,M3 FFF+intraday GARCH,-6.82606,1.26845e-06
2021-01-22,M3 FFF+intraday GARCH,-7.11235,1.05665e-06
2021-01-25,M3 FFF+intraday GARCH,-6.97021,1.14045e-06
2021-01-26,M3 FFF+intraday GARCH,-6.97758,8.04987e-07
2021-01-27,M3 FFF+intraday GARCH,-6.5652,5.38217e-06
2021-01-28,M3 FFF+intraday GARCH,-6.3778,1.61956e-06
2021-01-29,M3 FFF+intraday GARCH,-6.63245,1.63772e-06
2021-02-01,M3 FFF+intraday GARCH,-6.73655,1.3253e-06
2021-02-02,M3 FFF+intraday GARCH,-6.60002,2.77126e-06
2021-02-03,M3 FFF+intraday GARCH,-7.09204,7.85809e-07
2021-02-04,M3 FFF+intraday GARCH,-7.00309,6.33164e-07
2021-02-05,M3 FFF+intraday GARCH,-7.22252,2.06892e-06
2021-02-08,M3 FFF+intraday GARCH,-7.00191,5.64422e-07
2021-02-09,M3 FFF+intraday GARCH,-7.11189,5.91544e-07
2021-02-10,M3 FFF+intraday GARCH,-7.3701,3.06469e-07
2021-02-11,M3 FFF+intraday GARCH,-7.61371,3.52949e-07
2021-02-12,M3 FFF+intraday GARCH,-7.43282,3.12308e-07
2021-02-15,M3 FFF+intraday GARCH,-7.73993,1.16546e-07
2021-02-16,M3 FFF+intraday GARCH,-7.28223,9.29735e-07
2021-02-17,M3 FFF+intraday GARCH,-6.87659,7.51384e-07
2021-02-18,M3 FFF+intraday GARCH,-7.44059,4.35924e-07
2021-02-19,M3 FFF+intraday GARCH,-7.2018,4.08698e-07
2021-02-22,M3 FFF+intraday GARCH,-6.91881,6.56782e-07
2021-02-23,M3 FFF+intraday GARCH,-7.25943,3.33353e-07
2021-02-24,M3 FFF+intraday GARCH,-6.57439,2.44862e-06
2021-02-25,M3 FFF+intraday GARCH,-6.37127,6.13069e-06
2021-02-26,M3 FFF+intraday GARCH,-5.88963,4.76305e-06
2021-03-01,M3 FFF+intraday GARCH,-6.70574,7.87884e-07
2021-03-02,M3 FFF+intraday GARCH,-6.67968,1.93246e-06
2021-03-03,M3 FFF+intraday GARCH,-6.80695,3.83923e-06
2021-03-04,M3 FFF+intraday GARCH,-6.43295,2.4597e-06
2021-03-05,M3 FFF+intraday GARCH,-6.51086,1.07163e-05
2021-03-08,M3 FFF+intraday GARCH,-6.75728,6.83146e-07
2021-03-09,M3 FFF+intraday GARCH,-6.77711,1.03314e-06
2021-03-10,M3 FFF+intraday GARCH,-6.79882,3.81306e-06
2021-03-11,M3 FFF+intraday GARCH,-6.71898,6.028e-06
2021-03-12,M3 FFF+intraday GARCH,-6.93326,6.32433e-07
2021-03-15,M3 FFF+intraday GARCH,-6.79068,8.85067e-07
2021-03-16,M3 FFF+intraday GARCH,-7.04282,8.47079e-07
2021-03-17,M3 FFF+intraday GARCH,-6.69472,9.30248e-06
2021-03-18,M3 FFF+intraday GARCH,-6.52516,1.94947e-06
2021-03-19,M3 FFF+intraday GARCH,-7.18851,4.52503e-07
2021-03-22,M3 FFF+intraday GARCH,-6.86342,1.08842e-06
2021-03-23,M3 FFF+intraday GARCH,-6.89033,1.22498e-06
2021-03-24,M3 FFF+intraday GARCH,-6.88756,7.44163e-07
2021-03-25,M3 FFF+intraday GARCH,-6.84174,9.33101e-07
2021-03-26,M3 FFF+intraday GARCH,-7.20398,4.475e-07
2021-03-30,M3 FFF+intraday GARCH,-7.35703,3.70583e-07
2021-03-31,M3 FFF+intraday GARCH,-7.06139,7.56672e-07
2021-04-01,M3 FFF+intraday GARCH,-7.09961,7.66329e-07
2021-04-02,M3 FFF+intraday GARCH,-7.79479,5.04518e-07
2021-04-05,M3 FFF+intraday GARCH,-7.10533,7.64383e-07
2021-04-06,M3 FFF+intraday GARCH,-7.26097,6.8527e-07
2021-04-07,M3 FFF+intraday GARCH,-6.97341,9.39065e-07
2021-04-08,M3 FFF+intraday GARCH,-7.28384,9.03575e-07
2021-04-09,M3 FFF+intraday GARCH,-7.35288,9.11405e-07
2021-04-12,M3 FFF+intraday GARCH,-7.04826,4.67714e-07
2021-04-13,M3 FFF+intraday GARCH,-7.0539,1.11798e-06
2021-04-14,M3 FFF+intraday GARCH,-7.2259,4.12397e-07
2021-04-15,M3 FFF+intraday GARCH,-7.15364,1.00503e-06
2021-04-16,M3 FFF+intraday GARCH,-7.27019,4.53358e-07
2021-04-19,M3 FFF+intraday GARCH,-7.02863,2.48632e-06
2021-04-20,M3 FFF+intraday GARCH,-7.04027,5.17802e-07
2021-04-21,M3 FFF+intraday GARCH,-7.23909,6.07626e-07
2021-04-22,M3 FFF+intraday GARCH,-7.18936,1.6703e-06
2021-04-23,M3 FFF+intraday GARCH,-7.44813,3.20724e-07
2021-04-26,M3 FFF+intraday GARCH,-7.01082,7.51791e-07
2021-04-27,M3 FFF+intraday GARCH,-7.32554,3.67097e-07
2021-04-28,M3 FFF+intraday GARCH,-7.04612,3.967e-06
2021-04-29,M3 FFF+intraday GARCH,-7.23403,3.25778e-07
2021-04-30,M3 FFF+intraday GARCH,-7.04559,7.30662e-06
2021-05-03,M3 FFF+intraday GARCH,-7.23036,2.2349e-06
2021-05-04,M3 FFF+intraday GARCH,-7.01704,9.00217e-06
2021-05-05,M3 FFF+intraday GARCH,-7.58338,2.60744e-07
2021-05-06,M3 FFF+intraday GARCH,-7.32196,4.93876e-07
2021-05-07,M3 FFF+intraday GARCH,-6.70437,0.000206838
2021-05-10,M3 FFF+intraday GARCH,-6.70981,1.11736e-06
2021-05-11,M3 FFF+intraday GARCH,-6.95085,7.46924e-07
2021-05-12,M3 FFF+intraday GARCH,-6.67133,3.69032e-05
2021-05-13,M3 FFF+intraday GARCH,-6.83775,2.07139e-06
2021-05-14,M3 FFF+intraday GARCH,-7.43929,2.63341e-07
2021-05-17,M3 FFF+intraday GARCH,-7.288,2.79146e-07
2021-05-18,M3 FFF+intraday GARCH,-7.40094,2.9823e-07
2021-05-19,M3 FFF+intraday GARCH,-6.78049,2.70473e-06
2021-05-20,M3 FFF+intraday GARCH,-7.14845,4.14777e-07
2021-05-21,M3 FFF+intraday GARCH,-6.94311,4.03492e-06
2021-05-24,M3 FFF+intraday GARCH,-7.04798,1.346e-06
2021-05-25,M3 FFF+intraday GARCH,-7.14003,1.30918e-06
2021-05-26,M3 FFF+intraday GARCH,-7.11701,1.3701e-06
2021-05-27,M3 FFF+intraday GARCH,-6.95626,6.32925e-07
2021-05-28,M3 FFF+intraday GARCH,-7.22864,1.23156e-06
2021-06-02,M3 FFF+intraday GARCH,-7.32703,8.84119e-07
2021-06-03,M3 FFF+intraday GARCH,-7.25586,2.09783e-06
2021-06-04,M3 FFF+intraday GARCH,-7.21903,4.03846e-05
2021-06-07,M3 FFF+intraday GARCH,-7.54206,3.93225e-07
2021-06-08,M3 FFF+intraday GARCH,-7.71328,2.92385e-07
2021-06-09,M3 FFF+intraday GARCH,-7.94556,1.946e-07
2021-06-10,M3 FFF+intraday GARCH,-7.41655,2.02027e-06
2021-06-11,M3 FFF+intraday GARCH,-7.58179,4.9772e-07
2021-06-14,M3 FFF+intraday GARCH,-7.48659,1.80451e-07
2021-06-15,M3 FFF+intraday GARCH,-7.62433,2.70038e-07
2021-06-16,M3 FFF+intraday GARCH,-3.52207,0.000253418
2021-06-17,M3 FFF+intraday GARCH,-6.26282,2.33611e-06
2021-06-18,M3 FFF+intraday GARCH,-6.64304,1.27623e-06
2021-06-21,M3 FFF+intraday GARCH,-6.60811,9.66721e-07
2021-06-22,M3 FFF+intraday GARCH,-6.86276,9.60958e-07
2021-06-23,M3 FFF+intraday GARCH,-7.09829,5.24901e-07
2021-06-24,M3 FFF+intraday GARCH,-7.19613,3.82799e-07
2021-06-25,M3 FFF+intraday GARCH,-7.51865,3.01093e-07
2021-06-28,M3 FFF+intraday GARCH,-7.11684,1.0059e-06
2021-06-29,M3 FFF+intraday GARCH,-7.3936,3.70696e-07
2021-06-30,M3 FFF+intraday GARCH,-7.1293,1.09047e-06
2021-07-01,M3 FFF+intraday GARCH,-7.19236,1.00628e-06
2021-07-02,M3 FFF+intraday GARCH,-7.31014,1.01045e-05
2021-07-05,M3 FFF+intraday GARCH,-7.6889,2.68344e-07
2021-07-06,M3 FFF+intraday GARCH,-6.94265,7.78743e-07
2021-07-07,M3 FFF+intraday GARCH,-6.79054,1.56097e-06
2021-07-08,M3 FFF+intraday GARCH,-7.07644,9.86034e-07
2021-07-09,M3 FFF+intraday GARCH,-7.28549,4.35603e-07
2021-07-12,M3 FFF+intraday GARCH,-7.27641,6.58671e-07
2021-07-13,M3 FFF+intraday GARCH,-6.98577,1.2972e-05
2021-07-14,M3 FFF+intraday GARCH,-7.59625,8.20149e-07
2021-07-15,M3 FFF+intraday GARCH,-7.33166,3.3415e-07
2021-07-16,M3 FFF+intraday GARCH,-7.45792,3.0378e-07
2021-07-19,M3 FFF+intraday GARCH,-7.3719,6.66173e-07
2021-07-20,M3 FFF+intraday GARCH,-7.05627,1.25158e-06
2021-07-21,M3 FFF+intraday GARCH,-7.51691,3.31704e-07
2021-07-22,M3 FFF+intraday GARCH,-6.98647,6.12204e-06
2021-07-23,M3 FFF+intraday GARCH,-7.40916,4.29839e-07
2021-07-26,M3 FFF+intraday GARCH,-7.47602,1.00756e-06
2021-07-27,M3 FFF+intraday GARCH,-7.32996,7.40331e-07
2021-07-28,M3 FFF+intraday GARCH,-6.81596,2.92581e-06
2021-07-29,M3 FFF+intraday GARCH,-7.46882,3.92729e-07
2021-07-30,M3 FFF+intraday GARCH,-7.42816,4.46508e-07
2021-08-02,M3 FFF+intraday GARCH,-7.14281,2.02164e-06
2021-08-03,M3 FFF+intraday GARCH,-7.54044,2.83962e-07
2021-08-04,M3 FFF+intraday GARCH,-7.31665,3.81438e-06
2021-08-05,M3 FFF+intraday GARCH,-7.52785,6.82954e-07
2021-08-06,M3 FFF+intraday GARCH,-7.54371,1.19339e-06
2021-08-09,M3 FFF+intraday GARCH,-7.40114,2.17153e-07
2021-08-10,M3 FFF+intraday GARCH,-7.83037,1.90986e-07
2021-08-11,M3 FFF+intraday GARCH,-7.76562,2.20961e-06
2021-08-12,M3 FFF+intraday GARCH,-7.71253,1.91461e-07
2021-08-13,M3 FFF+intraday GARCH,-7.93635,3.08778e-07
2021-08-16,M3 FFF+intraday GARCH,-7.66149,1.07436e-07
2021-08-17,M3 FFF+intraday GARCH,-7.42409,6.78485e-07
2021-08-18,M3 FFF+intraday GARCH,-6.00033,2.53186e-05
2021-08-19,M3 FFF+intraday GARCH,-7.14738,4.2836e-07
2021-08-20,M3 FFF+intraday GARCH,-7.58465,5.702e-07
2021-08-23,M3 FFF+intraday GARCH,-7.20948,3.23337e-07
2021-08-24,M3 FFF+intraday GARCH,-7.62544,6.17139e-07
2021-08-25,M3 FFF+intraday GARCH,-7.3655,8.695e-07
2021-08-26,M3 FFF+intraday GARCH,-7.51495,4.2844e-07
2021-08-27,M3 FFF+intraday GARCH,-7.30301,4.49282e-06
2021-08-30,M3 FFF+intraday GARCH,-7.8671,1.84094e-07
2021-08-31,M3 FFF+intraday GARCH,-7.43322,1.39018e-06
2021-09-01,M3 FFF+intraday GARCH,-7.5118,8.05477e-07
2021-09-02,M3 FFF+intraday GARCH,-7.86562,1.76665e-07
2021-09-03,M3 FFF+intraday GARCH,-7.40885,1.03468e-05
2021-09-06,M3 FFF+intraday GARCH,-8.11855,8.78339e-08
2021-09-07,M3 FFF+intraday GARCH,-7.47048,4.51928e-07
2021-09-08,M3 FFF+intraday GARCH,-7.63458,2.78031e-07
2021-09-09,M3 FFF+intraday GARCH,-7.43572,2.8786e-06
2021-09-10,M3 FFF+intraday GARCH,-7.71658,2.90491e-07
2021-09-13,M3 FFF+intraday GARCH,-7.63028,1.94216e-07
2021-09-14,M3 FFF+intraday GARCH,-7.61058,8.96684e-06
2021-09-15,M3 FFF+intraday GARCH,-7.38872,4.7961e-07
2021-09-16,M3 FFF+intraday GARCH,-7.41759,3.87793e-07
2021-09-17,M3 FFF+intraday GARCH,-7.60725,3.50228e-07
2021-09-20,M3 FFF+intraday GARCH,-7.60739,1.96476e-07
2021-09-21,M3 FFF+intraday GARCH,-7.38976,6.51996e-07
2021-09-22,M3 FFF+intraday GARCH,-6.96753,2.76799e-05
2021-09-23,M3 FFF+intraday GARCH,-7.19366,3.59078e-07
2021-09-24,M3 FFF+intraday GARCH,-7.52385,3.50714e-07
2021-09-27,M3 FFF+intraday GARCH,-7.44779,3.38118e-07
2021-09-28,M3 FFF+intraday GARCH,-7.17722,7.36755e-07
2021-09-29,M3 FFF+intraday GARCH,-7.09396,9.35739e-07
2021-09-30,M3 FFF+intraday GARCH,-6.99844,1.08057e-06
2021-10-01,M3 FFF+intraday GARCH,-7.28782,2.6092e-06
2021-10-04,M3 FFF+intraday GARCH,-7.24155,5.12479e-07
2021-10-05,M3 FFF+intraday GARCH,-7.43228,1.05099e-06
2021-10-06,M3 FFF+intraday GARCH,-7.2257,6.4841e-07
2021-10-07,M3 FFF+intraday GARCH,-7.70608,2.21538e-07
2021-10-08,M3 FFF+intraday GARCH,-7.45746,4.07093e-07
2021-10-11,M3 FFF+intraday GARCH,-7.53855,1.95371e-07
2021-10-12,M3 FFF+intraday GARCH,-7.55399,2.60313e-07
2021-10-13,M3 FFF+intraday GARCH,-7.51481,7.57601e-07
2021-10-14,M3 FFF+intraday GARCH,-7.57319,2.18531e-07
2021-10-15,M3 FFF+intraday GARCH,-7.59167,2.55347e-07
2021-10-18,M3 FFF+intraday GARCH,-7.32453,3.26103e-07
2021-10-19,M3 FFF+intraday GARCH,-7.29933,3.19137e-07
2021-10-20,M3 FFF+intraday GARCH,-7.52845,2.09403e-07
2021-10-21,M3 FFF+intraday GARCH,-7.42115,2.26979e-07
2021-10-22,M3 FFF+intraday GARCH,-7.59766,5.31864e-07
2021-10-25,M3 FFF+intraday GARCH,-7.27729,4.14289e-07
2021-10-26,M3 FFF+intraday GARCH,-7.56806,3.21839e-07
2021-10-27,M3 FFF+intraday GARCH,-7.38499,5.59627e-07
2021-10-28,M3 FFF+intraday GARCH,-6.90851,1.01052e-05
2021-10-29,M3 FFF+intraday GARCH,-6.71093,4.53401e-06
2021-11-01,M3 FFF+intraday GARCH,-7.17044,1.36978e-06
2021-11-02,M3 FFF+intraday GARCH,-7.35808,3.98154e-07
2021-11-03,M3 FFF+intraday GARCH,-7.04911,4.07878e-06
2021-11-04,M3 FFF+intraday GARCH,-7.24197,6.97049e-07
2021-11-05,M3 FFF+intraday GARCH,-7.13351,1.84754e-06
2021-11-08,M3 FFF+intraday GARCH,-7.17441,6.30848e-07
2021-11-09,M3 FFF+intraday GARCH,-7.02789,8.55606e-07
2021-11-10,M3 FFF+intraday GARCH,-6.77704,3.43532e-06
2021-11-11,M3 FFF+intraday GARCH,-6.9033,4.50789e-07
2021-11-12,M3 FFF+intraday GARCH,-7.30238,4.30831e-07
2021-11-15,M3 FFF+intraday GARCH,-6.70437,1.19238e-05
2021-11-16,M3 FFF+intraday GARCH,-6.59647,3.17547e-06
2021-11-17,M3 FFF+intraday GARCH,-5.4055,1.74363e-05
2021-11-18,M3 FFF+intraday GARCH,-6.9485,1.44032e-06
2021-11-19,M3 FFF+intraday GARCH,-6.43057,9.55031e-06
2021-11-22,M3 FFF+intraday GARCH,-6.34406,1.32374e-05
2021-11-23,M3 FFF+intraday GARCH,-7.04172,1.12441e-06
2021-11-24,M3 FFF+intraday GARCH,-6.78726,5.84878e-06
2021-11-25,M3 FFF+intraday GARCH,-7.60799,1.28876e-07
2021-11-26,M3 FFF+intraday GARCH,-6.24721,5.88183e-06
2021-11-29,M3 FFF+intraday GARCH,-6.67933,9.84019e-07
2021-11-30,M3 FFF+intraday GARCH,-6.24146,2.61446e-05
2021-12-01,M3 FFF+intraday GARCH,-6.36789,6.58692e-06
2021-12-02,M3 FFF+intraday GARCH,-7.03559,5.8828e-07
2021-12-03,M3 FFF+intraday GARCH,-6.65284,3.51016e-06
2021-12-06,M3 FFF+intraday GARCH,-7.09334,5.02573e-07
2021-12-07,M3 FFF+intraday GARCH,-7.12485,1.89776e-06
2021-12-08,M3 FFF+intraday GARCH,-7.10837,1.44998e-06
2021-12-09,M3 FFF+intraday GARCH,-7.13941,5.58932e-07
2021-12-10,M3 FFF+intraday GARCH,-6.94543,4.41134e-05
2021-12-14,M3 FFF+intraday GARCH,-7.20763,5.40342e-07
2021-12-15,M3 FFF+intraday GARCH,-6.74932,5.95544e-06
2021-12-16,M3 FFF+intraday GARCH,-6.67477,1.27272e-05
2021-12-17,M3 FFF+intraday GARCH,-6.82306,8.80938e-07
2021-12-20,M3 FFF+intraday GARCH,-6.79662,7.16836e-07
2021-12-21,M3 FFF+intraday GARCH,-7.2181,5.15802e-07
2021-12-22,M3 FFF+intraday GARCH,-6.83633,1.56446e-06
2021-12-23,M3 FFF+intraday GARCH,-7.1834,8.82475e-07
2021-12-24,M3 FFF+intraday GARCH,-7.417,6.62927e-07
2021-12-28,M3 FFF+intraday GARCH,-7.39113,7.92396e-07
2021-12-29,M3 FFF+intraday GARCH,-7.08813,1.58104e-06
2021-12-30,M3 FFF+intraday GARCH,-6.75698,3.21938e-06
2021-12-31,M3 FFF+intraday GARCH,-6.51381,2.8831e-06
2021-01-04,M4 raw intraday GARCH,-6.25321,1.12401e-06
2021-01-05,M4 raw intraday GARCH,-6.83566,4.33497e-07
2021-01-06,M4 raw intraday GARCH,-5.6667,5.97098e-06
2021-01-07,M4 raw intraday GARCH,-6.31938,1.74493e-06
2021-01-08,M4 raw intraday GARCH,-5.94654,8.56895e-06
2021-01-11,M4 raw intraday GARCH,-6.24993,2.03931e-06
2021-01-12,M4 raw intraday GARCH,-6.55665,1.27483e-06
2021-01-13,M4 raw intraday GARCH,-6.48713,2.52958e-06
2021-01-14,M4 raw intraday GARCH,-6.15109,2.37445e-06
2021-01-15,M4 raw intraday GARCH,-6.84736,7.75438e-07
2021-01-18,M4 raw intraday GARCH,-7.31214,1.73815e-07
2021-01-19,M4 raw intraday GARCH,-7.15154,7.20126e-07
2021-01-20,M4 raw intraday GARCH,-6.64981,3.35453e-06
2021-01-21,M4 raw intraday GARCH,-6.74921,1.33979e-06
2021-01-22,M4 raw intraday GARCH,-7.05071,1.00385e-06
2021-01-25,M4 raw intraday GARCH,-6.88431,1.16692e-06
2021-01-26,M4 raw intraday GARCH,-6.94522,8.02323e-07
2021-01-27,M4 raw intraday GARCH,-6.55514,5.66988e-06
2021-01-28,M4 raw intraday GARCH,-6.38929,1.4916e-06
2021-01-29,M4 raw intraday GARCH,-6.58612,1.57578e-06
2021-02-01,M4 raw intraday GARCH,-6.71101,1.20199e-06
2021-02-02,M4 raw intraday GARCH,-6.60012,2.68934e-06
2021-02-03,M4 raw intraday GARCH,-7.07085,6.50883e-07
2021-02-04,M4 raw intraday GARCH,-6.98769,5.73523e-07
2021-02-05,M4 raw intraday GARCH,-6.99378,2.45766e-06
2021-02-08,M4 raw intraday GARCH,-6.98424,5.51794e-07
2021-02-09,M4 raw intraday GARCH,-7.03814,6.48571e-07
2021-02-10,M4 raw intraday GARCH,-7.26925,4.60821e-07
2021-02-11,M4 raw intraday GARCH,-7.5382,3.09682e-07
2021-02-12,M4 raw intraday GARCH,-7.38376,2.32727e-07
2021-02-15,M4 raw intraday GARCH,-7.7457,8.13717e-08
2021-02-16,M4 raw intraday GARCH,-7.19879,1.2524e-06
2021-02-17,M4 raw intraday GARCH,-6.87663,7.2326e-07
2021-02-18,M4 raw intraday GARCH,-7.37277,3.65781e-07
2021-02-19,M4 raw intraday GARCH,-7.15452,3.21328e-07
2021-02-22,M4 raw intraday GARCH,-6.83714,7.20857e-07
2021-02-23,M4 raw intraday GARCH,-7.21059,3.10725e-07
2021-02-24,M4 raw intraday GARCH,-6.53378,2.09822e-06
2021-02-25,M4 raw intraday GARCH,-6.39031,6.09322e-06
2021-02-26,M4 raw intraday GARCH,-5.90137,4.59381e-06
2021-03-01,M4 raw intraday GARCH,-6.66676,7.36716e-07
2021-03-02,M4 raw intraday GARCH,-6.62644,1.97894e-06
2021-03-03,M4 raw intraday GARCH,-6.68298,3.48898e-06
2021-03-04,M4 raw intraday GARCH,-6.48013,2.46765e-06
2021-03-05,M4 raw intraday GARCH,-6.25412,1.34143e-05
2021-03-08,M4 raw intraday GARCH,-6.73956,5.56662e-07
2021-03-09,M4 raw intraday GARCH,-6.73616,9.48256e-07
2021-03-10,M4 raw intraday GARCH,-6.64002,5.51751e-06
2021-03-11,M4 raw intraday GARCH,-6.67973,5.1873e-06
2021-03-12,M4 raw intraday GARCH,-6.89676,6.5141e-07
2021-03-15,M4 raw intraday GARCH,-6.7651,8.7454e-07
2021-03-16,M4 raw intraday GARCH,-6.99908,8.41703e-07
2021-03-17,M4 raw intraday GARCH,-6.44415,9.76515e-06
2021-03-18,M4 raw intraday GARCH,-6.45537,1.87092e-06
2021-03-19,M4 raw intraday GARCH,-7.15798,4.27862e-07
2021-03-22,M4 raw intraday GARCH,-6.85052,1.04946e-06
2021-03-23,M4 raw intraday GARCH,-6.86767,1.19107e-06
2021-03-24,M4 raw intraday GARCH,-6.87897,7.2871e-07
2021-03-25,M4 raw intraday GARCH,-6.83186,9.2598e-07
2021-03-26,M4 raw intraday GARCH,-7.12045,5.0964e-07
2021-03-30,M4 raw intraday GARCH,-7.31614,3.31649e-07
2021-03-31,M4 raw intraday GARCH,-7.02282,6.93393e-07
2021-04-01,M4 raw intraday GARCH,-7.04891,7.86034e-07
2021-04-02,M4 raw intraday GARCH,-7.78892,5.04282e-07
2021-04-05,M4 raw intraday GARCH,-7.15478,8.04747e-07
2021-04-06,M4 raw intraday GARCH,-7.23212,6.35225e-07
2021-04-07,M4 raw intraday GARCH,-6.88044,8.78255e-07
2021-04-08,M4 raw intraday GARCH,-7.2301,8.9245e-07
2021-04-09,M4 raw intraday GARCH,-7.28393,6.22061e-07
2021-04-12,M4 raw intraday GARCH,-7.02391,4.13781e-07
2021-04-13,M4 raw intraday GARCH,-7.03134,1.20665e-06
2021-04-14,M4 raw intraday GARCH,-7.19595,3.26377e-07
2021-04-15,M4 raw intraday GARCH,-7.06234,1.15755e-06
2021-04-16,M4 raw intraday GARCH,-7.22317,4.40633e-07
2021-04-19,M4 raw intraday GARCH,-6.98326,2.56225e-06
2021-04-20,M4 raw intraday GARCH,-7.04124,5.428e-07
2021-04-21,M4 raw intraday GARCH,-7.18257,5.91569e-07
2021-04-22,M4 raw intraday GARCH,-7.10361,1.67327e-06
2021-04-23,M4 raw intraday GARCH,-7.37529,2.59841e-07
2021-04-26,M4 raw intraday GARCH,-6.9593,7.8153e-07
2021-04-27,M4 raw intraday GARCH,-7.23685,3.68236e-07
2021-04-28,M4 raw intraday GARCH,-6.98031,4.10562e-06
2021-04-29,M4 raw intraday GARCH,-7.18446,3.9675e-07
2021-04-30,M4 raw intraday GARCH,-6.97279,7.80404e-06
2021-05-03,M4 raw intraday GARCH,-7.13781,2.32827e-06
2021-05-04,M4 raw intraday GARCH,-7.00997,9.42963e-06
2021-05-05,M4 raw intraday GARCH,-7.54035,2.02608e-07
2021-05-06,M4 raw intraday GARCH,-7.28107,4.70784e-07
2021-05-07,M4 raw intraday GARCH,-4.85097,0.000229695
2021-05-10,M4 raw intraday GARCH,-6.6149,1.10089e-06
2021-05-11,M4 raw intraday GARCH,-6.88227,8.18625e-07
2021-05-12,M4 raw intraday GARCH,-6.06806,3.71608e-05
2021-05-13,M4 raw intraday GARCH,-6.77682,2.16336e-06
2021-05-14,M4 raw intraday GARCH,-7.37804,2.19567e-07
2021-05-17,M4 raw intraday GARCH,-7.25627,2.28318e-07
2021-05-18,M4 raw intraday GARCH,-7.34832,2.77133e-07
2021-05-19,M4 raw intraday GARCH,-6.69267,2.73391e-06
2021-05-20,M4 raw intraday GARCH,-7.0855,3.67189e-07
2021-05-21,M4 raw intraday GARCH,-6.90394,3.0148e-06
2021-05-24,M4 raw intraday GARCH,-7.04702,1.30034e-06
2021-05-25,M4 raw intraday GARCH,-7.0776,1.29021e-06
2021-05-26,M4 raw intraday GARCH,-7.05235,1.37557e-06
2021-05-27,M4 raw intraday GARCH,-6.91361,6.2595e-07
2021-05-28,M4 raw intraday GARCH,-7.17722,1.05861e-06
2021-06-02,M4 raw intraday GARCH,-7.26997,7.71385e-07
2021-06-03,M4 raw intraday GARCH,-7.21945,1.61816e-06
2021-06-04,M4 raw intraday GARCH,-6.3577,4.51489e-05
2021-06-07,M4 raw intraday GARCH,-7.46626,3.1348e-07
2021-06-08,M4 raw intraday GARCH,-7.6685,2.64094e-07
2021-06-09,M4 raw intraday GARCH,-7.86908,1.71627e-07
2021-06-10,M4 raw intraday GARCH,-7.37919,1.80273e-06
2021-06-11,M4 raw intraday GARCH,-7.50443,4.32212e-07
2021-06-14,M4 raw intraday GARCH,-7.48368,1.79377e-07
2021-06-15,M4 raw intraday GARCH,-7.55465,2.68967e-07
2021-06-16,M4 raw intraday GARCH,-1.69854,0.000267122
2021-06-17,M4 raw intraday GARCH,-6.22352,2.25423e-06
2021-06-18,M4 raw intraday GARCH,-6.58169,2.26188e-06
2021-06-21,M4 raw intraday GARCH,-6.59963,9.10715e-07
2021-06-22,M4 raw intraday GARCH,-6.82584,9.15411e-07
2021-06-23,M4 raw intraday GARCH,-7.0449,4.72274e-07
2021-06-24,M4 raw intraday GARCH,-7.10824,4.38011e-07
2021-06-25,M4 raw intraday GARCH,-7.42346,4.17689e-07
2021-06-28,M4 raw intraday GARCH,-6.94592,9.36314e-07
2021-06-29,M4 raw intraday GARCH,-7.35232,2.82012e-07
2021-06-30,M4 raw intraday GARCH,-7.05803,8.25325e-07
2021-07-01,M4 raw intraday GARCH,-7.1197,9.655e-07
2021-07-02,M4 raw intraday GARCH,-6.74378,1.18451e-05
2021-07-05,M4 raw intraday GARCH,-7.67332,2.16559e-07
2021-07-06,M4 raw intraday GARCH,-6.93295,7.96146e-07
2021-07-07,M4 raw intraday GARCH,-6.75032,1.68731e-06
2021-07-08,M4 raw intraday GARCH,-7.02599,1.09845e-06
2021-07-09,M4 raw intraday GARCH,-7.24956,4.10206e-07
2021-07-12,M4 raw intraday GARCH,-7.24882,5.47794e-07
2021-07-13,M4 raw intraday GARCH,-6.45066,1.53058e-05
2021-07-14,M4 raw intraday GARCH,-7.44339,1.3172e-06
2021-07-15,M4 raw intraday GARCH,-7.30723,2.93383e-07
2021-07-16,M4 raw intraday GARCH,-7.37719,2.7665e-07
2021-07-19,M4 raw intraday GARCH,-7.29318,6.86327e-07
2021-07-20,M4 raw intraday GARCH,-6.92983,1.15915e-06
2021-07-21,M4 raw intraday GARCH,-7.46984,2.99468e-07
2021-07-22,M4 raw intraday GARCH,-6.95143,5.01933e-06
2021-07-23,M4 raw intraday GARCH,-7.33317,3.98881e-07
2021-07-26,M4 raw intraday GARCH,-7.43975,1.03657e-06
2021-07-27,M4 raw intraday GARCH,-7.25244,7.37055e-07
2021-07-28,M4 raw intraday GARCH,-6.623,2.82679e-06
2021-07-29,M4 raw intraday GARCH,-7.38032,5.58797e-07
2021-07-30,M4 raw intraday GARCH,-7.35818,3.96434e-07
2021-08-02,M4 raw intraday GARCH,-6.98805,2.05563e-06
2021-08-03,M4 raw intraday GARCH,-7.52222,2.63133e-07
2021-08-04,M4 raw intraday GARCH,-7.18721,3.98777e-06
2021-08-05,M4 raw intraday GARCH,-7.4672,6.23945e-07
2021-08-06,M4 raw intraday GARCH,-7.51159,1.29573e-06
2021-08-09,M4 raw intraday GARCH,-7.35938,1.95648e-07
2021-08-10,M4 raw intraday GARCH,-7.78296,1.89101e-07
2021-08-11,M4 raw intraday GARCH,-7.35382,2.54871e-06
2021-08-12,M4 raw intraday GARCH,-7.66401,1.72615e-07
2021-08-13,M4 raw intraday GARCH,-7.89487,2.97601e-07
2021-08-16,M4 raw intraday GARCH,-7.63583,1.03122e-07
2021-08-17,M4 raw intraday GARCH,-7.27391,9.48968e-07
2021-08-18,M4 raw intraday GARCH,-5.22343,2.65411e-05
2021-08-19,M4 raw intraday GARCH,-7.09636,4.24979e-07
2021-08-20,M4 raw intraday GARCH,-7.55599,5.70695e-07
2021-08-23,M4 raw intraday GARCH,-7.18053,3.78405e-07
2021-08-24,M4 raw intraday GARCH,-7.55265,6.26972e-07
2021-08-25,M4 raw intraday GARCH,-7.22909,8.98918e-07
2021-08-26,M4 raw intraday GARCH,-7.4766,4.18157e-07
2021-08-27,M4 raw intraday GARCH,-7.24817,4.71873e-06
2021-08-30,M4 raw intraday GARCH,-7.85441,1.53998e-07
2021-08-31,M4 raw intraday GARCH,-7.39724,1.44737e-06
2021-09-01,M4 raw intraday GARCH,-7.37564,7.61101e-07
2021-09-02,M4 raw intraday GARCH,-7.8143,1.27416e-07
2021-09-03,M4 raw intraday GARCH,-7.0773,1.09964e-05
2021-09-06,M4 raw intraday GARCH,-8.17587,6.08043e-08
2021-09-07,M4 raw intraday GARCH,-7.40638,4.23109e-07
2021-09-08,M4 raw intraday GARCH,-7.57248,2.43653e-07
2021-09-09,M4 raw intraday GARCH,-7.35938,2.91935e-06
2021-09-10,M4 raw intraday GARCH,-7.6611,3.10724e-07
2021-09-13,M4 raw intraday GARCH,-7.63464,1.52268e-07
2021-09-14,M4 raw intraday GARCH,-7.08778,1.08416e-05
2021-09-15,M4 raw intraday GARCH,-7.35154,5.37784e-07
2021-09-16,M4 raw intraday GARCH,-7.35406,3.57861e-07
2021-09-17,M4 raw intraday GARCH,-7.55167,2.91322e-07
2021-09-20,M4 raw intraday GARCH,-7.56554,1.65291e-07
2021-09-21,M4 raw intraday GARCH,-7.26722,5.74179e-07
2021-09-22,M4 raw intraday GARCH,-6.97355,2.91697e-05
2021-09-23,M4 raw intraday GARCH,-7.13328,4.97132e-07
2021-09-24,M4 raw intraday GARCH,-7.47964,3.22538e-07
2021-09-27,M4 raw intraday GARCH,-7.34724,3.22114e-07
2021-09-28,M4 raw intraday GARCH,-7.15141,6.87856e-07
2021-09-29,M4 raw intraday GARCH,-7.05348,8.40235e-07
2021-09-30,M4 raw intraday GARCH,-6.98313,9.15023e-07
2021-10-01,M4 raw intraday GARCH,-7.24907,2.66701e-06
2021-10-04,M4 raw intraday GARCH,-7.22453,5.08189e-07
2021-10-05,M4 raw intraday GARCH,-7.33341,1.07602e-06
2021-10-06,M4 raw intraday GARCH,-7.17197,5.91553e-07
2021-10-07,M4 raw intraday GARCH,-7.61278,2.31674e-07
2021-10-08,M4 raw intraday GARCH,-7.41704,4.37223e-07
2021-10-11,M4 raw intraday GARCH,-7.51277,1.83627e-07
2021-10-12,M4 raw intraday GARCH,-7.51272,2.72781e-07
2021-10-13,M4 raw intraday GARCH,-7.34365,9.76129e-07
2021-10-14,M4 raw intraday GARCH,-7.5672,1.41053e-07
2021-10-15,M4 raw intraday GARCH,-7.55689,2.33429e-07
2021-10-18,M4 raw intraday GARCH,-7.27015,2.5038e-07
2021-10-19,M4 raw intraday GARCH,-7.2724,2.96047e-07
2021-10-20,M4 raw intraday GARCH,-7.51515,1.74723e-07
2021-10-21,M4 raw intraday GARCH,-7.35425,2.2924e-07
2021-10-22,M4 raw intraday GARCH,-7.54416,4.81294e-07
2021-10-25,M4 raw intraday GARCH,-7.27779,3.14102e-07
2021-10-26,M4 raw intraday GARCH,-7.48126,3.0728e-07
2021-10-27,M4 raw intraday GARCH,-7.26243,4.83436e-07
2021-10-28,M4 raw intraday GARCH,-6.85148,1.02139e-05
2021-10-29,M4 raw intraday GARCH,-6.67361,4.82627e-06
2021-11-01,M4 raw intraday GARCH,-7.1215,1.4166e-06
2021-11-02,M4 raw intraday GARCH,-7.31141,3.49322e-07
2021-11-03,M4 raw intraday GARCH,-7.00352,4.18134e-06
2021-11-04,M4 raw intraday GARCH,-7.19551,5.75323e-07
2021-11-05,M4 raw intraday GARCH,-6.89727,2.24294e-06
2021-11-08,M4 raw intraday GARCH,-7.11301,5.91113e-07
2021-11-09,M4 raw intraday GARCH,-6.98953,7.96096e-07
2021-11-10,M4 raw intraday GARCH,-6.64757,4.06238e-06
2021-11-11,M4 raw intraday GARCH,-6.87463,4.237e-07
2021-11-12,M4 raw intraday GARCH,-7.26775,4.06228e-07
2021-11-15,M4 raw intraday GARCH,-6.82571,1.24388e-05
2021-11-16,M4 raw intraday GARCH,-6.56803,3.34009e-06
2021-11-17,M4 raw intraday GARCH,-5.73825,1.80774e-05
2021-11-18,M4 raw intraday GARCH,-6.89061,1.39011e-06
2021-11-19,M4 raw intraday GARCH,-6.4315,8.45288e-06
2021-11-22,M4 raw intraday GARCH,-6.24762,1.38158e-05
2021-11-23,M4 raw intraday GARCH,-6.97362,9.18103e-07
2021-11-24,M4 raw intraday GARCH,-6.68966,6.07565e-06
2021-11-25,M4 raw intraday GARCH,-7.57608,1.25903e-07
2021-11-26,M4 raw intraday GARCH,-6.2318,5.85861e-06
2021-11-29,M4 raw intraday GARCH,-6.6593,9.64164e-07
2021-11-30,M4 raw intraday GARCH,-6.25937,2.70363e-05
2021-12-01,M4 raw intraday GARCH,-6.30225,6.73112e-06
2021-12-02,M4 raw intraday GARCH,-7.02466,4.31395e-07
2021-12-03,M4 raw intraday GARCH,-6.60337,4.1909e-06
2021-12-06,M4 raw intraday GARCH,-7.06903,3.69673e-07
2021-12-07,M4 raw intraday GARCH,-7.09316,1.76906e-06
2021-12-08,M4 raw intraday GARCH,-7.07555,9.19688e-07
2021-12-09,M4 raw intraday GARCH,-7.10666,5.50896e-07
2021-12-10,M4 raw intraday GARCH,-6.41761,4.93135e-05
2021-12-14,M4 raw intraday GARCH,-7.13856,5.5861e-07
2021-12-15,M4 raw intraday GARCH,-6.56729,6.23505e-06
2021-12-16,M4 raw intraday GARCH,-6.61943,1.18703e-05
2021-12-17,M4 raw intraday GARCH,-6.81361,8.2217e-07
2021-12-20,M4 raw intraday GARCH,-6.76893,6.9507e-07
2021-12-21,M4 raw intraday GARCH,-7.18417,4.84933e-07
2021-12-22,M4 raw intraday GARCH,-6.81871,1.55107e-06
2021-12-23,M4 raw intraday GARCH,-7.16248,8.47646e-07
2021-12-24,M4 raw intraday GARCH,-7.44227,6.49592e-07
2021-12-28,M4 raw intraday GARCH,-7.38821,8.00494e-07
2021-12-29,M4 raw intraday GARCH,-7.03706,1.51425e-06
2021-12-30,M4 raw intraday GARCH,-6.73887,3.32508e-06
2021-12-31,M4 raw intraday GARCH,-6.57639,2.67358e-06
2022-01-03,M0 flat,-6.3884,1.66513e-06
2022-01-04,M0 flat,-6.63601,6.76709e-07
2022-01-05,M0 flat,-6.50362,3.10817e-06
2022-01-06,M0 flat,-6.33076,3.25521e-06
2022-01-07,M0 flat,-6.67448,2.62114e-06
2022-01-10,M0 flat,-6.66044,1.84454e-06
2022-01-11,M0 flat,-6.79882,6.56468e-07
2022-01-12,M0 flat,-6.59974,5.23266e-06
2022-01-13,M0 flat,-6.52405,1.20119e-06
2022-01-14,M0 flat,-6.63076,2.20352e-06
2022-01-17,M0 flat,-6.87082,5.17272e-07
2022-01-18,M0 flat,-6.50916,1.61446e-06
2022-01-19,M0 flat,-6.81797,3.93998e-07
2022-01-20,M0 flat,-6.72524,8.40563e-07
2022-01-21,M0 flat,-6.84297,5.35911e-07
2022-01-24,M0 flat,-6.64613,1.20481e-06
2022-01-25,M0 flat,-6.87819,5.00697e-07
2022-01-26,M0 flat,-6.58023,4.06477e-06
2022-01-27,M0 flat,-6.24045,4.79466e-06
2022-01-28,M0 flat,-6.26848,3.34788e-06
2022-01-31,M0 flat,-6.45049,1.78729e-06
2022-02-01,M0 flat,-6.34028,1.93006e-06
2022-02-02,M0 flat,-6.69134,8.09991e-07
2022-02-03,M0 flat,-4.77058,5.14117e-05
2022-02-04,M0 flat,-5.68453,1.97064e-05
2022-02-07,M0 flat,-6.36123,2.23312e-06
2022-02-08,M0 flat,-6.48702,1.63416e-06
2022-02-09,M0 flat,-6.65243,5.93255e-07
2022-02-10,M0 flat,-4.77769,0.000112364
2022-02-11,M0 flat,-5.52605,1.75712e-05
2022-02-14,M0 flat,-5.88623,7.94565e-06
2022-02-15,M0 flat,-6.21182,5.55631e-06
2022-02-16,M0 flat,-6.59993,7.13446e-07
2022-02-17,M0 flat,-5.40826,2.57632e-05
2022-02-18,M0 flat,-6.58885,1.82055e-06
2022-02-21,M0 flat,-6.41178,1.684e-06
2022-02-22,M0 flat,-5.98196,2.85133e-06
2022-02-23,M0 flat,-6.62717,1.54626e-06
2022-02-24,M0 flat,-3.1583,2.94454e-05
2022-02-25,M0 flat,-5.35115,8.74739e-06
2022-02-28,M0 flat,-4.53683,2.6447e-05
2022-03-01,M0 flat,-5.50604,6.53632e-06
2022-03-02,M0 flat,-4.62212,4.88841e-05
2022-03-03,M0 flat,-5.91954,6.84947e-06
2022-03-04,M0 flat,-5.11479,1.31842e-05
2022-03-07,M0 flat,-3.69741,5.58719e-05
2022-03-08,M0 flat,-4.20184,9.85783e-05
2022-03-09,M0 flat,-4.97523,3.82641e-05
2022-03-10,M0 flat,-4.34639,0.000294429
2022-03-11,M0 flat,-5.55518,1.55215e-05
2022-03-14,M0 flat,-5.83646,2.65194e-06
2022-03-15,M0 flat,-5.51433,2.22608e-05
2022-03-16,M0 flat,-4.80968,8.21701e-05
2022-03-17,M0 flat,-5.82771,9.99955e-06
2022-03-18,M0 flat,-6.06399,2.88727e-06
2022-03-21,M0 flat,-6.10647,2.71165e-06
2022-03-22,M0 flat,-6.0694,2.33556e-06
2022-03-23,M0 flat,-6.14885,2.16995e-06
2022-03-24,M0 flat,-6.0861,6.978e-06
2022-03-25,M0 flat,-6.14423,2.6201e-06
2022-03-29,M0 flat,-4.46559,9.62261e-05
2022-03-30,M0 flat,-5.90321,5.11789e-06
2022-03-31,M0 flat,-5.6234,1.93611e-05
2022-04-01,M0 flat,-6.013,4.78493e-06
2022-04-04,M0 flat,-6.31022,1.42712e-06
2022-04-05,M0 flat,-6.29471,1.95698e-06
2022-04-06,M0 flat,-6.07035,4.15402e-06
2022-04-07,M0 flat,-6.03602,3.3895e-06
2022-04-08,M0 flat,-6.20304,2.64519e-06
2022-04-11,M0 flat,-6.10761,2.5417e-06
2022-04-12,M0 flat,-6.01509,5.61031e-06
2022-04-13,M0 flat,-6.26735,1.65492e-06
2022-04-14,M0 flat,-4.80409,0.000115985
2022-04-15,M0 flat,-6.65792,1.66257e-06
2022-04-18,M0 flat,-6.42307,8.59858e-07
2022-04-19,M0 flat,-6.17012,2.07509e-06
2022-04-20,M0 flat,-6.02137,4.37217e-06
2022-04-21,M0 flat,-5.80607,8.5394e-06
2022-04-22,M0 flat,-6.02207,3.26593e-06
2022-04-25,M0 flat,-5.49739,2.78265e-05
2022-04-26,M0 flat,-6.05045,3.72139e-06
2022-04-27,M0 flat,-5.46178,8.12809e-06
2022-04-28,M0 flat,-4.53773,4.93176e-05
2022-04-29,M0 flat,-5.42145,7.99659e-06
2022-05-02,M0 flat,-5.7307,6.31484e-06
2022-05-03,M0 flat,-5.75605,6.55293e-06
2022-05-04,M0 flat,-4.26057,0.000147141
2022-05-05,M0 flat,-5.22627,9.15637e-06
2022-05-06,M0 flat,-4.34602,5.93949e-05
2022-05-09,M0 flat,-5.51278,7.51745e-06
2022-05-10,M0 flat,-5.85593,4.10671e-06
2022-05-11,M0 flat,-5.65082,7.91005e-06
2022-05-12,M0 flat,-4.80017,3.27903e-05
2022-05-13,M0 flat,-5.84269,3.98249e-06
2022-05-16,M0 flat,-5.92151,3.2621e-06
2022-05-17,M0 flat,-5.42561,3.55311e-05
2022-05-18,M0 flat,-5.88566,4.50665e-06
2022-05-19,M0 flat,-5.55724,9.32318e-06
2022-05-20,M0 flat,-5.92281,3.0044e-06
2022-05-23,M0 flat,-5.5515,1.28747e-05
2022-05-24,M0 flat,-5.36929,4.87559e-05
2022-05-25,M0 flat,-5.82639,4.03383e-06
2022-05-26,M0 flat,-5.9329,3.63051e-06
2022-05-27,M0 flat,-5.81743,6.00035e-06
2022-05-30,M0 flat,-6.10976,2.00389e-06
2022-05-31,M0 flat,-5.51464,2.39231e-05
2022-06-01,M0 flat,-5.81085,9.57257e-06
2022-06-02,M0 flat,-6.06889,2.92621e-06
2022-06-03,M0 flat,-6.09778,6.40339e-06
2022-06-06,M0 flat,-6.11159,2.35018e-06
2022-06-07,M0 flat,-6.06701,2.94556e-06
2022-06-08,M0 flat,-6.0908,3.07172e-06
2022-06-09,M0 flat,-4.53363,9.81679e-05
2022-06-10,M0 flat,-5.3454,6.69267e-05
2022-06-13,M0 flat,-5.43288,1.08567e-05
2022-06-14,M0 flat,-5.61717,5.4999e-06
2022-06-15,M0 flat,-3.86271,0.000208086
2022-06-16,M0 flat,-4.55288,2.91854e-05
2022-06-17,M0 flat,-5.3111,9.79328e-06
2022-06-20,M0 flat,-5.98441,2.24063e-06
2022-06-21,M0 flat,-5.89272,2.86925e-06
2022-06-22,M0 flat,-5.73834,9.67147e-06
2022-06-23,M0 flat,-5.15673,2.5961e-05
2022-06-24,M0 flat,-5.72062,1.61143e-05
2022-06-27,M0 flat,-6.04683,2.30515e-06
2022-06-28,M0 flat,-5.93172,4.41332e-06
2022-06-29,M0 flat,-5.83632,6.37223e-06
2022-06-30,M0 flat,-5.58185,1.70653e-05
2022-07-01,M0 flat,-5.69742,4.86122e-06
2022-07-04,M0 flat,-6.18541,3.28467e-06
2022-07-05,M0 flat,-5.29699,1.99168e-05
2022-07-06,M0 flat,-5.33201,1.08784e-05
2022-07-07,M0 flat,-5.54949,8.75494e-06
2022-07-08,M0 flat,-4.94716,2.93249e-05
2022-07-11,M0 flat,-5.66286,5.39843e-06
2022-07-12,M0 flat,-5.51252,1.14109e-05
2022-07-13,M0 flat,-3.99572,0.000581365
2022-07-14,M0 flat,-4.84288,6.38158e-05
2022-07-15,M0 flat,-5.41784,3.72748e-05
2022-07-18,M0 flat,-5.67834,8.73868e-06
2022-07-19,M0 flat,-5.04828,2.39592e-05
2022-07-20,M0 flat,-5.23968,3.01875e-05
2022-07-21,M0 flat,-4.2098,0.00019535
2022-07-22,M0 flat,-4.94621,9.40352e-05
2022-07-25,M0 flat,-5.57502,1.97142e-05
2022-07-26,M0 flat,-5.51353,7.43134e-06
2022-07-27,M0 flat,-4.74134,0.000134899
2022-07-28,M0 flat,-4.94314,2.72108e-05
2022-07-29,M0 flat,-5.05737,2.05583e-05
2022-08-01,M0 flat,-5.65374,6.84534e-06
2022-08-02,M0 flat,-5.32654,1.42664e-05
2022-08-03,M0 flat,-5.53569,1.3845e-05
2022-08-04,M0 flat,-5.75835,5.94949e-06
2022-08-05,M0 flat,-5.31979,0.000217038
2022-08-08,M0 flat,-5.96886,3.1079e-06
2022-08-09,M0 flat,-6.15016,3.24124e-06
2022-08-10,M0 flat,-4.64355,0.000521678
2022-08-11,M0 flat,-5.86674,4.12947e-06
2022-08-12,M0 flat,-5.94588,1.05067e-05
2022-08-15,M0 flat,-6.05304,2.20746e-06
2022-08-16,M0 flat,-5.88518,4.51056e-06
2022-08-17,M0 flat,-5.79559,8.57e-06
2022-08-18,M0 flat,-5.9051,3.89314e-06
2022-08-19,M0 flat,-6.05299,2.66333e-06
2022-08-22,M0 flat,-5.89557,5.07338e-06
2022-08-23,M0 flat,-5.24616,4.14043e-05
2022-08-24,M0 flat,-5.52757,3.89581e-05
2022-08-25,M0 flat,-5.48076,1.36728e-05
2022-08-26,M0 flat,-4.37358,0.000210218
2022-08-29,M0 flat,-5.43426,1.35176e-05
2022-08-30,M0 flat,-5.18452,2.21796e-05
2022-08-31,M0 flat,-5.23501,1.67169e-05
2022-09-01,M0 flat,-5.28652,4.81182e-05
2022-09-02,M0 flat,-5.2976,3.77937e-05
2022-09-05,M0 flat,-5.63006,1.04669e-05
2022-09-06,M0 flat,-5.42047,1.16995e-05
2022-09-07,M0 flat,-5.3619,1.16015e-05
2022-09-08,M0 flat,-4.65792,6.03945e-05
2022-09-09,M0 flat,-5.16082,2.22602e-05
2022-09-12,M0 flat,-4.92936,3.42338e-05
2022-09-13,M0 flat,-3.16015,0.00184999
2022-09-14,M0 flat,-5.5834,8.60448e-06
2022-09-15,M0 flat,-5.92268,4.3036e-06
2022-09-16,M0 flat,-5.43676,1.75547e-05
2022-09-19,M0 flat,-5.94557,4.06771e-06
2022-09-20,M0 flat,-5.74504,4.62324e-06
2022-09-21,M0 flat,-3.93045,0.000182765
2022-09-22,M0 flat,-5.06685,2.39453e-05
2022-09-23,M0 flat,-4.79979,5.34696e-05
2022-09-26,M0 flat,-1.4772,0.00276622
2022-09-27,M0 flat,-4.86092,4.26564e-05
2022-09-28,M0 flat,-3.841,7.7253e-05
2022-09-29,M0 flat,-4.29002,8.14126e-05
2022-09-30,M0 flat,-4.70176,3.87085e-05
2022-10-03,M0 flat,-4.80644,5.33167e-05
2022-10-04,M0 flat,-5.22215,1.61599e-05
2022-10-05,M0 flat,-5.24381,3.71005e-05
2022-10-06,M0 flat,-5.32482,1.15879e-05
2022-10-07,M0 flat,-5.16279,3.53768e-05
2022-10-10,M0 flat,-5.27284,3.29292e-05
2022-10-11,M0 flat,-5.27933,1.65042e-05
2022-10-12,M0 flat,-5.10083,6.4153e-05
2022-10-13,M0 flat,-3.12287,0.00321235
2022-10-14,M0 flat,-4.90719,3.91981e-05
2022-10-17,M0 flat,-5.24223,1.87446e-05
2022-10-18,M0 flat,-5.29619,1.10188e-05
2022-10-19,M0 flat,-5.47785,8.46749e-06
2022-10-20,M0 flat,-5.24751,1.62784e-05
2022-10-21,M0 flat,-4.18625,0.000106183
2022-10-24,M0 flat,-4.58206,9.68198e-05
2022-10-25,M0 flat,-5.42902,1.56994e-05
2022-10-26,M0 flat,-5.37027,1.31729e-05
2022-10-27,M0 flat,-5.09431,2.50601e-05
2022-10-28,M0 flat,-5.40438,1.66795e-05
2022-10-31,M0 flat,-5.59888,6.70299e-06
2022-11-01,M0 flat,-5.51295,2.21715e-05
2022-11-02,M0 flat,-4.26814,0.000736507
2022-11-03,M0 flat,-5.49476,8.53538e-06
2022-11-04,M0 flat,-4.90011,5.05664e-05
2022-11-07,M0 flat,-5.18933,2.2287e-05
2022-11-08,M0 flat,-5.4493,1.47092e-05
2022-11-09,M0 flat,-5.23931,3.82788e-05
2022-11-10,M0 flat,-2.37956,0.00904697
2022-11-11,M0 flat,-5.15681,1.23919e-05
2022-11-14,M0 flat,-5.12675,1.59801e-05
2022-11-15,M0 flat,-3.82009,0.000805297
2022-11-16,M0 flat,-5.05212,2.11024e-05
2022-11-17,M0 flat,-5.27792,1.91644e-05
2022-11-18,M0 flat,-5.47141,6.33803e-06
2022-11-21,M0 flat,-5.52475,6.11092e-06
2022-11-22,M0 flat,-5.61833,6.14586e-06
2022-11-23,M0 flat,-5.34443,3.44505e-05
2022-11-24,M0 flat,-5.61948,6.39771e-06
2022-11-25,M0 flat,-5.64865,5.11666e-06
2022-11-28,M0 flat,-5.32884,1.11866e-05
2022-11-29,M0 flat,-5.24575,2.70155e-05
2022-11-30,M0 flat,-4.96833,5.9028e-05
2022-12-01,M0 flat,-4.94163,3.44826e-05
2022-12-02,M0 flat,-4.45958,0.0015424
2022-12-05,M0 flat,-5.27628,2.98709e-05
2022-12-06,M0 flat,-5.58491,5.80146e-06
2022-12-07,M0 flat,-5.49385,8.77069e-06
2022-12-08,M0 flat,-5.77423,4.55801e-06
2022-12-09,M0 flat,-5.68986,9.17475e-06
2022-12-12,M0 flat,-5.80993,4.72566e-06
2022-12-13,M0 flat,-4.80518,0.000343416
2022-12-14,M0 flat,-5.14098,7.02012e-05
2022-12-15,M0 flat,-4.91756,0.000124341
2022-12-16,M0 flat,-5.66595,7.84984e-06
2022-12-19,M0 flat,-5.76288,6.56346e-06
2022-12-20,M0 flat,-5.32556,2.54638e-05
2022-12-21,M0 flat,-5.89492,3.20605e-06
2022-12-22,M0 flat,-5.79194,9.62826e-06
2022-12-23,M0 flat,-5.98753,4.56423e-06
2022-12-26,M0 flat,-6.37082,2.11588e-06
2022-12-27,M0 flat,-6.08581,1.99977e-06
2022-12-28,M0 flat,-6.17612,1.88279e-06
2022-12-29,M0 flat,-6.1178,3.97537e-06
2022-12-30,M0 flat,-5.68925,6.90092e-06
2022-01-03,M1 hist. profile,-6.60593,1.41609e-06
2022-01-04,M1 hist. profile,-6.85747,6.16417e-07
2022-01-05,M1 hist. profile,-6.81751,3.05655e-06
2022-01-06,M1 hist. profile,-6.63236,3.15415e-06
2022-01-07,M1 hist. profile,-7.13319,2.21223e-06
2022-01-10,M1 hist. profile,-6.95798,1.794e-06
2022-01-11,M1 hist. profile,-7.05326,6.94623e-07
2022-01-12,M1 hist. profile,-7.07537,4.70192e-06
2022-01-13,M1 hist. profile,-6.85901,1.12547e-06
2022-01-14,M1 hist. profile,-7.00668,1.86391e-06
2022-01-17,M1 hist. profile,-7.05906,6.29508e-07
2022-01-18,M1 hist. profile,-6.63434,1.27528e-06
2022-01-19,M1 hist. profile,-7.03948,4.39107e-07
2022-01-20,M1 hist. profile,-6.93087,8.72243e-07
2022-01-21,M1 hist. profile,-6.98252,6.94884e-07
2022-01-24,M1 hist. profile,-6.92208,1.19205e-06
2022-01-25,M1 hist. profile,-7.08353,6.08227e-07
2022-01-26,M1 hist. profile,-6.74134,4.20127e-06
2022-01-27,M1 hist. profile,-6.5464,4.25901e-06
2022-01-28,M1 hist. profile,-6.73805,2.1731e-06
2022-01-31,M1 hist. profile,-6.78156,1.38549e-06
2022-02-01,M1 hist. profile,-6.64431,1.79279e-06
2022-02-02,M1 hist. profile,-6.99321,9.09319e-07
2022-02-03,M1 hist. profile,-6.00619,4.89788e-05
2022-02-04,M1 hist. profile,-6.31104,1.53209e-05
2022-02-07,M1 hist. profile,-6.64993,2.28374e-06
2022-02-08,M1 hist. profile,-6.68895,1.86842e-06
2022-02-09,M1 hist. profile,-6.86891,8.01589e-07
2022-02-10,M1 hist. profile,-5.96632,0.000102531
2022-02-11,M1 hist. profile,-5.0418,1.80534e-05
2022-02-14,M1 hist. profile,-6.10728,7.77783e-06
2022-02-15,M1 hist. profile,-6.57349,5.36964e-06
2022-02-16,M1 hist. profile,-6.8484,9.039e-07
2022-02-17,M1 hist. profile,-4.37708,2.60977e-05
2022-02-18,M1 hist. profile,-6.80674,1.87345e-06
2022-02-21,M1 hist. profile,-6.48417,1.77104e-06
2022-02-22,M1 hist. profile,-6.02528,2.9056e-06
2022-02-23,M1 hist. profile,-6.8632,1.72299e-06
2022-02-24,M1 hist. profile,-2.28421,2.91371e-05
2022-02-25,M1 hist. profile,-5.40507,8.68446e-06
2022-02-28,M1 hist. profile,-4.44851,2.494e-05
2022-03-01,M1 hist. profile,-5.69708,5.98182e-06
2022-03-02,M1 hist. profile,-5.09532,4.80805e-05
2022-03-03,M1 hist. profile,-6.14918,6.81142e-06
2022-03-04,M1 hist. profile,-4.98767,1.28838e-05
2022-03-07,M1 hist. profile,-2.88282,5.59744e-05
2022-03-08,M1 hist. profile,-4.44308,9.75977e-05
2022-03-09,M1 hist. profile,-5.37937,3.70991e-05
2022-03-10,M1 hist. profile,-5.30483,0.000286427
2022-03-11,M1 hist. profile,-5.75109,1.50764e-05
2022-03-14,M1 hist. profile,-5.87029,3.25422e-06
2022-03-15,M1 hist. profile,-5.5901,2.2994e-05
2022-03-16,M1 hist. profile,-5.21757,8.06276e-05
2022-03-17,M1 hist. profile,-5.9433,1.02865e-05
2022-03-18,M1 hist. profile,-6.28914,3.41375e-06
2022-03-21,M1 hist. profile,-6.24923,3.62161e-06
2022-03-22,M1 hist. profile,-6.28692,2.69523e-06
2022-03-23,M1 hist. profile,-6.36488,2.59155e-06
2022-03-24,M1 hist. profile,-6.3454,7.41469e-06
2022-03-25,M1 hist. profile,-6.36445,2.93202e-06
2022-03-29,M1 hist. profile,-5.22644,9.32955e-05
2022-03-30,M1 hist. profile,-6.19466,4.72318e-06
2022-03-31,M1 hist. profile,-6.09856,1.82316e-05
2022-04-01,M1 hist. profile,-6.29943,4.96057e-06
2022-04-04,M1 hist. profile,-6.54382,2.06368e-06
2022-04-05,M1 hist. profile,-6.55916,2.45674e-06
2022-04-06,M1 hist. profile,-6.31111,4.75604e-06
2022-04-07,M1 hist. profile,-6.34317,3.32266e-06
2022-04-08,M1 hist. profile,-6.42224,3.16096e-06
2022-04-11,M1 hist. profile,-6.19241,3.0646e-06
2022-04-12,M1 hist. profile,-6.39646,3.78067e-06
2022-04-13,M1 hist. profile,-6.48889,1.91968e-06
2022-04-14,M1 hist. profile,-5.75396,0.000112423
2022-04-15,M1 hist. profile,-6.74626,2.53582e-06
2022-04-18,M1 hist. profile,-6.57026,1.19232e-06
2022-04-19,M1 hist. profile,-6.3278,2.42932e-06
2022-04-20,M1 hist. profile,-6.13938,4.15337e-06
2022-04-21,M1 hist. profile,-6.025,8.36569e-06
2022-04-22,M1 hist. profile,-6.26205,3.22631e-06
2022-04-25,M1 hist. profile,-5.7145,2.7864e-05
2022-04-26,M1 hist. profile,-6.32374,3.77564e-06
2022-04-27,M1 hist. profile,-5.7979,7.53007e-06
2022-04-28,M1 hist. profile,-4.77863,4.36461e-05
2022-04-29,M1 hist. profile,-5.60641,6.71544e-06
2022-05-02,M1 hist. profile,-5.83832,6.07994e-06
2022-05-03,M1 hist. profile,-5.94966,6.19464e-06
2022-05-04,M1 hist. profile,-3.98797,0.000147616
2022-05-05,M1 hist. profile,-5.18965,9.19983e-06
2022-05-06,M1 hist. profile,-4.92124,5.58945e-05
2022-05-09,M1 hist. profile,-5.70012,7.48908e-06
2022-05-10,M1 hist. profile,-6.08302,4.15715e-06
2022-05-11,M1 hist. profile,-6.18118,5.23159e-06
2022-05-12,M1 hist. profile,-5.25123,3.17184e-05
2022-05-13,M1 hist. profile,-6.19035,3.66586e-06
2022-05-16,M1 hist. profile,-6.09383,3.25673e-06
2022-05-17,M1 hist. profile,-5.54603,3.57156e-05
2022-05-18,M1 hist. profile,-6.09283,4.87462e-06
2022-05-19,M1 hist. profile,-5.90165,7.88794e-06
2022-05-20,M1 hist. profile,-6.12005,3.62662e-06
2022-05-23,M1 hist. profile,-5.75235,1.31948e-05
2022-05-24,M1 hist. profile,-5.85401,4.67302e-05
2022-05-25,M1 hist. profile,-6.13745,3.07379e-06
2022-05-26,M1 hist. profile,-6.05906,4.59096e-06
2022-05-27,M1 hist. profile,-6.08251,5.92294e-06
2022-05-30,M1 hist. profile,-6.28765,2.85113e-06
2022-05-31,M1 hist. profile,-5.7888,2.27582e-05
2022-06-01,M1 hist. profile,-6.16372,8.4006e-06
2022-06-02,M1 hist. profile,-6.331,3.03415e-06
2022-06-03,M1 hist. profile,-6.39277,6.32677e-06
2022-06-06,M1 hist. profile,-6.33835,3.16755e-06
2022-06-07,M1 hist. profile,-6.29214,3.4201e-06
2022-06-08,M1 hist. profile,-6.3051,3.74289e-06
2022-06-09,M1 hist. profile,-5.43041,9.37894e-05
2022-06-10,M1 hist. profile,-6.0407,5.45203e-05
2022-06-13,M1 hist. profile,-5.46326,1.10898e-05
2022-06-14,M1 hist. profile,-5.78025,4.47722e-06
2022-06-15,M1 hist. profile,-3.83222,0.000207129
2022-06-16,M1 hist. profile,-4.89627,2.75e-05
2022-06-17,M1 hist. profile,-5.47643,9.18631e-06
2022-06-20,M1 hist. profile,-6.04718,3.42343e-06
2022-06-21,M1 hist. profile,-6.05396,3.7867e-06
2022-06-22,M1 hist. profile,-6.06614,9.12809e-06
2022-06-23,M1 hist. profile,-5.65076,2.45311e-05
2022-06-24,M1 hist. profile,-6.07268,1.42339e-05
2022-06-27,M1 hist. profile,-6.22728,2.78416e-06
2022-06-28,M1 hist. profile,-6.25209,4.04963e-06
2022-06-29,M1 hist. profile,-6.0303,6.46873e-06
2022-06-30,M1 hist. profile,-5.92989,1.6724e-05
2022-07-01,M1 hist. profile,-5.94759,4.51342e-06
2022-07-04,M1 hist. profile,-6.37604,3.92231e-06
2022-07-05,M1 hist. profile,-5.69873,1.91817e-05
2022-07-06,M1 hist. profile,-5.61917,1.05334e-05
2022-07-07,M1 hist. profile,-5.78117,8.63895e-06
2022-07-08,M1 hist. profile,-5.42651,2.68659e-05
2022-07-11,M1 hist. profile,-5.88799,5.05937e-06
2022-07-12,M1 hist. profile,-5.63462,1.24591e-05
2022-07-13,M1 hist. profile,-5.3862,0.00053524
2022-07-14,M1 hist. profile,-5.0989,6.28726e-05
2022-07-15,M1 hist. profile,-5.95839,2.99375e-05
2022-07-18,M1 hist. profile,-5.88386,8.77717e-06
2022-07-19,M1 hist. profile,-5.32021,2.30968e-05
2022-07-20,M1 hist. profile,-5.51612,3.04924e-05
2022-07-21,M1 hist. profile,-5.04607,0.00018836
2022-07-22,M1 hist. profile,-5.50815,9.14673e-05
2022-07-25,M1 hist. profile,-5.88648,1.93631e-05
2022-07-26,M1 hist. profile,-5.86254,5.83397e-06
2022-07-27,M1 hist. profile,-4.80859,0.000134989
2022-07-28,M1 hist. profile,-5.28323,2.24169e-05
2022-07-29,M1 hist. profile,-5.20514,1.74241e-05
2022-08-01,M1 hist. profile,-5.85618,7.01465e-06
2022-08-02,M1 hist. profile,-5.55387,1.29563e-05
2022-08-03,M1 hist. profile,-5.88244,1.22709e-05
2022-08-04,M1 hist. profile,-6.00643,5.96809e-06
2022-08-05,M1 hist. profile,-6.14776,0.000193787
2022-08-08,M1 hist. profile,-6.23689,3.55038e-06
2022-08-09,M1 hist. profile,-6.42959,3.94967e-06
2022-08-10,M1 hist. profile,-6.07929,0.000486373
2022-08-11,M1 hist. profile,-6.13995,4.13428e-06
2022-08-12,M1 hist. profile,-6.30484,9.151e-06
2022-08-15,M1 hist. profile,-6.2911,2.44606e-06
2022-08-16,M1 hist. profile,-6.09967,4.5264e-06
2022-08-17,M1 hist. profile,-6.2016,5.85238e-06
2022-08-18,M1 hist. profile,-6.21087,3.76822e-06
2022-08-19,M1 hist. profile,-6.27104,3.20698e-06
2022-08-22,M1 hist. profile,-6.05361,5.67816e-06
2022-08-23,M1 hist. profile,-5.74032,3.97246e-05
2022-08-24,M1 hist. profile,-5.9316,3.78534e-05
2022-08-25,M1 hist. profile,-5.65777,1.35394e-05
2022-08-26,M1 hist. profile,-5.5068,0.000200672
2022-08-29,M1 hist. profile,-5.78871,1.28246e-05
2022-08-30,M1 hist. profile,-5.69608,1.91503e-05
2022-08-31,M1 hist. profile,-5.66677,1.58217e-05
2022-09-01,M1 hist. profile,-5.92652,4.36782e-05
2022-09-02,M1 hist. profile,-5.71775,3.36003e-05
2022-09-05,M1 hist. profile,-5.21265,1.16206e-05
2022-09-06,M1 hist. profile,-5.63677,1.10911e-05
2022-09-07,M1 hist. profile,-5.57538,1.13812e-05
2022-09-08,M1 hist. profile,-5.58981,5.5349e-05
2022-09-09,M1 hist. profile,-5.30572,2.12962e-05
2022-09-12,M1 hist. profile,-5.25124,3.30955e-05
2022-09-13,M1 hist. profile,-5.62235,0.00178744
2022-09-14,M1 hist. profile,-5.76549,8.34881e-06
2022-09-15,M1 hist. profile,-6.24078,4.21693e-06
2022-09-16,M1 hist. profile,-5.83005,1.70987e-05
2022-09-19,M1 hist. profile,-6.08384,4.9538e-06
2022-09-20,M1 hist. profile,-5.98659,4.5595e-06
2022-09-21,M1 hist. profile,-4.07924,0.000181434
2022-09-22,M1 hist. profile,-5.26167,2.34812e-05
2022-09-23,M1 hist. profile,-5.22389,5.14085e-05
2022-09-26,M1 hist. profile,0.205865,0.00276997
2022-09-27,M1 hist. profile,-4.96888,4.12671e-05
2022-09-28,M1 hist. profile,-4.31968,7.3613e-05
2022-09-29,M1 hist. profile,-4.92887,6.9714e-05
2022-09-30,M1 hist. profile,-4.8987,3.70899e-05
2022-10-03,M1 hist. profile,-5.09862,4.97732e-05
2022-10-04,M1 hist. profile,-5.39251,1.46244e-05
2022-10-05,M1 hist. profile,-5.61298,3.25565e-05
2022-10-06,M1 hist. profile,-5.55026,9.98988e-06
2022-10-07,M1 hist. profile,-5.61345,2.27712e-05
2022-10-10,M1 hist. profile,-5.56382,3.31661e-05
2022-10-11,M1 hist. profile,-5.47493,1.71888e-05
2022-10-12,M1 hist. profile,-4.99918,6.34239e-05
2022-10-13,M1 hist. profile,-5.1952,0.00308661
2022-10-14,M1 hist. profile,-5.24967,3.66627e-05
2022-10-17,M1 hist. profile,-5.54763,1.816e-05
2022-10-18,M1 hist. profile,-5.4413,1.21855e-05
2022-10-19,M1 hist. profile,-5.74738,8.898e-06
2022-10-20,M1 hist. profile,-5.45208,1.53658e-05
2022-10-21,M1 hist. profile,-4.84768,0.000100736
2022-10-24,M1 hist. profile,-4.24648,9.66558e-05
2022-10-25,M1 hist. profile,-5.80459,1.47432e-05
2022-10-26,M1 hist. profile,-5.70664,1.20014e-05
2022-10-27,M1 hist. profile,-5.50045,2.19512e-05
2022-10-28,M1 hist. profile,-5.75097,1.27635e-05
2022-10-31,M1 hist. profile,-5.8638,7.43882e-06
2022-11-01,M1 hist. profile,-5.85562,2.01945e-05
2022-11-02,M1 hist. profile,-4.55297,0.000731061
2022-11-03,M1 hist. profile,-5.77362,8.46787e-06
2022-11-04,M1 hist. profile,-5.48926,4.37827e-05
2022-11-07,M1 hist. profile,-5.29457,2.41048e-05
2022-11-08,M1 hist. profile,-5.698,1.5946e-05
2022-11-09,M1 hist. profile,-5.56923,3.40876e-05
2022-11-10,M1 hist. profile,-4.99662,0.00878798
2022-11-11,M1 hist. profile,-5.24061,1.49416e-05
2022-11-14,M1 hist. profile,-5.26007,1.87436e-05
2022-11-15,M1 hist. profile,-4.49152,0.000726173
2022-11-16,M1 hist. profile,-5.16253,1.45457e-05
2022-11-17,M1 hist. profile,-5.55282,2.0729e-05
2022-11-18,M1 hist. profile,-5.67506,9.48882e-06
2022-11-21,M1 hist. profile,-5.67889,8.78138e-06
2022-11-22,M1 hist. profile,-5.81464,9.55511e-06
2022-11-23,M1 hist. profile,-5.6978,3.07565e-05
2022-11-24,M1 hist. profile,-5.73951,1.0072e-05
2022-11-25,M1 hist. profile,-5.74926,8.31775e-06
2022-11-28,M1 hist. profile,-5.53928,1.27774e-05
2022-11-29,M1 hist. profile,-5.48498,2.71528e-05
2022-11-30,M1 hist. profile,-5.16488,5.74072e-05
2022-12-01,M1 hist. profile,-5.31779,2.58926e-05
2022-12-02,M1 hist. profile,-5.62932,0.00144246
2022-12-05,M1 hist. profile,-5.58523,2.67161e-05
2022-12-06,M1 hist. profile,-5.79718,7.35108e-06
2022-12-07,M1 hist. profile,-5.76054,9.43327e-06
2022-12-08,M1 hist. profile,-6.01779,5.97226e-06
2022-12-09,M1 hist. profile,-5.99147,5.26038e-06
2022-12-12,M1 hist. profile,-6.01685,6.22304e-06
2022-12-13,M1 hist. profile,-5.80015,0.00030462
2022-12-14,M1 hist. profile,-5.23068,7.08188e-05
2022-12-15,M1 hist. profile,-5.56021,0.00011756
2022-12-16,M1 hist. profile,-5.97611,7.42845e-06
2022-12-19,M1 hist. profile,-5.97081,7.71243e-06
2022-12-20,M1 hist. profile,-5.11157,2.68123e-05
2022-12-21,M1 hist. profile,-6.16841,3.79113e-06
2022-12-22,M1 hist. profile,-6.10411,6.6612e-06
2022-12-23,M1 hist. profile,-6.29349,4.07549e-06
2022-12-26,M1 hist. profile,-6.49003,3.63912e-06
2022-12-27,M1 hist. profile,-6.25244,2.78181e-06
2022-12-28,M1 hist. profile,-6.38019,2.64133e-06
2022-12-29,M1 hist. profile,-6.39975,3.95692e-06
2022-12-30,M1 hist. profile,-6.04212,6.42399e-06
2022-01-03,M2 FFF,-6.60857,1.34778e-06
2022-01-04,M2 FFF,-6.88159,6.05034e-07
2022-01-05,M2 FFF,-6.80166,3.14177e-06
2022-01-06,M2 FFF,-6.65271,3.1513e-06
2022-01-07,M2 FFF,-7.13082,2.2527e-06
2022-01-10,M2 FFF,-6.96252,1.81955e-06
2022-01-11,M2 FFF,-7.05727,7.30289e-07
2022-01-12,M2 FFF,-7.04698,4.86909e-06
2022-01-13,M2 FFF,-6.84683,1.17515e-06
2022-01-14,M2 FFF,-6.97759,2.08624e-06
2022-01-17,M2 FFF,-7.03457,6.6695e-07
2022-01-18,M2 FFF,-6.54528,1.3793e-06
2022-01-19,M2 FFF,-7.03878,4.43647e-07
2022-01-20,M2 FFF,-6.93837,8.66698e-07
2022-01-21,M2 FFF,-6.99129,6.95878e-07
2022-01-24,M2 FFF,-6.90382,1.23067e-06
2022-01-25,M2 FFF,-7.09124,6.23769e-07
2022-01-26,M2 FFF,-6.78599,4.18813e-06
2022-01-27,M2 FFF,-6.53692,4.29289e-06
2022-01-28,M2 FFF,-6.74968,2.084e-06
2022-01-31,M2 FFF,-6.76826,1.42625e-06
2022-02-01,M2 FFF,-6.6494,1.87995e-06
2022-02-02,M2 FFF,-7.01697,8.85157e-07
2022-02-03,M2 FFF,-5.94246,4.9359e-05
2022-02-04,M2 FFF,-6.29061,1.53067e-05
2022-02-07,M2 FFF,-6.64777,2.25971e-06
2022-02-08,M2 FFF,-6.70439,1.83308e-06
2022-02-09,M2 FFF,-6.86979,8.34786e-07
2022-02-10,M2 FFF,-5.95123,0.000102432
2022-02-11,M2 FFF,-5.00709,1.79478e-05
2022-02-14,M2 FFF,-6.15593,7.65602e-06
2022-02-15,M2 FFF,-6.58074,5.35017e-06
2022-02-16,M2 FFF,-6.83568,9.15496e-07
2022-02-17,M2 FFF,-4.32003,2.61921e-05
2022-02-18,M2 FFF,-6.81938,1.84186e-06
2022-02-21,M2 FFF,-6.49061,1.78376e-06
2022-02-22,M2 FFF,-5.98341,2.96013e-06
2022-02-23,M2 FFF,-6.8968,1.66798e-06
2022-02-24,M2 FFF,-2.09877,2.91587e-05
2022-02-25,M2 FFF,-5.44359,8.57038e-06
2022-02-28,M2 FFF,-4.36035,2.51147e-05
2022-03-01,M2 FFF,-5.6341,6.09477e-06
2022-03-02,M2 FFF,-5.0793,4.79577e-05
2022-03-03,M2 FFF,-6.15433,6.79177e-06
2022-03-04,M2 FFF,-4.87418,1.30893e-05
2022-03-07,M2 FFF,-2.48313,5.63293e-05
2022-03-08,M2 FFF,-4.48618,9.76965e-05
2022-03-09,M2 FFF,-5.42144,3.67827e-05
2022-03-10,M2 FFF,-5.03014,0.000289797
2022-03-11,M2 FFF,-5.74093,1.52113e-05
2022-03-14,M2 FFF,-5.87831,3.06125e-06
2022-03-15,M2 FFF,-5.61162,2.25951e-05
2022-03-16,M2 FFF,-5.23488,8.06899e-05
2022-03-17,M2 FFF,-5.91603,1.01925e-05
2022-03-18,M2 FFF,-6.26722,3.36818e-06
2022-03-21,M2 FFF,-6.24512,3.47335e-06
2022-03-22,M2 FFF,-6.28178,2.49061e-06
2022-03-23,M2 FFF,-6.34573,2.57246e-06
2022-03-24,M2 FFF,-6.32576,7.33127e-06
2022-03-25,M2 FFF,-6.35666,2.88421e-06
2022-03-29,M2 FFF,-5.13079,9.41968e-05
2022-03-30,M2 FFF,-6.15436,4.80287e-06
2022-03-31,M2 FFF,-6.0579,1.84734e-05
2022-04-01,M2 FFF,-6.27185,4.90936e-06
2022-04-04,M2 FFF,-6.52058,1.93597e-06
2022-04-05,M2 FFF,-6.53526,2.35384e-06
2022-04-06,M2 FFF,-6.29671,4.63254e-06
2022-04-07,M2 FFF,-6.34354,3.34309e-06
2022-04-08,M2 FFF,-6.42491,2.98121e-06
2022-04-11,M2 FFF,-6.17395,2.96112e-06
2022-04-12,M2 FFF,-6.37952,3.95286e-06
2022-04-13,M2 FFF,-6.48913,1.87795e-06
2022-04-14,M2 FFF,-5.60661,0.000113352
2022-04-15,M2 FFF,-6.72611,2.47651e-06
2022-04-18,M2 FFF,-6.56443,1.12945e-06
2022-04-19,M2 FFF,-6.32959,2.29522e-06
2022-04-20,M2 FFF,-6.15494,4.08674e-06
2022-04-21,M2 FFF,-5.99975,8.34807e-06
2022-04-22,M2 FFF,-6.25562,3.14389e-06
2022-04-25,M2 FFF,-5.69385,2.79138e-05
2022-04-26,M2 FFF,-6.32784,3.64795e-06
2022-04-27,M2 FFF,-5.76344,7.61831e-06
2022-04-28,M2 FFF,-4.7391,4.37398e-05
2022-04-29,M2 FFF,-5.61026,6.47653e-06
2022-05-02,M2 FFF,-5.8008,6.1453e-06
2022-05-03,M2 FFF,-5.9568,6.18553e-06
2022-05-04,M2 FFF,-4.17086,0.000147654
2022-05-05,M2 FFF,-5.22008,9.06288e-06
2022-05-06,M2 FFF,-4.97992,5.5466e-05
2022-05-09,M2 FFF,-5.73594,7.23183e-06
2022-05-10,M2 FFF,-6.07332,4.08087e-06
2022-05-11,M2 FFF,-6.16674,5.37034e-06
2022-05-12,M2 FFF,-5.24239,3.17948e-05
2022-05-13,M2 FFF,-6.18504,3.57697e-06
2022-05-16,M2 FFF,-6.06887,3.15762e-06
2022-05-17,M2 FFF,-5.54825,3.56947e-05
2022-05-18,M2 FFF,-6.06731,4.69764e-06
2022-05-19,M2 FFF,-5.86442,8.41069e-06
2022-05-20,M2 FFF,-6.11134,3.44578e-06
2022-05-23,M2 FFF,-5.74451,1.3129e-05
2022-05-24,M2 FFF,-5.78424,4.75211e-05
2022-05-25,M2 FFF,-6.09769,3.12543e-06
2022-05-26,M2 FFF,-6.04959,4.29055e-06
2022-05-27,M2 FFF,-6.0487,5.90603e-06
2022-05-30,M2 FFF,-6.26178,2.73967e-06
2022-05-31,M2 FFF,-5.79704,2.30458e-05
2022-06-01,M2 FFF,-6.11351,9.14321e-06
2022-06-02,M2 FFF,-6.29698,2.99238e-06
2022-06-03,M2 FFF,-6.36335,6.57835e-06
2022-06-06,M2 FFF,-6.31433,2.92296e-06
2022-06-07,M2 FFF,-6.29046,3.14128e-06
2022-06-08,M2 FFF,-6.2888,3.59227e-06
2022-06-09,M2 FFF,-5.39836,9.46231e-05
2022-06-10,M2 FFF,-6.03113,5.52525e-05
2022-06-13,M2 FFF,-5.51021,1.07074e-05
2022-06-14,M2 FFF,-5.76283,4.52313e-06
2022-06-15,M2 FFF,-3.90236,0.000207583
2022-06-16,M2 FFF,-4.92308,2.72292e-05
2022-06-17,M2 FFF,-5.50448,9.4974e-06
2022-06-20,M2 FFF,-6.01985,3.2421e-06
2022-06-21,M2 FFF,-6.06036,3.47686e-06
2022-06-22,M2 FFF,-6.05124,8.93042e-06
2022-06-23,M2 FFF,-5.6191,2.45508e-05
2022-06-24,M2 FFF,-6.02757,1.53254e-05
2022-06-27,M2 FFF,-6.23357,2.63428e-06
2022-06-28,M2 FFF,-6.24326,4.10274e-06
2022-06-29,M2 FFF,-5.99564,6.41898e-06
2022-06-30,M2 FFF,-5.93097,1.66477e-05
2022-07-01,M2 FFF,-5.94984,4.51293e-06
2022-07-04,M2 FFF,-6.34407,3.8415e-06
2022-07-05,M2 FFF,-5.70228,1.89643e-05
2022-07-06,M2 FFF,-5.57901,1.04928e-05
2022-07-07,M2 FFF,-5.74165,8.53675e-06
2022-07-08,M2 FFF,-5.41646,2.68897e-05
2022-07-11,M2 FFF,-5.87242,4.74993e-06
2022-07-12,M2 FFF,-5.62984,1.19482e-05
2022-07-13,M2 FFF,-5.33566,0.000539011
2022-07-14,M2 FFF,-5.16316,6.23704e-05
2022-07-15,M2 FFF,-5.86908,3.27307e-05
2022-07-18,M2 FFF,-5.87097,8.61354e-06
2022-07-19,M2 FFF,-5.29441,2.31177e-05
2022-07-20,M2 FFF,-5.48865,3.02369e-05
2022-07-21,M2 FFF,-5.02949,0.000188581
2022-07-22,M2 FFF,-5.4516,9.1661e-05
2022-07-25,M2 FFF,-5.8831,1.90585e-05
2022-07-26,M2 FFF,-5.8092,6.02223e-06
2022-07-27,M2 FFF,-4.88774,0.000134855
2022-07-28,M2 FFF,-5.28253,2.2353e-05
2022-07-29,M2 FFF,-5.23375,1.72467e-05
2022-08-01,M2 FFF,-5.86007,6.72937e-06
2022-08-02,M2 FFF,-5.5862,1.32985e-05
2022-08-03,M2 FFF,-5.85159,1.31624e-05
2022-08-04,M2 FFF,-6.00221,5.81926e-06
2022-08-05,M2 FFF,-6.12117,0.0001948
2022-08-08,M2 FFF,-6.20248,3.40943e-06
2022-08-09,M2 FFF,-6.41433,3.68282e-06
2022-08-10,M2 FFF,-6.04435,0.000488328
2022-08-11,M2 FFF,-6.13613,3.88021e-06
2022-08-12,M2 FFF,-6.25838,9.9824e-06
2022-08-15,M2 FFF,-6.27998,2.20989e-06
2022-08-16,M2 FFF,-6.08806,4.62418e-06
2022-08-17,M2 FFF,-6.12087,6.73061e-06
2022-08-18,M2 FFF,-6.19072,3.63494e-06
2022-08-19,M2 FFF,-6.224,3.15431e-06
2022-08-22,M2 FFF,-6.05342,5.41016e-06
2022-08-23,M2 FFF,-5.75785,3.91643e-05
2022-08-24,M2 FFF,-5.92605,3.76166e-05
2022-08-25,M2 FFF,-5.64767,1.35469e-05
2022-08-26,M2 FFF,-5.43181,0.000203007
2022-08-29,M2 FFF,-5.80278,1.25774e-05
2022-08-30,M2 FFF,-5.67677,2.01169e-05
2022-08-31,M2 FFF,-5.65746,1.56565e-05
2022-09-01,M2 FFF,-5.82496,4.55046e-05
2022-09-02,M2 FFF,-5.684,3.39499e-05
2022-09-05,M2 FFF,-5.13422,1.17066e-05
2022-09-06,M2 FFF,-5.62102,1.13581e-05
2022-09-07,M2 FFF,-5.57663,1.12401e-05
2022-09-08,M2 FFF,-5.59715,5.55244e-05
2022-09-09,M2 FFF,-5.30733,2.12331e-05
2022-09-12,M2 FFF,-5.26564,3.2804e-05
2022-09-13,M2 FFF,-5.5536,0.00178999
2022-09-14,M2 FFF,-5.7435,8.60387e-06
2022-09-15,M2 FFF,-6.1901,4.31226e-06
2022-09-16,M2 FFF,-5.83661,1.6844e-05
2022-09-19,M2 FFF,-6.0902,4.69373e-06
2022-09-20,M2 FFF,-5.97405,4.44927e-06
2022-09-21,M2 FFF,-3.9576,0.000183002
2022-09-22,M2 FFF,-5.24651,2.36072e-05
2022-09-23,M2 FFF,-5.20397,5.19813e-05
2022-09-26,M2 FFF,0.00917753,0.00276994
2022-09-27,M2 FFF,-4.98088,4.17936e-05
2022-09-28,M2 FFF,-4.33184,7.34727e-05
2022-09-29,M2 FFF,-4.94882,6.98526e-05
2022-09-30,M2 FFF,-4.84926,3.71543e-05
2022-10-03,M2 FFF,-5.07409,5.11213e-05
2022-10-04,M2 FFF,-5.37489,1.57443e-05
2022-10-05,M2 FFF,-5.55303,3.51413e-05
2022-10-06,M2 FFF,-5.52602,9.64483e-06
2022-10-07,M2 FFF,-5.56417,2.4268e-05
2022-10-10,M2 FFF,-5.54749,3.2179e-05
2022-10-11,M2 FFF,-5.45499,1.65203e-05
2022-10-12,M2 FFF,-5.05069,6.29179e-05
2022-10-13,M2 FFF,-5.18221,0.00309995
2022-10-14,M2 FFF,-5.25519,3.61624e-05
2022-10-17,M2 FFF,-5.46283,1.8466e-05
2022-10-18,M2 FFF,-5.45572,1.11313e-05
2022-10-19,M2 FFF,-5.71367,8.37638e-06
2022-10-20,M2 FFF,-5.43889,1.58084e-05
2022-10-21,M2 FFF,-4.86978,0.000100161
2022-10-24,M2 FFF,-4.36163,9.67581e-05
2022-10-25,M2 FFF,-5.77486,1.41197e-05
2022-10-26,M2 FFF,-5.66111,1.22746e-05
2022-10-27,M2 FFF,-5.48742,2.17031e-05
2022-10-28,M2 FFF,-5.68775,1.35593e-05
2022-10-31,M2 FFF,-5.81747,6.95096e-06
2022-11-01,M2 FFF,-5.79211,2.17731e-05
2022-11-02,M2 FFF,-4.2835,0.000738561
2022-11-03,M2 FFF,-5.7339,8.28227e-06
2022-11-04,M2 FFF,-5.4257,4.52116e-05
2022-11-07,M2 FFF,-5.28529,2.29755e-05
2022-11-08,M2 FFF,-5.65299,1.49831e-05
2022-11-09,M2 FFF,-5.49641,3.68338e-05
2022-11-10,M2 FFF,-4.92113,0.00882961
2022-11-11,M2 FFF,-5.24423,1.2881e-05
2022-11-14,M2 FFF,-5.20323,1.75748e-05
2022-11-15,M2 FFF,-4.52768,0.000742087
2022-11-16,M2 FFF,-5.2093,1.45282e-05
2022-11-17,M2 FFF,-5.49623,1.94208e-05
2022-11-18,M2 FFF,-5.63135,7.80951e-06
2022-11-21,M2 FFF,-5.6448,7.70615e-06
2022-11-22,M2 FFF,-5.75545,8.3986e-06
2022-11-23,M2 FFF,-5.59626,3.19637e-05
2022-11-24,M2 FFF,-5.6892,8.94792e-06
2022-11-25,M2 FFF,-5.74822,6.90212e-06
2022-11-28,M2 FFF,-5.50515,1.1948e-05
2022-11-29,M2 FFF,-5.48558,2.64779e-05
2022-11-30,M2 FFF,-5.21532,5.68957e-05
2022-12-01,M2 FFF,-5.29536,2.64067e-05
2022-12-02,M2 FFF,-5.57368,0.00145705
2022-12-05,M2 FFF,-5.53017,2.89344e-05
2022-12-06,M2 FFF,-5.75851,6.73922e-06
2022-12-07,M2 FFF,-5.74258,8.42371e-06
2022-12-08,M2 FFF,-5.98523,5.33675e-06
2022-12-09,M2 FFF,-5.9631,5.1682e-06
2022-12-12,M2 FFF,-5.99526,5.59535e-06
2022-12-13,M2 FFF,-5.74159,0.000308584
2022-12-14,M2 FFF,-5.2279,7.14567e-05
2022-12-15,M2 FFF,-5.52257,0.000117909
2022-12-16,M2 FFF,-5.93933,7.38783e-06
2022-12-19,M2 FFF,-5.94458,7.30122e-06
2022-12-20,M2 FFF,-5.16837,2.65298e-05
2022-12-21,M2 FFF,-6.13874,3.53115e-06
2022-12-22,M2 FFF,-6.10231,6.47616e-06
2022-12-23,M2 FFF,-6.25885,4.25815e-06
2022-12-26,M2 FFF,-6.44768,3.35274e-06
2022-12-27,M2 FFF,-6.23132,2.63132e-06
2022-12-28,M2 FFF,-6.37476,2.38889e-06
2022-12-29,M2 FFF,-6.3875,3.78194e-06
2022-12-30,M2 FFF,-6.0097,6.33911e-06
2022-01-03,M3 FFF+intraday GARCH,-6.64282,1.36564e-06
2022-01-04,M3 FFF+intraday GARCH,-6.85985,6.00064e-07
2022-01-05,M3 FFF+intraday GARCH,-6.81248,3.16718e-06
2022-01-06,M3 FFF+intraday GARCH,-6.63457,3.24051e-06
2022-01-07,M3 FFF+intraday GARCH,-7.26333,2.26869e-06
2022-01-10,M3 FFF+intraday GARCH,-6.95746,1.86581e-06
2022-01-11,M3 FFF+intraday GARCH,-7.08497,6.22021e-07
2022-01-12,M3 FFF+intraday GARCH,-7.04531,5.10332e-06
2022-01-13,M3 FFF+intraday GARCH,-6.83834,1.16463e-06
2022-01-14,M3 FFF+intraday GARCH,-7.00055,2.02649e-06
2022-01-17,M3 FFF+intraday GARCH,-7.16932,7.02225e-07
2022-01-18,M3 FFF+intraday GARCH,-6.65361,1.39284e-06
2022-01-19,M3 FFF+intraday GARCH,-7.12353,2.97167e-07
2022-01-20,M3 FFF+intraday GARCH,-6.98328,7.40233e-07
2022-01-21,M3 FFF+intraday GARCH,-7.05994,5.27554e-07
2022-01-24,M3 FFF+intraday GARCH,-6.86056,1.18198e-06
2022-01-25,M3 FFF+intraday GARCH,-7.14431,5.1096e-07
2022-01-26,M3 FFF+intraday GARCH,-7.06837,3.87156e-06
2022-01-27,M3 FFF+intraday GARCH,-6.50875,4.40618e-06
2022-01-28,M3 FFF+intraday GARCH,-6.7738,2.26423e-06
2022-01-31,M3 FFF+intraday GARCH,-6.75063,1.50265e-06
2022-02-01,M3 FFF+intraday GARCH,-6.71139,1.73241e-06
2022-02-02,M3 FFF+intraday GARCH,-7.27366,6.92612e-07
2022-02-03,M3 FFF+intraday GARCH,-6.38776,4.37246e-05
2022-02-04,M3 FFF+intraday GARCH,-6.28436,1.61155e-05
2022-02-07,M3 FFF+intraday GARCH,-6.63906,2.21131e-06
2022-02-08,M3 FFF+intraday GARCH,-6.69948,1.64662e-06
2022-02-09,M3 FFF+intraday GARCH,-6.98903,4.99395e-07
2022-02-10,M3 FFF+intraday GARCH,-6.30294,0.000105825
2022-02-11,M3 FFF+intraday GARCH,-5.65464,1.74204e-05
2022-02-14,M3 FFF+intraday GARCH,-6.12528,8.94058e-06
2022-02-15,M3 FFF+intraday GARCH,-6.56093,5.38792e-06
2022-02-16,M3 FFF+intraday GARCH,-6.94866,7.11826e-07
2022-02-17,M3 FFF+intraday GARCH,-5.69577,2.53421e-05
2022-02-18,M3 FFF+intraday GARCH,-6.90238,1.58303e-06
2022-02-21,M3 FFF+intraday GARCH,-6.47186,1.75835e-06
2022-02-22,M3 FFF+intraday GARCH,-6.03971,3.083e-06
2022-02-23,M3 FFF+intraday GARCH,-6.92228,1.54956e-06
2022-02-24,M3 FFF+intraday GARCH,-4.93266,2.59348e-05
2022-02-25,M3 FFF+intraday GARCH,-5.67559,1.00773e-05
2022-02-28,M3 FFF+intraday GARCH,-5.27445,2.32202e-05
2022-03-01,M3 FFF+intraday GARCH,-5.79626,5.96651e-06
2022-03-02,M3 FFF+intraday GARCH,-5.43114,4.70597e-05
2022-03-03,M3 FFF+intraday GARCH,-6.13959,6.86779e-06
2022-03-04,M3 FFF+intraday GARCH,-5.1903,1.31191e-05
2022-03-07,M3 FFF+intraday GARCH,-4.21337,5.9398e-05
2022-03-08,M3 FFF+intraday GARCH,-5.09774,9.65659e-05
2022-03-09,M3 FFF+intraday GARCH,-5.49532,3.68511e-05
2022-03-10,M3 FFF+intraday GARCH,-4.9339,0.000322992
2022-03-11,M3 FFF+intraday GARCH,-5.68514,1.64574e-05
2022-03-14,M3 FFF+intraday GARCH,-5.8558,2.61185e-06
2022-03-15,M3 FFF+intraday GARCH,-5.45925,2.28475e-05
2022-03-16,M3 FFF+intraday GARCH,-5.20413,8.08132e-05
2022-03-17,M3 FFF+intraday GARCH,-5.81002,1.02132e-05
2022-03-18,M3 FFF+intraday GARCH,-6.36738,2.684e-06
2022-03-21,M3 FFF+intraday GARCH,-6.36979,2.59602e-06
2022-03-22,M3 FFF+intraday GARCH,-6.4089,2.38988e-06
2022-03-23,M3 FFF+intraday GARCH,-6.45945,2.23915e-06
2022-03-24,M3 FFF+intraday GARCH,-6.45568,6.80811e-06
2022-03-25,M3 FFF+intraday GARCH,-6.42099,2.36014e-06
2022-03-29,M3 FFF+intraday GARCH,-5.56703,0.000107602
2022-03-30,M3 FFF+intraday GARCH,-6.21882,4.69323e-06
2022-03-31,M3 FFF+intraday GARCH,-6.07026,1.88709e-05
2022-04-01,M3 FFF+intraday GARCH,-6.43145,4.2298e-06
2022-04-04,M3 FFF+intraday GARCH,-6.74324,1.05263e-06
2022-04-05,M3 FFF+intraday GARCH,-6.89386,1.47729e-06
2022-04-06,M3 FFF+intraday GARCH,-6.47243,3.98165e-06
2022-04-07,M3 FFF+intraday GARCH,-6.42425,3.19433e-06
2022-04-08,M3 FFF+intraday GARCH,-6.50081,2.55557e-06
2022-04-11,M3 FFF+intraday GARCH,-6.10977,2.56766e-06
2022-04-12,M3 FFF+intraday GARCH,-6.45296,4.65082e-06
2022-04-13,M3 FFF+intraday GARCH,-6.60057,1.44228e-06
2022-04-14,M3 FFF+intraday GARCH,-5.57231,0.000119898
2022-04-15,M3 FFF+intraday GARCH,-7.18652,1.01115e-06
2022-04-18,M3 FFF+intraday GARCH,-6.77165,5.01588e-07
2022-04-19,M3 FFF+intraday GARCH,-6.30471,2.18432e-06
2022-04-20,M3 FFF+intraday GARCH,-6.21346,4.07871e-06
2022-04-21,M3 FFF+intraday GARCH,-5.90704,8.50782e-06
2022-04-22,M3 FFF+intraday GARCH,-6.21765,2.97276e-06
2022-04-25,M3 FFF+intraday GARCH,-5.77336,2.90577e-05
2022-04-26,M3 FFF+intraday GARCH,-6.32798,3.62132e-06
2022-04-27,M3 FFF+intraday GARCH,-5.82713,7.36399e-06
2022-04-28,M3 FFF+intraday GARCH,-5.36945,3.91094e-05
2022-04-29,M3 FFF+intraday GARCH,-5.68613,6.10085e-06
2022-05-02,M3 FFF+intraday GARCH,-5.8115,6.23431e-06
2022-05-03,M3 FFF+intraday GARCH,-5.9327,7.37219e-06
2022-05-04,M3 FFF+intraday GARCH,-5.77879,0.000124096
2022-05-05,M3 FFF+intraday GARCH,-5.39099,1.02846e-05
2022-05-06,M3 FFF+intraday GARCH,-5.34227,5.09911e-05
2022-05-09,M3 FFF+intraday GARCH,-5.78087,7.07179e-06
2022-05-10,M3 FFF+intraday GARCH,-6.06653,4.18778e-06
2022-05-11,M3 FFF+intraday GARCH,-6.25449,5.48918e-06
2022-05-12,M3 FFF+intraday GARCH,-5.52833,3.1337e-05
2022-05-13,M3 FFF+intraday GARCH,-6.2208,3.56443e-06
2022-05-16,M3 FFF+intraday GARCH,-6.06578,3.10975e-06
2022-05-17,M3 FFF+intraday GARCH,-5.38535,3.83272e-05
2022-05-18,M3 FFF+intraday GARCH,-5.94787,4.37785e-06
2022-05-19,M3 FFF+intraday GARCH,-5.85419,8.54368e-06
2022-05-20,M3 FFF+intraday GARCH,-6.10948,2.86077e-06
2022-05-23,M3 FFF+intraday GARCH,-5.67719,1.2325e-05
2022-05-24,M3 FFF+intraday GARCH,-5.8148,4.80614e-05
2022-05-25,M3 FFF+intraday GARCH,-6.18698,2.98727e-06
2022-05-26,M3 FFF+intraday GARCH,-6.05845,3.56113e-06
2022-05-27,M3 FFF+intraday GARCH,-6.14293,5.77575e-06
2022-05-30,M3 FFF+intraday GARCH,-6.49636,1.61292e-06
2022-05-31,M3 FFF+intraday GARCH,-5.84425,2.47476e-05
2022-06-01,M3 FFF+intraday GARCH,-6.13908,8.99146e-06
2022-06-02,M3 FFF+intraday GARCH,-6.40122,2.37995e-06
2022-06-03,M3 FFF+intraday GARCH,-6.65878,5.75268e-06
2022-06-06,M3 FFF+intraday GARCH,-6.49632,1.87238e-06
2022-06-07,M3 FFF+intraday GARCH,-6.4395,2.49238e-06
2022-06-08,M3 FFF+intraday GARCH,-6.51977,3.27115e-06
2022-06-09,M3 FFF+intraday GARCH,-5.92784,0.000100127
2022-06-10,M3 FFF+intraday GARCH,-6.05232,5.9531e-05
2022-06-13,M3 FFF+intraday GARCH,-5.43144,1.14981e-05
2022-06-14,M3 FFF+intraday GARCH,-5.71899,4.677e-06
2022-06-15,M3 FFF+intraday GARCH,-4.75079,0.000193308
2022-06-16,M3 FFF+intraday GARCH,-5.09743,2.9149e-05
2022-06-17,M3 FFF+intraday GARCH,-5.4645,1.03515e-05
2022-06-20,M3 FFF+intraday GARCH,-6.15398,2.09234e-06
2022-06-21,M3 FFF+intraday GARCH,-6.08182,2.93816e-06
2022-06-22,M3 FFF+intraday GARCH,-6.05688,9.07448e-06
2022-06-23,M3 FFF+intraday GARCH,-5.6896,2.47489e-05
2022-06-24,M3 FFF+intraday GARCH,-6.02928,1.54782e-05
2022-06-27,M3 FFF+intraday GARCH,-6.24808,2.14691e-06
2022-06-28,M3 FFF+intraday GARCH,-6.31613,4.18435e-06
2022-06-29,M3 FFF+intraday GARCH,-5.9889,6.89232e-06
2022-06-30,M3 FFF+intraday GARCH,-5.87735,1.76566e-05
2022-07-01,M3 FFF+intraday GARCH,-5.95692,4.7211e-06
2022-07-04,M3 FFF+intraday GARCH,-6.49707,3.04329e-06
2022-07-05,M3 FFF+intraday GARCH,-5.71986,1.87837e-05
2022-07-06,M3 FFF+intraday GARCH,-5.56498,1.28287e-05
2022-07-07,M3 FFF+intraday GARCH,-5.73027,8.29432e-06
2022-07-08,M3 FFF+intraday GARCH,-5.57075,2.38716e-05
2022-07-11,M3 FFF+intraday GARCH,-5.79647,5.08745e-06
2022-07-12,M3 FFF+intraday GARCH,-5.61964,1.35055e-05
2022-07-13,M3 FFF+intraday GARCH,-5.32184,0.000539656
2022-07-14,M3 FFF+intraday GARCH,-5.27432,6.06437e-05
2022-07-15,M3 FFF+intraday GARCH,-5.84634,3.33445e-05
2022-07-18,M3 FFF+intraday GARCH,-5.85585,8.60842e-06
2022-07-19,M3 FFF+intraday GARCH,-5.41868,2.14838e-05
2022-07-20,M3 FFF+intraday GARCH,-5.63024,3.41691e-05
2022-07-21,M3 FFF+intraday GARCH,-5.13579,0.00019288
2022-07-22,M3 FFF+intraday GARCH,-5.48843,9.1862e-05
2022-07-25,M3 FFF+intraday GARCH,-5.88071,1.92858e-05
2022-07-26,M3 FFF+intraday GARCH,-5.87351,6.08611e-06
2022-07-27,M3 FFF+intraday GARCH,-5.47884,0.000123171
2022-07-28,M3 FFF+intraday GARCH,-5.31119,2.12129e-05
2022-07-29,M3 FFF+intraday GARCH,-5.45246,1.633e-05
2022-08-01,M3 FFF+intraday GARCH,-5.8875,6.81815e-06
2022-08-02,M3 FFF+intraday GARCH,-5.58417,1.33622e-05
2022-08-03,M3 FFF+intraday GARCH,-5.84529,1.36887e-05
2022-08-04,M3 FFF+intraday GARCH,-5.96585,6.93941e-06
2022-08-05,M3 FFF+intraday GARCH,-6.12612,0.000208748
2022-08-08,M3 FFF+intraday GARCH,-6.28363,2.89285e-06
2022-08-09,M3 FFF+intraday GARCH,-6.74756,3.0974e-06
2022-08-10,M3 FFF+intraday GARCH,-6.22301,0.000493858
2022-08-11,M3 FFF+intraday GARCH,-6.17927,3.81315e-06
2022-08-12,M3 FFF+intraday GARCH,-6.29036,1.01139e-05
2022-08-15,M3 FFF+intraday GARCH,-6.39827,1.74359e-06
2022-08-16,M3 FFF+intraday GARCH,-6.14833,4.13684e-06
2022-08-17,M3 FFF+intraday GARCH,-6.05073,7.45475e-06
2022-08-18,M3 FFF+intraday GARCH,-6.26725,3.75915e-06
2022-08-19,M3 FFF+intraday GARCH,-6.28474,2.4884e-06
2022-08-22,M3 FFF+intraday GARCH,-6.04612,4.77746e-06
2022-08-23,M3 FFF+intraday GARCH,-5.80981,3.73206e-05
2022-08-24,M3 FFF+intraday GARCH,-5.99422,3.75711e-05
2022-08-25,M3 FFF+intraday GARCH,-5.48751,1.42255e-05
2022-08-26,M3 FFF+intraday GARCH,-5.7938,0.000193026
2022-08-29,M3 FFF+intraday GARCH,-5.83324,1.62166e-05
2022-08-30,M3 FFF+intraday GARCH,-5.75585,2.0027e-05
2022-08-31,M3 FFF+intraday GARCH,-5.7551,1.57526e-05
2022-09-01,M3 FFF+intraday GARCH,-5.76719,4.53751e-05
2022-09-02,M3 FFF+intraday GARCH,-5.70679,3.37822e-05
2022-09-05,M3 FFF+intraday GARCH,-5.8521,1.06959e-05
2022-09-06,M3 FFF+intraday GARCH,-5.56789,1.14633e-05
2022-09-07,M3 FFF+intraday GARCH,-5.55284,1.20337e-05
2022-09-08,M3 FFF+intraday GARCH,-5.91203,4.38142e-05
2022-09-09,M3 FFF+intraday GARCH,-5.49931,2.09735e-05
2022-09-12,M3 FFF+intraday GARCH,-5.41154,3.31458e-05
2022-09-13,M3 FFF+intraday GARCH,-5.38793,0.00181523
2022-09-14,M3 FFF+intraday GARCH,-5.6654,8.61793e-06
2022-09-15,M3 FFF+intraday GARCH,-6.30096,3.94063e-06
2022-09-16,M3 FFF+intraday GARCH,-5.90972,1.73693e-05
2022-09-19,M3 FFF+intraday GARCH,-6.14796,4.51951e-06
2022-09-20,M3 FFF+intraday GARCH,-5.9305,4.8656e-06
2022-09-21,M3 FFF+intraday GARCH,-5.17585,0.000160562
2022-09-22,M3 FFF+intraday GARCH,-5.33339,2.30257e-05
2022-09-23,M3 FFF+intraday GARCH,-5.24511,5.29713e-05
2022-09-26,M3 FFF+intraday GARCH,-3.35223,0.00274371
2022-09-27,M3 FFF+intraday GARCH,-5.09778,4.26048e-05
2022-09-28,M3 FFF+intraday GARCH,-4.77516,6.68407e-05
2022-09-29,M3 FFF+intraday GARCH,-5.12378,5.74733e-05
2022-09-30,M3 FFF+intraday GARCH,-4.78314,3.70888e-05
2022-10-03,M3 FFF+intraday GARCH,-5.06361,5.03122e-05
2022-10-04,M3 FFF+intraday GARCH,-5.35293,1.70416e-05
2022-10-05,M3 FFF+intraday GARCH,-5.58595,3.55557e-05
2022-10-06,M3 FFF+intraday GARCH,-5.49688,1.01022e-05
2022-10-07,M3 FFF+intraday GARCH,-5.61245,2.73779e-05
2022-10-10,M3 FFF+intraday GARCH,-5.45625,3.29171e-05
2022-10-11,M3 FFF+intraday GARCH,-5.40624,1.62834e-05
2022-10-12,M3 FFF+intraday GARCH,-4.98084,6.50178e-05
2022-10-13,M3 FFF+intraday GARCH,-5.27428,0.0031371
2022-10-14,M3 FFF+intraday GARCH,-5.18828,3.44177e-05
2022-10-17,M3 FFF+intraday GARCH,-5.23937,2.00795e-05
2022-10-18,M3 FFF+intraday GARCH,-5.47318,1.07376e-05
2022-10-19,M3 FFF+intraday GARCH,-5.82732,9.0563e-06
2022-10-20,M3 FFF+intraday GARCH,-5.32387,1.7332e-05
2022-10-21,M3 FFF+intraday GARCH,-5.22516,8.87932e-05
2022-10-24,M3 FFF+intraday GARCH,-5.01414,9.61738e-05
2022-10-25,M3 FFF+intraday GARCH,-5.89256,1.24206e-05
2022-10-26,M3 FFF+intraday GARCH,-5.56182,1.18065e-05
2022-10-27,M3 FFF+intraday GARCH,-5.50163,2.15615e-05
2022-10-28,M3 FFF+intraday GARCH,-5.80755,1.38308e-05
2022-10-31,M3 FFF+intraday GARCH,-5.91077,5.72517e-06
2022-11-01,M3 FFF+intraday GARCH,-5.86744,2.13634e-05
2022-11-02,M3 FFF+intraday GARCH,-4.9972,0.000714588
2022-11-03,M3 FFF+intraday GARCH,-5.76458,7.78008e-06
2022-11-04,M3 FFF+intraday GARCH,-5.46883,4.18805e-05
2022-11-07,M3 FFF+intraday GARCH,-5.32688,2.32957e-05
2022-11-08,M3 FFF+intraday GARCH,-5.8372,1.27368e-05
2022-11-09,M3 FFF+intraday GARCH,-5.43972,3.65711e-05
2022-11-10,M3 FFF+intraday GARCH,-4.77527,0.00893586
2022-11-11,M3 FFF+intraday GARCH,-5.28243,1.2054e-05
2022-11-14,M3 FFF+intraday GARCH,-5.11661,1.80404e-05
2022-11-15,M3 FFF+intraday GARCH,-4.48733,0.000768658
2022-11-16,M3 FFF+intraday GARCH,-5.18371,1.61297e-05
2022-11-17,M3 FFF+intraday GARCH,-5.61764,1.89429e-05
2022-11-18,M3 FFF+intraday GARCH,-5.83356,5.01139e-06
2022-11-21,M3 FFF+intraday GARCH,-5.83079,4.36566e-06
2022-11-22,M3 FFF+intraday GARCH,-6.11066,4.12237e-06
2022-11-23,M3 FFF+intraday GARCH,-5.62385,3.31961e-05
2022-11-24,M3 FFF+intraday GARCH,-5.93096,4.60954e-06
2022-11-25,M3 FFF+intraday GARCH,-5.89547,3.35472e-06
2022-11-28,M3 FFF+intraday GARCH,-5.54974,1.14586e-05
2022-11-29,M3 FFF+intraday GARCH,-5.53282,2.70843e-05
2022-11-30,M3 FFF+intraday GARCH,-5.31636,5.50768e-05
2022-12-01,M3 FFF+intraday GARCH,-5.26563,2.69178e-05
2022-12-02,M3 FFF+intraday GARCH,-5.33287,0.00152149
2022-12-05,M3 FFF+intraday GARCH,-5.49061,2.94064e-05
2022-12-06,M3 FFF+intraday GARCH,-5.86021,5.22387e-06
2022-12-07,M3 FFF+intraday GARCH,-5.80682,8.34892e-06
2022-12-08,M3 FFF+intraday GARCH,-6.19929,3.39358e-06
2022-12-09,M3 FFF+intraday GARCH,-6.16774,6.07118e-06
2022-12-12,M3 FFF+intraday GARCH,-6.14835,3.84979e-06
2022-12-13,M3 FFF+intraday GARCH,-5.87626,0.000309132
2022-12-14,M3 FFF+intraday GARCH,-5.46302,6.4527e-05
2022-12-15,M3 FFF+intraday GARCH,-5.58433,0.000119147
2022-12-16,M3 FFF+intraday GARCH,-6.03663,6.74291e-06
2022-12-19,M3 FFF+intraday GARCH,-6.0529,6.08671e-06
2022-12-20,M3 FFF+intraday GARCH,-5.3814,2.60683e-05
2022-12-21,M3 FFF+intraday GARCH,-6.30256,2.7264e-06
2022-12-22,M3 FFF+intraday GARCH,-6.193,7.7559e-06
2022-12-23,M3 FFF+intraday GARCH,-6.46403,3.70569e-06
2022-12-26,M3 FFF+intraday GARCH,-7.26284,8.46008e-07
2022-12-27,M3 FFF+intraday GARCH,-6.36246,1.69008e-06
2022-12-28,M3 FFF+intraday GARCH,-6.5873,1.55084e-06
2022-12-29,M3 FFF+intraday GARCH,-6.55134,3.41473e-06
2022-12-30,M3 FFF+intraday GARCH,-5.95771,6.60119e-06
2022-01-03,M4 raw intraday GARCH,-6.54791,1.65157e-06
2022-01-04,M4 raw intraday GARCH,-6.81052,6.19212e-07
2022-01-05,M4 raw intraday GARCH,-6.7343,3.18871e-06
2022-01-06,M4 raw intraday GARCH,-6.54866,3.34117e-06
2022-01-07,M4 raw intraday GARCH,-7.22756,2.32547e-06
2022-01-10,M4 raw intraday GARCH,-6.89698,1.86817e-06
2022-01-11,M4 raw intraday GARCH,-7.01386,6.29017e-07
2022-01-12,M4 raw intraday GARCH,-7.03771,5.38826e-06
2022-01-13,M4 raw intraday GARCH,-6.79224,1.12896e-06
2022-01-14,M4 raw intraday GARCH,-6.92689,2.07789e-06
2022-01-17,M4 raw intraday GARCH,-7.17003,4.36575e-07
2022-01-18,M4 raw intraday GARCH,-6.61132,1.6809e-06
2022-01-19,M4 raw intraday GARCH,-7.09157,2.98863e-07
2022-01-20,M4 raw intraday GARCH,-6.98208,7.59841e-07
2022-01-21,M4 raw intraday GARCH,-7.03023,4.90075e-07
2022-01-24,M4 raw intraday GARCH,-6.82961,1.15412e-06
2022-01-25,M4 raw intraday GARCH,-7.08506,4.56795e-07
2022-01-26,M4 raw intraday GARCH,-7.042,4.0601e-06
2022-01-27,M4 raw intraday GARCH,-6.49298,4.95579e-06
2022-01-28,M4 raw intraday GARCH,-6.65097,3.05914e-06
2022-01-31,M4 raw intraday GARCH,-6.65635,1.73732e-06
2022-02-01,M4 raw intraday GARCH,-6.68274,1.75758e-06
2022-02-02,M4 raw intraday GARCH,-7.22521,6.30986e-07
2022-02-03,M4 raw intraday GARCH,-6.35833,4.36336e-05
2022-02-04,M4 raw intraday GARCH,-6.01021,1.98293e-05
2022-02-07,M4 raw intraday GARCH,-6.53467,2.17074e-06
2022-02-08,M4 raw intraday GARCH,-6.63842,1.63468e-06
2022-02-09,M4 raw intraday GARCH,-6.94497,4.58243e-07
2022-02-10,M4 raw intraday GARCH,-5.57589,0.000112807
2022-02-11,M4 raw intraday GARCH,-5.62335,1.78582e-05
2022-02-14,M4 raw intraday GARCH,-6.05993,8.1139e-06
2022-02-15,M4 raw intraday GARCH,-6.41905,5.6322e-06
2022-02-16,M4 raw intraday GARCH,-6.87165,6.21643e-07
2022-02-17,M4 raw intraday GARCH,-5.74402,2.57099e-05
2022-02-18,M4 raw intraday GARCH,-6.85072,1.64393e-06
2022-02-21,M4 raw intraday GARCH,-6.41935,1.75033e-06
2022-02-22,M4 raw intraday GARCH,-6.04739,2.90072e-06
2022-02-23,M4 raw intraday GARCH,-6.83443,1.55662e-06
2022-02-24,M4 raw intraday GARCH,-4.99131,2.64776e-05
2022-02-25,M4 raw intraday GARCH,-5.62511,8.60129e-06
2022-02-28,M4 raw intraday GARCH,-5.24468,2.55776e-05
2022-03-01,M4 raw intraday GARCH,-5.79124,6.20706e-06
2022-03-02,M4 raw intraday GARCH,-5.42404,4.83349e-05
2022-03-03,M4 raw intraday GARCH,-6.10852,6.87958e-06
2022-03-04,M4 raw intraday GARCH,-5.29205,1.26261e-05
2022-03-07,M4 raw intraday GARCH,-4.09302,5.23047e-05
2022-03-08,M4 raw intraday GARCH,-5.09222,9.94774e-05
2022-03-09,M4 raw intraday GARCH,-5.46724,3.81633e-05
2022-03-10,M4 raw intraday GARCH,-4.72652,0.00030464
2022-03-11,M4 raw intraday GARCH,-5.68966,1.62363e-05
2022-03-14,M4 raw intraday GARCH,-5.85249,2.64515e-06
2022-03-15,M4 raw intraday GARCH,-5.44496,2.37251e-05
2022-03-16,M4 raw intraday GARCH,-5.16579,8.40685e-05
2022-03-17,M4 raw intraday GARCH,-5.82067,1.06446e-05
2022-03-18,M4 raw intraday GARCH,-6.30413,2.66327e-06
2022-03-21,M4 raw intraday GARCH,-6.36774,2.42091e-06
2022-03-22,M4 raw intraday GARCH,-6.38354,1.95428e-06
2022-03-23,M4 raw intraday GARCH,-6.46092,1.82274e-06
2022-03-24,M4 raw intraday GARCH,-6.44509,6.71174e-06
2022-03-25,M4 raw intraday GARCH,-6.39071,2.38522e-06
2022-03-29,M4 raw intraday GARCH,-5.5762,9.36706e-05
2022-03-30,M4 raw intraday GARCH,-6.17834,4.8361e-06
2022-03-31,M4 raw intraday GARCH,-5.93272,1.96771e-05
2022-04-01,M4 raw intraday GARCH,-6.3492,4.41167e-06
2022-04-04,M4 raw intraday GARCH,-6.67023,1.00612e-06
2022-04-05,M4 raw intraday GARCH,-6.84914,1.46431e-06
2022-04-06,M4 raw intraday GARCH,-6.38268,3.92259e-06
2022-04-07,M4 raw intraday GARCH,-6.36035,3.13265e-06
2022-04-08,M4 raw intraday GARCH,-6.42844,2.52261e-06
2022-04-11,M4 raw intraday GARCH,-6.0683,2.61323e-06
2022-04-12,M4 raw intraday GARCH,-6.3668,5.34601e-06
2022-04-13,M4 raw intraday GARCH,-6.55303,1.4833e-06
2022-04-14,M4 raw intraday GARCH,-5.43601,0.000119161
2022-04-15,M4 raw intraday GARCH,-7.25095,1.03528e-06
2022-04-18,M4 raw intraday GARCH,-6.72436,5.60753e-07
2022-04-19,M4 raw intraday GARCH,-6.26647,2.035e-06
2022-04-20,M4 raw intraday GARCH,-6.19912,4.42466e-06
2022-04-21,M4 raw intraday GARCH,-5.83552,8.80289e-06
2022-04-22,M4 raw intraday GARCH,-6.16839,3.07246e-06
2022-04-25,M4 raw intraday GARCH,-5.75456,2.88515e-05
2022-04-26,M4 raw intraday GARCH,-6.26182,3.65533e-06
2022-04-27,M4 raw intraday GARCH,-5.81206,7.35002e-06
2022-04-28,M4 raw intraday GARCH,-5.30165,4.86459e-05
2022-04-29,M4 raw intraday GARCH,-5.66962,7.6277e-06
2022-05-02,M4 raw intraday GARCH,-5.72503,6.66238e-06
2022-05-03,M4 raw intraday GARCH,-5.9216,6.55975e-06
2022-05-04,M4 raw intraday GARCH,-5.77709,0.000127079
2022-05-05,M4 raw intraday GARCH,-5.39198,8.80444e-06
2022-05-06,M4 raw intraday GARCH,-5.26514,5.47107e-05
2022-05-09,M4 raw intraday GARCH,-5.7673,7.02024e-06
2022-05-10,M4 raw intraday GARCH,-6.05103,4.06486e-06
2022-05-11,M4 raw intraday GARCH,-6.14659,6.76638e-06
2022-05-12,M4 raw intraday GARCH,-5.49738,3.17644e-05
2022-05-13,M4 raw intraday GARCH,-6.16306,3.48591e-06
2022-05-16,M4 raw intraday GARCH,-6.00067,3.20132e-06
2022-05-17,M4 raw intraday GARCH,-5.35409,3.82565e-05
2022-05-18,M4 raw intraday GARCH,-5.829,4.43183e-06
2022-05-19,M4 raw intraday GARCH,-5.80033,8.86603e-06
2022-05-20,M4 raw intraday GARCH,-6.08993,2.8251e-06
2022-05-23,M4 raw intraday GARCH,-5.54291,1.23739e-05
2022-05-24,M4 raw intraday GARCH,-5.75602,4.92907e-05
2022-05-25,M4 raw intraday GARCH,-6.12703,3.60237e-06
2022-05-26,M4 raw intraday GARCH,-6.03129,3.54844e-06
2022-05-27,M4 raw intraday GARCH,-6.10586,5.86676e-06
2022-05-30,M4 raw intraday GARCH,-6.44506,1.48924e-06
2022-05-31,M4 raw intraday GARCH,-5.87222,2.45714e-05
2022-06-01,M4 raw intraday GARCH,-6.07155,9.3275e-06
2022-06-02,M4 raw intraday GARCH,-6.3451,2.52412e-06
2022-06-03,M4 raw intraday GARCH,-6.59442,6.01898e-06
2022-06-06,M4 raw intraday GARCH,-6.46369,1.83032e-06
2022-06-07,M4 raw intraday GARCH,-6.3857,2.51763e-06
2022-06-08,M4 raw intraday GARCH,-6.51927,2.62448e-06
2022-06-09,M4 raw intraday GARCH,-5.92492,8.34944e-05
2022-06-10,M4 raw intraday GARCH,-5.59621,6.78875e-05
2022-06-13,M4 raw intraday GARCH,-5.39995,1.12468e-05
2022-06-14,M4 raw intraday GARCH,-5.6709,5.65074e-06
2022-06-15,M4 raw intraday GARCH,-4.66528,0.000201844
2022-06-16,M4 raw intraday GARCH,-5.05416,2.59074e-05
2022-06-17,M4 raw intraday GARCH,-5.43906,9.37447e-06
2022-06-20,M4 raw intraday GARCH,-6.14249,1.94562e-06
2022-06-21,M4 raw intraday GARCH,-6.05913,2.69891e-06
2022-06-22,M4 raw intraday GARCH,-5.99947,9.80042e-06
2022-06-23,M4 raw intraday GARCH,-5.65298,2.49307e-05
2022-06-24,M4 raw intraday GARCH,-6.02999,1.62367e-05
2022-06-27,M4 raw intraday GARCH,-6.19924,2.09867e-06
2022-06-28,M4 raw intraday GARCH,-6.27303,4.14522e-06
2022-06-29,M4 raw intraday GARCH,-5.93751,6.51194e-06
2022-06-30,M4 raw intraday GARCH,-5.82564,1.77362e-05
2022-07-01,M4 raw intraday GARCH,-5.92565,4.53819e-06
2022-07-04,M4 raw intraday GARCH,-6.47391,3.1071e-06
2022-07-05,M4 raw intraday GARCH,-5.63309,1.9179e-05
2022-07-06,M4 raw intraday GARCH,-5.51025,1.06478e-05
2022-07-07,M4 raw intraday GARCH,-5.70869,8.4948e-06
2022-07-08,M4 raw intraday GARCH,-5.54358,2.41813e-05
2022-07-11,M4 raw intraday GARCH,-5.77757,5.26634e-06
2022-07-12,M4 raw intraday GARCH,-5.63128,1.16062e-05
2022-07-13,M4 raw intraday GARCH,-4.67372,0.000609751
2022-07-14,M4 raw intraday GARCH,-5.13554,6.28004e-05
2022-07-15,M4 raw intraday GARCH,-5.77722,3.71968e-05
2022-07-18,M4 raw intraday GARCH,-5.80309,9.04173e-06
2022-07-19,M4 raw intraday GARCH,-5.41161,2.12603e-05
2022-07-20,M4 raw intraday GARCH,-5.63301,2.97394e-05
2022-07-21,M4 raw intraday GARCH,-5.05076,0.000189405
2022-07-22,M4 raw intraday GARCH,-5.44866,9.59649e-05
2022-07-25,M4 raw intraday GARCH,-5.82941,1.99207e-05
2022-07-26,M4 raw intraday GARCH,-5.86537,6.61824e-06
2022-07-27,M4 raw intraday GARCH,-5.45627,0.000127462
2022-07-28,M4 raw intraday GARCH,-5.23104,2.61533e-05
2022-07-29,M4 raw intraday GARCH,-5.45287,1.99636e-05
2022-08-01,M4 raw intraday GARCH,-5.87204,6.47565e-06
2022-08-02,M4 raw intraday GARCH,-5.56728,1.36904e-05
2022-08-03,M4 raw intraday GARCH,-5.82285,1.28697e-05
2022-08-04,M4 raw intraday GARCH,-5.91947,5.63042e-06
2022-08-05,M4 raw intraday GARCH,-4.76709,0.000233815
2022-08-08,M4 raw intraday GARCH,-6.21883,2.84677e-06
2022-08-09,M4 raw intraday GARCH,-6.72061,2.73401e-06
2022-08-10,M4 raw intraday GARCH,-5.60641,0.000549658
2022-08-11,M4 raw intraday GARCH,-6.1139,3.99497e-06
2022-08-12,M4 raw intraday GARCH,-6.23899,1.07639e-05
2022-08-15,M4 raw intraday GARCH,-6.35899,1.83113e-06
2022-08-16,M4 raw intraday GARCH,-6.13251,4.30784e-06
2022-08-17,M4 raw intraday GARCH,-5.78502,8.62184e-06
2022-08-18,M4 raw intraday GARCH,-6.24466,3.5591e-06
2022-08-19,M4 raw intraday GARCH,-6.25159,2.44421e-06
2022-08-22,M4 raw intraday GARCH,-6.04014,4.90628e-06
2022-08-23,M4 raw intraday GARCH,-5.78916,3.79879e-05
2022-08-24,M4 raw intraday GARCH,-5.99514,3.95549e-05
2022-08-25,M4 raw intraday GARCH,-5.39406,1.39474e-05
2022-08-26,M4 raw intraday GARCH,-5.73815,0.000201206
2022-08-29,M4 raw intraday GARCH,-5.74867,1.26359e-05
2022-08-30,M4 raw intraday GARCH,-5.71663,2.13001e-05
2022-08-31,M4 raw intraday GARCH,-5.72975,1.55096e-05
2022-09-01,M4 raw intraday GARCH,-5.69547,4.8278e-05
2022-09-02,M4 raw intraday GARCH,-5.7314,3.83083e-05
2022-09-05,M4 raw intraday GARCH,-5.88969,1.06022e-05
2022-09-06,M4 raw intraday GARCH,-5.55214,1.1391e-05
2022-09-07,M4 raw intraday GARCH,-5.55228,1.15475e-05
2022-09-08,M4 raw intraday GARCH,-5.88828,4.182e-05
2022-09-09,M4 raw intraday GARCH,-5.48569,2.14951e-05
2022-09-12,M4 raw intraday GARCH,-5.39937,3.25602e-05
2022-09-13,M4 raw intraday GARCH,-2.92931,0.0019741
2022-09-14,M4 raw intraday GARCH,-5.65944,8.66779e-06
2022-09-15,M4 raw intraday GARCH,-6.21226,3.79257e-06
2022-09-16,M4 raw intraday GARCH,-5.89189,1.7223e-05
2022-09-19,M4 raw intraday GARCH,-6.10971,3.90161e-06
2022-09-20,M4 raw intraday GARCH,-5.90538,4.27968e-06
2022-09-21,M4 raw intraday GARCH,-5.19776,0.000164035
2022-09-22,M4 raw intraday GARCH,-5.32458,2.22367e-05
2022-09-23,M4 raw intraday GARCH,-5.13934,5.44019e-05
2022-09-26,M4 raw intraday GARCH,-3.634,0.00285769
2022-09-27,M4 raw intraday GARCH,-5.11006,4.30647e-05
2022-09-28,M4 raw intraday GARCH,-4.778,6.40158e-05
2022-09-29,M4 raw intraday GARCH,-5.06202,7.03763e-05
2022-09-30,M4 raw intraday GARCH,-4.74431,3.74781e-05
2022-10-03,M4 raw intraday GARCH,-5.01995,5.13207e-05
2022-10-04,M4 raw intraday GARCH,-5.31517,1.66855e-05
2022-10-05,M4 raw intraday GARCH,-5.53995,3.72615e-05
2022-10-06,M4 raw intraday GARCH,-5.45297,1.15459e-05
2022-10-07,M4 raw intraday GARCH,-5.47549,3.38703e-05
2022-10-10,M4 raw intraday GARCH,-5.41452,3.35621e-05
2022-10-11,M4 raw intraday GARCH,-5.34867,1.6753e-05
2022-10-12,M4 raw intraday GARCH,-4.96025,6.81437e-05
2022-10-13,M4 raw intraday GARCH,-3.65818,0.00346209
2022-10-14,M4 raw intraday GARCH,-5.19302,3.55373e-05
2022-10-17,M4 raw intraday GARCH,-5.18268,1.92617e-05
2022-10-18,M4 raw intraday GARCH,-5.47336,1.06751e-05
2022-10-19,M4 raw intraday GARCH,-5.79401,7.71526e-06
2022-10-20,M4 raw intraday GARCH,-5.32268,1.5816e-05
2022-10-21,M4 raw intraday GARCH,-5.17889,9.02069e-05
2022-10-24,M4 raw intraday GARCH,-4.98747,9.79759e-05
2022-10-25,M4 raw intraday GARCH,-5.8734,1.24968e-05
2022-10-26,M4 raw intraday GARCH,-5.48409,1.17708e-05
2022-10-27,M4 raw intraday GARCH,-5.46405,2.05304e-05
2022-10-28,M4 raw intraday GARCH,-5.75108,1.57317e-05
2022-10-31,M4 raw intraday GARCH,-5.85835,5.74609e-06
2022-11-01,M4 raw intraday GARCH,-5.78171,2.22293e-05
2022-11-02,M4 raw intraday GARCH,-5.23263,0.000752915
2022-11-03,M4 raw intraday GARCH,-5.73709,7.45903e-06
2022-11-04,M4 raw intraday GARCH,-5.44072,4.40742e-05
2022-11-07,M4 raw intraday GARCH,-5.3585,2.20845e-05
2022-11-08,M4 raw intraday GARCH,-5.86216,1.27136e-05
2022-11-09,M4 raw intraday GARCH,-5.39877,3.80487e-05
2022-11-10,M4 raw intraday GARCH,-1.23592,0.0097484
2022-11-11,M4 raw intraday GARCH,-5.25393,1.21726e-05
2022-11-14,M4 raw intraday GARCH,-5.16273,1.54557e-05
2022-11-15,M4 raw intraday GARCH,-3.69341,0.000835289
2022-11-16,M4 raw intraday GARCH,-5.11975,2.08822e-05
2022-11-17,M4 raw intraday GARCH,-5.57188,1.8922e-05
2022-11-18,M4 raw intraday GARCH,-5.82132,4.73965e-06
2022-11-21,M4 raw intraday GARCH,-5.77612,4.57549e-06
2022-11-22,M4 raw intraday GARCH,-6.10668,3.7979e-06
2022-11-23,M4 raw intraday GARCH,-5.55257,3.5506e-05
2022-11-24,M4 raw intraday GARCH,-5.87261,4.58332e-06
2022-11-25,M4 raw intraday GARCH,-5.93297,3.16733e-06
2022-11-28,M4 raw intraday GARCH,-5.49362,1.07306e-05
2022-11-29,M4 raw intraday GARCH,-5.45759,2.82616e-05
2022-11-30,M4 raw intraday GARCH,-5.29145,5.74827e-05
2022-12-01,M4 raw intraday GARCH,-5.18537,3.34143e-05
2022-12-02,M4 raw intraday GARCH,-2.38068,0.00166406
2022-12-05,M4 raw intraday GARCH,-5.42641,3.07663e-05
2022-12-06,M4 raw intraday GARCH,-5.81597,5.20278e-06
2022-12-07,M4 raw intraday GARCH,-5.7457,8.27881e-06
2022-12-08,M4 raw intraday GARCH,-6.12467,3.49602e-06
2022-12-09,M4 raw intraday GARCH,-6.08026,8.14809e-06
2022-12-12,M4 raw intraday GARCH,-6.0702,3.99784e-06
2022-12-13,M4 raw intraday GARCH,-5.54,0.000357822
2022-12-14,M4 raw intraday GARCH,-5.50239,6.7153e-05
2022-12-15,M4 raw intraday GARCH,-5.54279,0.00012724
2022-12-16,M4 raw intraday GARCH,-6.01344,7.01569e-06
2022-12-19,M4 raw intraday GARCH,-5.99177,6.10728e-06
2022-12-20,M4 raw intraday GARCH,-5.47558,2.63319e-05
2022-12-21,M4 raw intraday GARCH,-6.24066,2.50868e-06
2022-12-22,M4 raw intraday GARCH,-6.0306,9.60983e-06
2022-12-23,M4 raw intraday GARCH,-6.40934,3.84386e-06
2022-12-26,M4 raw intraday GARCH,-7.27217,8.62252e-07
2022-12-27,M4 raw intraday GARCH,-6.29974,1.6256e-06
2022-12-28,M4 raw intraday GARCH,-6.55562,1.30894e-06
2022-12-29,M4 raw intraday GARCH,-6.47796,3.7015e-06
2022-12-30,M4 raw intraday GARCH,-5.94744,5.94691e-06
2023-01-02,M0 flat,-6.04691,5.1758e-06
2023-01-03,M0 flat,-5.25407,1.56298e-05
2023-01-04,M0 flat,-5.53563,2.3211e-05
2023-01-05,M0 flat,-5.61624,9.96691e-06
2023-01-06,M0 flat,-4.93653,7.08975e-05
2023-01-09,M0 flat,-5.85618,3.11304e-06
2023-01-10,M0 flat,-5.94632,4.77114e-06
2023-01-11,M0 flat,-5.95853,4.48136e-06
2023-01-12,M0 flat,-4.81482,0.000103751
2023-01-13,M0 flat,-5.81667,5.47637e-06
2023-01-16,M0 flat,-6.15195,1.56318e-06
2023-01-17,M0 flat,-5.53971,1.59246e-05
2023-01-18,M0 flat,-5.36592,1.23623e-05
2023-01-19,M0 flat,-5.95009,2.60721e-06
2023-01-20,M0 flat,-6.09845,1.90956e-06
2023-01-23,M0 flat,-5.94929,4.11708e-06
2023-01-24,M0 flat,-6.0589,5.3149e-06
2023-01-25,M0 flat,-5.92354,6.92295e-06
2023-01-26,M0 flat,-6.09357,3.13407e-06
2023-01-30,M0 flat,-6.21518,2.31393e-06
2023-01-31,M0 flat,-6.0776,5.13175e-06
2023-02-01,M0 flat,-5.57885,6.5098e-05
2023-02-02,M0 flat,-4.93603,3.95447e-05
2023-02-03,M0 flat,-4.32617,0.000439831
2023-02-06,M0 flat,-6.05275,2.56217e-06
2023-02-07,M0 flat,-5.42037,1.9654e-05
2023-02-08,M0 flat,-6.00845,3.47276e-06
2023-02-09,M0 flat,-6.09162,2.50816e-06
2023-02-10,M0 flat,-6.05421,5.04161e-06
2023-02-13,M0 flat,-6.20391,2.08972e-06
2023-02-14,M0 flat,-4.98954,6.47159e-05
2023-02-15,M0 flat,-5.96172,6.48439e-06
2023-02-16,M0 flat,-6.12581,3.62702e-06
2023-02-17,M0 flat,-5.97924,5.03056e-06
2023-07-31,M0 flat,-6.35401,1.5558e-06
2023-08-01,M0 flat,-6.34522,1.81946e-06
2023-08-02,M0 flat,-6.15736,2.78172e-06
2023-08-03,M0 flat,-6.06122,4.41496e-06
2023-08-04,M0 flat,-6.06897,6.4828e-06
2023-08-07,M0 flat,-6.58845,7.24914e-07
2023-08-08,M0 flat,-6.55979,1.03855e-06
2023-08-09,M0 flat,-6.53347,1.15689e-06
2023-08-10,M0 flat,-6.19536,4.46143e-06
2023-08-11,M0 flat,-6.32769,8.93543e-06
2023-08-14,M0 flat,-6.46454,1.67342e-06
2023-08-15,M0 flat,-6.21213,4.35101e-06
2023-08-16,M0 flat,-6.5688,7.6679e-07
2023-08-17,M0 flat,-6.60894,9.50326e-07
2023-08-18,M0 flat,-6.65851,6.07146e-07
2023-08-21,M0 flat,-6.79188,5.08302e-07
2023-08-22,M0 flat,-6.64483,8.43625e-07
2023-08-23,M0 flat,-5.53828,0.000128122
2023-08-24,M0 flat,-6.70065,7.93687e-07
2023-08-25,M0 flat,-5.6097,2.3478e-05
2023-08-28,M0 flat,-6.88588,3.79387e-07
2023-08-29,M0 flat,-5.56261,8.79415e-05
2023-08-30,M0 flat,-6.32503,3.78083e-06
2023-08-31,M0 flat,-6.31308,2.74473e-06
2023-09-01,M0 flat,-5.48369,5.31427e-05
2023-09-04,M0 flat,-6.90371,5.16513e-07
2023-09-05,M0 flat,-6.52823,1.17389e-06
2023-09-06,M0 flat,-6.33601,1.75314e-05
2023-09-07,M0 flat,-6.65285,1.28552e-06
2023-09-08,M0 flat,-6.75249,7.76507e-07
2023-09-11,M0 flat,-6.67756,7.70612e-07
2023-09-12,M0 flat,-6.59417,1.05074e-06
2023-09-13,M0 flat,-6.37257,3.51354e-06
2023-09-14,M0 flat,-5.59201,4.16844e-05
2023-09-15,M0 flat,-6.49761,5.06969e-06
2023-09-18,M0 flat,-6.85191,4.21142e-07
2023-09-19,M0 flat,-6.81369,7.66742e-07
2023-09-20,M0 flat,-5.79448,8.3542e-05
2023-09-21,M0 flat,-6.3169,1.7008e-06
2023-09-22,M0 flat,-5.69679,6.71148e-05
2023-09-26,M0 flat,-6.72242,5.16942e-07
2023-09-27,M0 flat,-6.36938,1.56131e-06
2023-09-28,M0 flat,-5.86155,7.09688e-06
2023-09-29,M0 flat,-6.32529,2.87e-06
2023-10-02,M0 flat,-6.35918,2.16356e-06
2023-10-03,M0 flat,-5.87399,2.03775e-05
2023-10-04,M0 flat,-6.18989,3.13547e-06
2023-10-05,M0 flat,-6.40337,1.42231e-06
2023-10-06,M0 flat,-4.57989,0.000217763
2023-10-09,M0 flat,-6.46671,1.88179e-06
2023-10-10,M0 flat,-6.40381,1.0249e-06
2023-10-11,M0 flat,-6.28586,2.92113e-06
2023-10-12,M0 flat,-5.99987,3.88565e-05
2023-10-13,M0 flat,-6.46717,1.13918e-06
2023-10-16,M0 flat,-6.54195,8.32665e-07
2023-10-17,M0 flat,-6.12295,1.57385e-05
2023-10-18,M0 flat,-6.45323,1.76917e-06
2023-10-19,M0 flat,-5.56873,4.41775e-05
2023-10-20,M0 flat,-6.36033,2.26574e-06
2023-10-23,M0 flat,-6.46731,1.02703e-06
2023-10-24,M0 flat,-6.24217,2.73158e-06
2023-10-25,M0 flat,-6.66061,7.11638e-07
2023-10-26,M0 flat,-6.41886,1.51171e-06
2023-10-27,M0 flat,-6.1274,5.1723e-06
2023-10-30,M0 flat,-6.5122,1.53839e-06
2023-10-31,M0 flat,-5.89098,1.62695e-05
2023-11-01,M0 flat,-6.23655,2.64104e-06
2023-11-02,M0 flat,-6.44703,1.31908e-06
2023-11-03,M0 flat,-5.79668,5.86236e-05
2023-11-06,M0 flat,-6.65278,6.21416e-07
2023-11-07,M0 flat,-6.61005,6.99208e-07
2023-11-08,M0 flat,-6.64119,8.1685e-07
2023-11-09,M0 flat,-6.18441,1.21018e-05
2023-11-10,M0 flat,-6.5216,1.01923e-06
2023-11-13,M0 flat,-6.74605,5.29186e-07
2023-11-14,M0 flat,-4.52564,0.000424398
2023-11-15,M0 flat,-6.30683,2.09284e-06
2023-11-16,M0 flat,-6.27903,4.49767e-06
2023-11-17,M0 flat,-6.31516,1.72554e-06
2023-11-20,M0 flat,-6.4036,1.65407e-06
2023-11-21,M0 flat,-6.47669,9.69451e-07
2023-11-22,M0 flat,-6.22578,3.26471e-06
2023-11-23,M0 flat,-6.6764,1.74461e-06
2023-11-24,M0 flat,-6.62655,9.73465e-07
2023-11-27,M0 flat,-6.63487,6.85549e-07
2023-11-28,M0 flat,-6.33877,2.57848e-06
2023-11-29,M0 flat,-6.32796,4.06841e-06
2023-11-30,M0 flat,-6.04669,3.44287e-06
2023-12-01,M0 flat,-6.17091,2.58562e-06
2023-12-04,M0 flat,-6.3423,1.6421e-06
2023-12-05,M0 flat,-6.21413,1.32231e-05
2023-12-06,M0 flat,-6.51589,8.803e-07
2023-12-07,M0 flat,-6.38545,1.70644e-06
2023-12-08,M0 flat,-5.78145,2.88953e-05
2023-12-11,M0 flat,-6.63026,7.15944e-07
2023-12-12,M0 flat,-6.37953,2.84074e-06
2023-12-13,M0 flat,-5.23876,0.000152522
2023-12-14,M0 flat,-5.61744,1.07357e-05
2023-12-15,M0 flat,-5.96804,1.79168e-05
2023-12-18,M0 flat,-6.55931,7.83762e-07
2023-12-19,M0 flat,-6.46523,2.18842e-06
2023-12-20,M0 flat,-6.50396,1.22459e-06
2023-12-21,M0 flat,-6.4458,1.72093e-06
2023-12-22,M0 flat,-6.38034,1.17997e-06
2023-12-26,M0 flat,-6.6964,9.23643e-07
2023-12-27,M0 flat,-6.50725,2.30143e-06
2023-12-28,M0 flat,-6.1572,8.72369e-06
2023-12-29,M0 flat,-6.4021,1.85087e-06
2023-01-02,M1 hist. profile,-5.80287,6.41123e-06
2023-01-03,M1 hist. profile,-5.30121,1.52838e-05
2023-01-04,M1 hist. profile,-5.97837,2.08879e-05
2023-01-05,M1 hist. profile,-5.8956,8.69004e-06
2023-01-06,M1 hist. profile,-5.86435,6.16248e-05
2023-01-09,M1 hist. profile,-6.01704,3.57988e-06
2023-01-10,M1 hist. profile,-6.13183,5.63458e-06
2023-01-11,M1 hist. profile,-6.18198,5.54902e-06
2023-01-12,M1 hist. profile,-5.76575,9.10764e-05
2023-01-13,M1 hist. profile,-6.05438,5.3032e-06
2023-01-16,M1 hist. profile,-6.24372,2.58279e-06
2023-01-17,M1 hist. profile,-5.92557,1.32847e-05
2023-01-18,M1 hist. profile,-5.55373,1.21234e-05
2023-01-19,M1 hist. profile,-6.17154,3.02775e-06
2023-01-20,M1 hist. profile,-6.31299,2.50152e-06
2023-01-23,M1 hist. profile,-6.18047,3.94714e-06
2023-01-24,M1 hist. profile,-6.41297,5.28101e-06
2023-01-25,M1 hist. profile,-6.26657,6.23372e-06
2023-01-26,M1 hist. profile,-6.40891,3.04785e-06
2023-01-30,M1 hist. profile,-6.45998,2.47982e-06
2023-01-31,M1 hist. profile,-6.46606,3.55931e-06
2023-02-01,M1 hist. profile,-5.67352,6.55054e-05
2023-02-02,M1 hist. profile,-5.27527,3.74409e-05
2023-02-03,M1 hist. profile,-6.04535,0.000407898
2023-02-06,M1 hist. profile,-6.25276,3.1263e-06
2023-02-07,M1 hist. profile,-5.55775,2.04741e-05
2023-02-08,M1 hist. profile,-6.30693,3.78531e-06
2023-02-09,M1 hist. profile,-6.35043,2.76919e-06
2023-02-10,M1 hist. profile,-6.39257,4.8765e-06
2023-02-13,M1 hist. profile,-6.41533,2.66787e-06
2023-02-14,M1 hist. profile,-6.00964,5.48038e-05
2023-02-15,M1 hist. profile,-6.38476,5.3005e-06
2023-02-16,M1 hist. profile,-6.4507,2.38517e-06
2023-02-17,M1 hist. profile,-6.31124,4.45931e-06
2023-07-31,M1 hist. profile,-6.58143,1.91104e-06
2023-08-01,M1 hist. profile,-6.6666,1.91502e-06
2023-08-02,M1 hist. profile,-6.10588,2.91969e-06
2023-08-03,M1 hist. profile,-6.46347,3.82218e-06
2023-08-04,M1 hist. profile,-6.58673,4.84126e-06
2023-08-07,M1 hist. profile,-6.81255,1.08622e-06
2023-08-08,M1 hist. profile,-6.8023,1.25642e-06
2023-08-09,M1 hist. profile,-6.78384,1.16393e-06
2023-08-10,M1 hist. profile,-6.63709,3.76867e-06
2023-08-11,M1 hist. profile,-6.83572,6.24915e-06
2023-08-14,M1 hist. profile,-6.78459,1.61516e-06
2023-08-15,M1 hist. profile,-6.63961,3.38389e-06
2023-08-16,M1 hist. profile,-6.8143,8.13792e-07
2023-08-17,M1 hist. profile,-6.8531,1.08141e-06
2023-08-18,M1 hist. profile,-6.83257,8.35851e-07
2023-08-21,M1 hist. profile,-7.03141,7.08069e-07
2023-08-22,M1 hist. profile,-6.95147,8.71347e-07
2023-08-23,M1 hist. profile,-6.3082,0.000127403
2023-08-24,M1 hist. profile,-6.92306,5.46026e-07
2023-08-25,M1 hist. profile,-6.38264,2.19447e-05
2023-08-28,M1 hist. profile,-7.06742,5.89492e-07
2023-08-29,M1 hist. profile,-6.51946,8.52951e-05
2023-08-30,M1 hist. profile,-6.74667,2.47612e-06
2023-08-31,M1 hist. profile,-6.74746,2.43791e-06
2023-09-01,M1 hist. profile,-6.61322,4.65311e-05
2023-09-04,M1 hist. profile,-7.09894,8.28955e-07
2023-09-05,M1 hist. profile,-6.83101,1.15124e-06
2023-09-06,M1 hist. profile,-6.79479,1.64087e-05
2023-09-07,M1 hist. profile,-6.96076,7.21258e-07
2023-09-08,M1 hist. profile,-7.01099,8.0617e-07
2023-09-11,M1 hist. profile,-6.90955,8.6577e-07
2023-09-12,M1 hist. profile,-6.52615,1.3847e-06
2023-09-13,M1 hist. profile,-6.75127,3.23587e-06
2023-09-14,M1 hist. profile,-6.63314,3.6931e-05
2023-09-15,M1 hist. profile,-6.87484,4.40571e-06
2023-09-18,M1 hist. profile,-7.08486,6.29123e-07
2023-09-19,M1 hist. profile,-7.08993,8.77739e-07
2023-09-20,M1 hist. profile,-6.41413,8.2365e-05
2023-09-21,M1 hist. profile,-6.52747,1.73832e-06
2023-09-22,M1 hist. profile,-6.33074,6.66172e-05
2023-09-26,M1 hist. profile,-6.94979,6.239e-07
2023-09-27,M1 hist. profile,-6.61868,1.5552e-06
2023-09-28,M1 hist. profile,-6.47509,5.19917e-06
2023-09-29,M1 hist. profile,-6.7299,2.16694e-06
2023-10-02,M1 hist. profile,-6.73322,2.05851e-06
2023-10-03,M1 hist. profile,-6.41565,1.89541e-05
2023-10-04,M1 hist. profile,-6.50323,2.86534e-06
2023-10-05,M1 hist. profile,-6.74272,1.13895e-06
2023-10-06,M1 hist. profile,-6.33716,0.000204807
2023-10-09,M1 hist. profile,-6.63731,1.99616e-06
2023-10-10,M1 hist. profile,-6.65807,9.35506e-07
2023-10-11,M1 hist. profile,-6.60272,2.85527e-06
2023-10-12,M1 hist. profile,-6.8277,3.4053e-05
2023-10-13,M1 hist. profile,-6.80989,1.08276e-06
2023-10-16,M1 hist. profile,-6.719,9.78931e-07
2023-10-17,M1 hist. profile,-6.73399,1.24223e-05
2023-10-18,M1 hist. profile,-6.75012,1.74226e-06
2023-10-19,M1 hist. profile,-5.85444,4.42142e-05
2023-10-20,M1 hist. profile,-6.73713,2.05187e-06
2023-10-23,M1 hist. profile,-6.7988,1.03089e-06
2023-10-24,M1 hist. profile,-6.63163,2.44999e-06
2023-10-25,M1 hist. profile,-6.94181,9.03508e-07
2023-10-26,M1 hist. profile,-6.6938,1.22275e-06
2023-10-27,M1 hist. profile,-6.59033,4.76355e-06
2023-10-30,M1 hist. profile,-6.81889,1.54862e-06
2023-10-31,M1 hist. profile,-6.44909,1.34171e-05
2023-11-01,M1 hist. profile,-6.54681,1.99281e-06
2023-11-02,M1 hist. profile,-6.7539,1.2478e-06
2023-11-03,M1 hist. profile,-6.75598,5.22051e-05
2023-11-06,M1 hist. profile,-6.87804,9.0829e-07
2023-11-07,M1 hist. profile,-6.86652,9.36366e-07
2023-11-08,M1 hist. profile,-6.92174,9.8017e-07
2023-11-09,M1 hist. profile,-6.50942,1.18607e-05
2023-11-10,M1 hist. profile,-6.85466,9.47438e-07
2023-11-13,M1 hist. profile,-6.99845,7.18141e-07
2023-11-14,M1 hist. profile,-6.66628,0.000407208
2023-11-15,M1 hist. profile,-6.57359,1.53232e-06
2023-11-16,M1 hist. profile,-6.66031,2.52396e-06
2023-11-17,M1 hist. profile,-6.58813,1.90188e-06
2023-11-20,M1 hist. profile,-6.55923,2.03157e-06
2023-11-21,M1 hist. profile,-6.70102,1.25275e-06
2023-11-22,M1 hist. profile,-6.59489,2.508e-06
2023-11-23,M1 hist. profile,-6.93067,2.16594e-06
2023-11-24,M1 hist. profile,-6.85397,1.2298e-06
2023-11-27,M1 hist. profile,-6.82706,1.08698e-06
2023-11-28,M1 hist. profile,-6.66784,2.42278e-06
2023-11-29,M1 hist. profile,-6.65092,3.71823e-06
2023-11-30,M1 hist. profile,-6.48502,2.64297e-06
2023-12-01,M1 hist. profile,-6.52284,2.2463e-06
2023-12-04,M1 hist. profile,-6.59752,1.6101e-06
2023-12-05,M1 hist. profile,-6.69273,1.20356e-05
2023-12-06,M1 hist. profile,-6.75379,9.71197e-07
2023-12-07,M1 hist. profile,-6.71042,1.56034e-06
2023-12-08,M1 hist. profile,-6.60006,2.37999e-05
2023-12-11,M1 hist. profile,-6.90639,9.05173e-07
2023-12-12,M1 hist. profile,-6.83141,2.39357e-06
2023-12-13,M1 hist. profile,-5.93148,0.000151128
2023-12-14,M1 hist. profile,-6.12164,9.77911e-06
2023-12-15,M1 hist. profile,-6.4121,1.59365e-05
2023-12-18,M1 hist. profile,-6.79915,1.24346e-06
2023-12-19,M1 hist. profile,-6.74308,2.43253e-06
2023-12-20,M1 hist. profile,-6.74799,1.56212e-06
2023-12-21,M1 hist. profile,-6.75873,1.20799e-06
2023-12-22,M1 hist. profile,-6.65111,1.04206e-06
2023-12-26,M1 hist. profile,-6.74318,1.61353e-06
2023-12-27,M1 hist. profile,-6.81257,2.54212e-06
2023-12-28,M1 hist. profile,-6.51851,8.45755e-06
2023-12-29,M1 hist. profile,-6.66324,2.13693e-06
2023-01-02,M2 FFF,-5.85488,6.31317e-06
2023-01-03,M2 FFF,-5.21503,1.53186e-05
2023-01-04,M2 FFF,-5.92129,2.22889e-05
2023-01-05,M2 FFF,-5.91732,8.56798e-06
2023-01-06,M2 FFF,-5.75992,6.42727e-05
2023-01-09,M2 FFF,-6.00587,3.44104e-06
2023-01-10,M2 FFF,-6.11269,5.46565e-06
2023-01-11,M2 FFF,-6.17276,5.1272e-06
2023-01-12,M2 FFF,-5.6836,9.27746e-05
2023-01-13,M2 FFF,-6.04924,5.1326e-06
2023-01-16,M2 FFF,-6.23773,2.37094e-06
2023-01-17,M2 FFF,-5.88258,1.41864e-05
2023-01-18,M2 FFF,-5.52511,1.21504e-05
2023-01-19,M2 FFF,-6.16276,2.86143e-06
2023-01-20,M2 FFF,-6.30919,2.3776e-06
2023-01-23,M2 FFF,-6.14484,4.20417e-06
2023-01-24,M2 FFF,-6.40435,5.17047e-06
2023-01-25,M2 FFF,-6.24961,6.70859e-06
2023-01-26,M2 FFF,-6.40667,2.90153e-06
2023-01-30,M2 FFF,-6.43871,2.50701e-06
2023-01-31,M2 FFF,-6.43257,3.60577e-06
2023-02-01,M2 FFF,-5.70479,6.5649e-05
2023-02-02,M2 FFF,-5.28482,3.70003e-05
2023-02-03,M2 FFF,-5.9069,0.000410686
2023-02-06,M2 FFF,-6.23458,2.90162e-06
2023-02-07,M2 FFF,-5.59037,2.02279e-05
2023-02-08,M2 FFF,-6.29443,3.60818e-06
2023-02-09,M2 FFF,-6.32981,2.69855e-06
2023-02-10,M2 FFF,-6.38683,4.75218e-06
2023-02-13,M2 FFF,-6.40508,2.49968e-06
2023-02-14,M2 FFF,-5.94515,5.56301e-05
2023-02-15,M2 FFF,-6.38797,5.26743e-06
2023-02-16,M2 FFF,-6.43706,2.41835e-06
2023-02-17,M2 FFF,-6.28427,4.83049e-06
2023-07-31,M2 FFF,-6.5625,1.82121e-06
2023-08-01,M2 FFF,-6.65994,1.9021e-06
2023-08-02,M2 FFF,-6.1186,2.87819e-06
2023-08-03,M2 FFF,-6.44776,4.11348e-06
2023-08-04,M2 FFF,-6.55364,4.89621e-06
2023-08-07,M2 FFF,-6.81504,1.0339e-06
2023-08-08,M2 FFF,-6.79518,1.29e-06
2023-08-09,M2 FFF,-6.7715,1.28431e-06
2023-08-10,M2 FFF,-6.64685,3.80621e-06
2023-08-11,M2 FFF,-6.8345,6.21536e-06
2023-08-14,M2 FFF,-6.76088,1.6316e-06
2023-08-15,M2 FFF,-6.62184,3.3785e-06
2023-08-16,M2 FFF,-6.82266,8.20039e-07
2023-08-17,M2 FFF,-6.84991,1.12775e-06
2023-08-18,M2 FFF,-6.82399,8.2414e-07
2023-08-21,M2 FFF,-7.04115,6.679e-07
2023-08-22,M2 FFF,-6.95183,8.95963e-07
2023-08-23,M2 FFF,-6.24736,0.000127574
2023-08-24,M2 FFF,-6.91336,5.69166e-07
2023-08-25,M2 FFF,-6.30959,2.25048e-05
2023-08-28,M2 FFF,-7.04718,6.01668e-07
2023-08-29,M2 FFF,-6.35653,8.6909e-05
2023-08-30,M2 FFF,-6.75471,2.41374e-06
2023-08-31,M2 FFF,-6.71711,2.54354e-06
2023-09-01,M2 FFF,-6.59252,4.64906e-05
2023-09-04,M2 FFF,-7.09975,8.42368e-07
2023-09-05,M2 FFF,-6.83903,1.14579e-06
2023-09-06,M2 FFF,-6.70242,1.73039e-05
2023-09-07,M2 FFF,-6.96114,6.68942e-07
2023-09-08,M2 FFF,-7.0144,8.61081e-07
2023-09-11,M2 FFF,-6.88554,8.89872e-07
2023-09-12,M2 FFF,-6.53166,1.36211e-06
2023-09-13,M2 FFF,-6.77599,3.20632e-06
2023-09-14,M2 FFF,-6.6777,3.66468e-05
2023-09-15,M2 FFF,-6.83615,4.8122e-06
2023-09-18,M2 FFF,-7.08918,6.12843e-07
2023-09-19,M2 FFF,-7.09453,9.44901e-07
2023-09-20,M2 FFF,-5.95115,8.35216e-05
2023-09-21,M2 FFF,-6.53169,1.69094e-06
2023-09-22,M2 FFF,-6.29778,6.66688e-05
2023-09-26,M2 FFF,-6.95685,6.07958e-07
2023-09-27,M2 FFF,-6.61169,1.53751e-06
2023-09-28,M2 FFF,-6.47641,5.1918e-06
2023-09-29,M2 FFF,-6.71572,2.26035e-06
2023-10-02,M2 FFF,-6.69805,2.0799e-06
2023-10-03,M2 FFF,-6.32732,1.97091e-05
2023-10-04,M2 FFF,-6.48436,3.01243e-06
2023-10-05,M2 FFF,-6.75682,1.13568e-06
2023-10-06,M2 FFF,-6.35706,0.000204286
2023-10-09,M2 FFF,-6.63787,2.00482e-06
2023-10-10,M2 FFF,-6.65775,9.66299e-07
2023-10-11,M2 FFF,-6.65035,2.77936e-06
2023-10-12,M2 FFF,-6.83869,3.38163e-05
2023-10-13,M2 FFF,-6.83923,1.01837e-06
2023-10-16,M2 FFF,-6.73157,9.54276e-07
2023-10-17,M2 FFF,-6.74222,1.23351e-05
2023-10-18,M2 FFF,-6.73881,1.72438e-06
2023-10-19,M2 FFF,-5.74469,4.43528e-05
2023-10-20,M2 FFF,-6.75706,2.03065e-06
2023-10-23,M2 FFF,-6.80748,1.00118e-06
2023-10-24,M2 FFF,-6.64595,2.5074e-06
2023-10-25,M2 FFF,-6.95154,8.79057e-07
2023-10-26,M2 FFF,-6.70824,1.21796e-06
2023-10-27,M2 FFF,-6.58902,4.74882e-06
2023-10-30,M2 FFF,-6.81964,1.55837e-06
2023-10-31,M2 FFF,-6.43073,1.33563e-05
2023-11-01,M2 FFF,-6.51976,2.04954e-06
2023-11-02,M2 FFF,-6.74075,1.23079e-06
2023-11-03,M2 FFF,-6.76246,5.19796e-05
2023-11-06,M2 FFF,-6.87178,9.06889e-07
2023-11-07,M2 FFF,-6.87761,9.03717e-07
2023-11-08,M2 FFF,-6.92795,9.68257e-07
2023-11-09,M2 FFF,-6.38608,1.21947e-05
2023-11-10,M2 FFF,-6.86149,9.48492e-07
2023-11-13,M2 FFF,-6.99357,7.21321e-07
2023-11-14,M2 FFF,-6.6678,0.000406444
2023-11-15,M2 FFF,-6.53109,1.59501e-06
2023-11-16,M2 FFF,-6.65751,2.47235e-06
2023-11-17,M2 FFF,-6.57042,1.85771e-06
2023-11-20,M2 FFF,-6.51939,2.04472e-06
2023-11-21,M2 FFF,-6.69309,1.2149e-06
2023-11-22,M2 FFF,-6.58017,2.75274e-06
2023-11-23,M2 FFF,-6.91989,2.15341e-06
2023-11-24,M2 FFF,-6.85997,1.19742e-06
2023-11-27,M2 FFF,-6.81637,1.04611e-06
2023-11-28,M2 FFF,-6.68451,2.46319e-06
2023-11-29,M2 FFF,-6.5941,4.01642e-06
2023-11-30,M2 FFF,-6.51368,2.60522e-06
2023-12-01,M2 FFF,-6.51075,2.41172e-06
2023-12-04,M2 FFF,-6.57698,1.66651e-06
2023-12-05,M2 FFF,-6.63878,1.27994e-05
2023-12-06,M2 FFF,-6.74023,9.94703e-07
2023-12-07,M2 FFF,-6.69629,1.69548e-06
2023-12-08,M2 FFF,-6.59202,2.37985e-05
2023-12-11,M2 FFF,-6.8959,8.74635e-07
2023-12-12,M2 FFF,-6.83351,2.36229e-06
2023-12-13,M2 FFF,-5.3696,0.000152718
2023-12-14,M2 FFF,-6.13288,9.57352e-06
2023-12-15,M2 FFF,-6.37492,1.60404e-05
2023-12-18,M2 FFF,-6.79661,1.18008e-06
2023-12-19,M2 FFF,-6.75162,2.32874e-06
2023-12-20,M2 FFF,-6.72908,1.55769e-06
2023-12-21,M2 FFF,-6.7537,1.23372e-06
2023-12-22,M2 FFF,-6.64895,9.82665e-07
2023-12-26,M2 FFF,-6.73643,1.56353e-06
2023-12-27,M2 FFF,-6.81206,2.47331e-06
2023-12-28,M2 FFF,-6.49503,8.45725e-06
2023-12-29,M2 FFF,-6.65411,2.08375e-06
2023-01-02,M3 FFF+intraday GARCH,-6.16669,4.91884e-06
2023-01-03,M3 FFF+intraday GARCH,-5.31572,1.50621e-05
2023-01-04,M3 FFF+intraday GARCH,-5.91088,2.28902e-05
2023-01-05,M3 FFF+intraday GARCH,-5.90822,9.47231e-06
2023-01-06,M3 FFF+intraday GARCH,-5.94356,5.9772e-05
2023-01-09,M3 FFF+intraday GARCH,-5.99521,3.12369e-06
2023-01-10,M3 FFF+intraday GARCH,-6.17865,4.3978e-06
2023-01-11,M3 FFF+intraday GARCH,-6.31679,4.18746e-06
2023-01-12,M3 FFF+intraday GARCH,-5.88179,9.02847e-05
2023-01-13,M3 FFF+intraday GARCH,-6.12405,4.84953e-06
2023-01-16,M3 FFF+intraday GARCH,-6.62641,8.17375e-07
2023-01-17,M3 FFF+intraday GARCH,-5.85441,1.37934e-05
2023-01-18,M3 FFF+intraday GARCH,-5.58595,1.29294e-05
2023-01-19,M3 FFF+intraday GARCH,-6.19195,2.39148e-06
2023-01-20,M3 FFF+intraday GARCH,-6.41304,1.72557e-06
2023-01-23,M3 FFF+intraday GARCH,-6.14811,4.02205e-06
2023-01-24,M3 FFF+intraday GARCH,-6.55826,5.22793e-06
2023-01-25,M3 FFF+intraday GARCH,-6.29644,6.74596e-06
2023-01-26,M3 FFF+intraday GARCH,-6.50266,2.57922e-06
2023-01-30,M3 FFF+intraday GARCH,-6.49032,2.13684e-06
2023-01-31,M3 FFF+intraday GARCH,-6.45883,3.98517e-06
2023-02-01,M3 FFF+intraday GARCH,-6.47424,6.07908e-05
2023-02-02,M3 FFF+intraday GARCH,-5.63793,3.47908e-05
2023-02-03,M3 FFF+intraday GARCH,-6.01888,0.000418701
2023-02-06,M3 FFF+intraday GARCH,-6.31825,2.31779e-06
2023-02-07,M3 FFF+intraday GARCH,-5.98075,1.77362e-05
2023-02-08,M3 FFF+intraday GARCH,-6.36135,3.24215e-06
2023-02-09,M3 FFF+intraday GARCH,-6.43672,2.15337e-06
2023-02-10,M3 FFF+intraday GARCH,-6.56335,4.54601e-06
2023-02-13,M3 FFF+intraday GARCH,-6.46246,1.98428e-06
2023-02-14,M3 FFF+intraday GARCH,-6.20201,5.46775e-05
2023-02-15,M3 FFF+intraday GARCH,-6.53459,5.31792e-06
2023-02-16,M3 FFF+intraday GARCH,-6.52654,2.66764e-06
2023-02-17,M3 FFF+intraday GARCH,-6.27535,4.54848e-06
2023-07-31,M3 FFF+intraday GARCH,-6.69883,1.36785e-06
2023-08-01,M3 FFF+intraday GARCH,-6.88763,1.57796e-06
2023-08-02,M3 FFF+intraday GARCH,-6.13608,2.72234e-06
2023-08-03,M3 FFF+intraday GARCH,-6.57799,4.39843e-06
2023-08-04,M3 FFF+intraday GARCH,-6.738,5.11111e-06
2023-08-07,M3 FFF+intraday GARCH,-7.03357,4.47066e-07
2023-08-08,M3 FFF+intraday GARCH,-7.0133,9.06988e-07
2023-08-09,M3 FFF+intraday GARCH,-6.94334,9.90006e-07
2023-08-10,M3 FFF+intraday GARCH,-6.78483,3.75805e-06
2023-08-11,M3 FFF+intraday GARCH,-7.01912,7.21406e-06
2023-08-14,M3 FFF+intraday GARCH,-6.80773,1.48255e-06
2023-08-15,M3 FFF+intraday GARCH,-6.66562,3.61986e-06
2023-08-16,M3 FFF+intraday GARCH,-6.92,6.21615e-07
2023-08-17,M3 FFF+intraday GARCH,-6.92673,8.91037e-07
2023-08-18,M3 FFF+intraday GARCH,-6.85088,5.96957e-07
2023-08-21,M3 FFF+intraday GARCH,-7.21391,4.51669e-07
2023-08-22,M3 FFF+intraday GARCH,-7.09726,7.71011e-07
2023-08-23,M3 FFF+intraday GARCH,-5.95707,0.000130746
2023-08-24,M3 FFF+intraday GARCH,-6.95752,5.34169e-07
2023-08-25,M3 FFF+intraday GARCH,-6.33187,2.0302e-05
2023-08-28,M3 FFF+intraday GARCH,-7.19021,3.21448e-07
2023-08-29,M3 FFF+intraday GARCH,-6.28133,8.85076e-05
2023-08-30,M3 FFF+intraday GARCH,-6.78249,2.35907e-06
2023-08-31,M3 FFF+intraday GARCH,-6.70233,2.74578e-06
2023-09-01,M3 FFF+intraday GARCH,-6.70017,4.72889e-05
2023-09-04,M3 FFF+intraday GARCH,-7.54525,2.70278e-07
2023-09-05,M3 FFF+intraday GARCH,-6.9077,1.06735e-06
2023-09-06,M3 FFF+intraday GARCH,-6.62967,1.77026e-05
2023-09-07,M3 FFF+intraday GARCH,-7.12091,7.45435e-07
2023-09-08,M3 FFF+intraday GARCH,-7.26037,5.73424e-07
2023-09-11,M3 FFF+intraday GARCH,-6.93576,6.63096e-07
2023-09-12,M3 FFF+intraday GARCH,-6.6608,1.04922e-06
2023-09-13,M3 FFF+intraday GARCH,-6.78833,3.14771e-06
2023-09-14,M3 FFF+intraday GARCH,-6.68912,2.86623e-05
2023-09-15,M3 FFF+intraday GARCH,-6.89437,4.82176e-06
2023-09-18,M3 FFF+intraday GARCH,-7.34666,2.34512e-07
2023-09-19,M3 FFF+intraday GARCH,-7.37134,7.21164e-07
2023-09-20,M3 FFF+intraday GARCH,-6.28571,8.46027e-05
2023-09-21,M3 FFF+intraday GARCH,-6.39951,1.75042e-06
2023-09-22,M3 FFF+intraday GARCH,-6.37161,6.71598e-05
2023-09-26,M3 FFF+intraday GARCH,-7.01173,5.40346e-07
2023-09-27,M3 FFF+intraday GARCH,-6.64118,1.55092e-06
2023-09-28,M3 FFF+intraday GARCH,-6.51162,5.28998e-06
2023-09-29,M3 FFF+intraday GARCH,-6.70189,2.44283e-06
2023-10-02,M3 FFF+intraday GARCH,-6.72167,2.08475e-06
2023-10-03,M3 FFF+intraday GARCH,-6.26493,1.96337e-05
2023-10-04,M3 FFF+intraday GARCH,-6.4627,3.59894e-06
2023-10-05,M3 FFF+intraday GARCH,-6.77579,1.13029e-06
2023-10-06,M3 FFF+intraday GARCH,-6.60557,0.000206061
2023-10-09,M3 FFF+intraday GARCH,-6.6138,1.94037e-06
2023-10-10,M3 FFF+intraday GARCH,-6.64973,9.8742e-07
2023-10-11,M3 FFF+intraday GARCH,-6.68219,2.71734e-06
2023-10-12,M3 FFF+intraday GARCH,-6.86173,3.62912e-05
2023-10-13,M3 FFF+intraday GARCH,-6.95499,1.09095e-06
2023-10-16,M3 FFF+intraday GARCH,-6.76464,8.80064e-07
2023-10-17,M3 FFF+intraday GARCH,-6.85868,1.20845e-05
2023-10-18,M3 FFF+intraday GARCH,-6.77185,1.78498e-06
2023-10-19,M3 FFF+intraday GARCH,-5.90662,4.32877e-05
2023-10-20,M3 FFF+intraday GARCH,-6.79105,2.18819e-06
2023-10-23,M3 FFF+intraday GARCH,-6.8563,9.91078e-07
2023-10-24,M3 FFF+intraday GARCH,-6.70606,2.53338e-06
2023-10-25,M3 FFF+intraday GARCH,-7.18267,5.90505e-07
2023-10-26,M3 FFF+intraday GARCH,-6.74538,1.18715e-06
2023-10-27,M3 FFF+intraday GARCH,-6.64684,4.48106e-06
2023-10-30,M3 FFF+intraday GARCH,-6.86421,1.62571e-06
2023-10-31,M3 FFF+intraday GARCH,-6.53253,1.26993e-05
2023-11-01,M3 FFF+intraday GARCH,-6.70324,2.03821e-06
2023-11-02,M3 FFF+intraday GARCH,-6.72428,1.22607e-06
2023-11-03,M3 FFF+intraday GARCH,-6.84407,5.45648e-05
2023-11-06,M3 FFF+intraday GARCH,-7.0751,4.89161e-07
2023-11-07,M3 FFF+intraday GARCH,-7.05684,6.83244e-07
2023-11-08,M3 FFF+intraday GARCH,-7.12925,6.8916e-07
2023-11-09,M3 FFF+intraday GARCH,-6.29327,1.21164e-05
2023-11-10,M3 FFF+intraday GARCH,-6.94802,9.00881e-07
2023-11-13,M3 FFF+intraday GARCH,-7.11565,5.1107e-07
2023-11-14,M3 FFF+intraday GARCH,-6.83468,0.000414455
2023-11-15,M3 FFF+intraday GARCH,-6.69006,1.52436e-06
2023-11-16,M3 FFF+intraday GARCH,-6.91983,3.23382e-06
2023-11-17,M3 FFF+intraday GARCH,-6.66548,1.62811e-06
2023-11-20,M3 FFF+intraday GARCH,-6.5664,1.45952e-06
2023-11-21,M3 FFF+intraday GARCH,-6.89075,6.59968e-07
2023-11-22,M3 FFF+intraday GARCH,-6.65248,2.75401e-06
2023-11-23,M3 FFF+intraday GARCH,-7.49091,1.39641e-06
2023-11-24,M3 FFF+intraday GARCH,-7.11598,6.85067e-07
2023-11-27,M3 FFF+intraday GARCH,-7.00607,5.63528e-07
2023-11-28,M3 FFF+intraday GARCH,-6.84422,2.29741e-06
2023-11-29,M3 FFF+intraday GARCH,-6.60303,3.85419e-06
2023-11-30,M3 FFF+intraday GARCH,-6.55229,2.57282e-06
2023-12-01,M3 FFF+intraday GARCH,-6.52098,2.60889e-06
2023-12-04,M3 FFF+intraday GARCH,-6.62621,1.59161e-06
2023-12-05,M3 FFF+intraday GARCH,-6.63001,1.29026e-05
2023-12-06,M3 FFF+intraday GARCH,-6.81808,7.34561e-07
2023-12-07,M3 FFF+intraday GARCH,-6.75967,1.62628e-06
2023-12-08,M3 FFF+intraday GARCH,-6.66463,2.54657e-05
2023-12-11,M3 FFF+intraday GARCH,-7.04912,6.3978e-07
2023-12-12,M3 FFF+intraday GARCH,-6.99016,2.3108e-06
2023-12-13,M3 FFF+intraday GARCH,-5.12304,0.000151917
2023-12-14,M3 FFF+intraday GARCH,-6.15757,9.36243e-06
2023-12-15,M3 FFF+intraday GARCH,-6.30637,1.69201e-05
2023-12-18,M3 FFF+intraday GARCH,-7.10391,5.04747e-07
2023-12-19,M3 FFF+intraday GARCH,-7.03408,2.25881e-06
2023-12-20,M3 FFF+intraday GARCH,-7.01772,1.00521e-06
2023-12-21,M3 FFF+intraday GARCH,-7.00387,1.11866e-06
2023-12-22,M3 FFF+intraday GARCH,-6.78266,7.83313e-07
2023-12-26,M3 FFF+intraday GARCH,-7.26881,5.75859e-07
2023-12-27,M3 FFF+intraday GARCH,-7.11045,2.28243e-06
2023-12-28,M3 FFF+intraday GARCH,-6.50376,8.5449e-06
2023-12-29,M3 FFF+intraday GARCH,-6.75203,2.05779e-06
2023-01-02,M4 raw intraday GARCH,-6.2325,4.90989e-06
2023-01-03,M4 raw intraday GARCH,-5.18157,1.49221e-05
2023-01-04,M4 raw intraday GARCH,-5.87338,2.34939e-05
2023-01-05,M4 raw intraday GARCH,-5.86226,9.49146e-06
2023-01-06,M4 raw intraday GARCH,-5.88718,6.19204e-05
2023-01-09,M4 raw intraday GARCH,-5.95226,2.93121e-06
2023-01-10,M4 raw intraday GARCH,-6.09847,4.55417e-06
2023-01-11,M4 raw intraday GARCH,-6.30678,4.11738e-06
2023-01-12,M4 raw intraday GARCH,-5.78017,8.96368e-05
2023-01-13,M4 raw intraday GARCH,-6.05877,5.20273e-06
2023-01-16,M4 raw intraday GARCH,-6.63595,8.49549e-07
2023-01-17,M4 raw intraday GARCH,-5.77692,1.45813e-05
2023-01-18,M4 raw intraday GARCH,-5.60334,1.22775e-05
2023-01-19,M4 raw intraday GARCH,-6.13928,2.3858e-06
2023-01-20,M4 raw intraday GARCH,-6.35871,1.66477e-06
2023-01-23,M4 raw intraday GARCH,-6.07482,4.10739e-06
2023-01-24,M4 raw intraday GARCH,-6.48277,5.17825e-06
2023-01-25,M4 raw intraday GARCH,-6.24053,6.87695e-06
2023-01-26,M4 raw intraday GARCH,-6.45015,2.73688e-06
2023-01-30,M4 raw intraday GARCH,-6.40831,2.19476e-06
2023-01-31,M4 raw intraday GARCH,-6.32876,5.03754e-06
2023-02-01,M4 raw intraday GARCH,-6.48587,6.34416e-05
2023-02-02,M4 raw intraday GARCH,-5.66497,3.45888e-05
2023-02-03,M4 raw intraday GARCH,-5.30459,0.000462448
2023-02-06,M4 raw intraday GARCH,-6.2558,2.35806e-06
2023-02-07,M4 raw intraday GARCH,-6.05337,1.5932e-05
2023-02-08,M4 raw intraday GARCH,-6.29494,3.14113e-06
2023-02-09,M4 raw intraday GARCH,-6.37183,2.30184e-06
2023-02-10,M4 raw intraday GARCH,-6.50009,4.71883e-06
2023-02-13,M4 raw intraday GARCH,-6.40395,1.85783e-06
2023-02-14,M4 raw intraday GARCH,-6.07459,5.70165e-05
2023-02-15,M4 raw intraday GARCH,-6.49854,5.71998e-06
2023-02-16,M4 raw intraday GARCH,-6.44754,3.46769e-06
2023-02-17,M4 raw intraday GARCH,-6.26617,4.68663e-06
2023-07-31,M4 raw intraday GARCH,-6.60799,1.3499e-06
2023-08-01,M4 raw intraday GARCH,-6.7958,1.57837e-06
2023-08-02,M4 raw intraday GARCH,-6.2113,2.82689e-06
2023-08-03,M4 raw intraday GARCH,-6.55552,3.95599e-06
2023-08-04,M4 raw intraday GARCH,-6.69249,5.64491e-06
2023-08-07,M4 raw intraday GARCH,-6.93786,4.37692e-07
2023-08-08,M4 raw intraday GARCH,-6.94075,8.60909e-07
2023-08-09,M4 raw intraday GARCH,-6.92122,9.89494e-07
2023-08-10,M4 raw intraday GARCH,-6.68153,3.83784e-06
2023-08-11,M4 raw intraday GARCH,-6.83884,8.91909e-06
2023-08-14,M4 raw intraday GARCH,-6.74785,1.54774e-06
2023-08-15,M4 raw intraday GARCH,-6.59544,4.14551e-06
2023-08-16,M4 raw intraday GARCH,-6.82897,6.47451e-07
2023-08-17,M4 raw intraday GARCH,-6.86687,8.7328e-07
2023-08-18,M4 raw intraday GARCH,-6.80686,5.45981e-07
2023-08-21,M4 raw intraday GARCH,-7.16475,3.77401e-07
2023-08-22,M4 raw intraday GARCH,-7.06386,7.03374e-07
2023-08-23,M4 raw intraday GARCH,-5.75612,0.000138545
2023-08-24,M4 raw intraday GARCH,-6.85995,7.30782e-07
2023-08-25,M4 raw intraday GARCH,-6.29729,1.96941e-05
2023-08-28,M4 raw intraday GARCH,-7.16393,2.67908e-07
2023-08-29,M4 raw intraday GARCH,-6.22587,9.37856e-05
2023-08-30,M4 raw intraday GARCH,-6.69778,3.74307e-06
2023-08-31,M4 raw intraday GARCH,-6.63263,2.68812e-06
2023-09-01,M4 raw intraday GARCH,-6.30026,5.19125e-05
2023-09-04,M4 raw intraday GARCH,-7.5367,2.57428e-07
2023-09-05,M4 raw intraday GARCH,-6.8687,1.0422e-06
2023-09-06,M4 raw intraday GARCH,-6.54261,1.86196e-05
2023-09-07,M4 raw intraday GARCH,-6.98205,1.20203e-06
2023-09-08,M4 raw intraday GARCH,-7.2234,6.04666e-07
2023-09-11,M4 raw intraday GARCH,-6.92898,6.33538e-07
2023-09-12,M4 raw intraday GARCH,-6.72927,9.82927e-07
2023-09-13,M4 raw intraday GARCH,-6.72374,3.27536e-06
2023-09-14,M4 raw intraday GARCH,-6.21973,3.94312e-05
2023-09-15,M4 raw intraday GARCH,-6.82607,5.15821e-06
2023-09-18,M4 raw intraday GARCH,-7.28605,2.40554e-07
2023-09-19,M4 raw intraday GARCH,-7.28945,6.24794e-07
2023-09-20,M4 raw intraday GARCH,-5.97117,8.99895e-05
2023-09-21,M4 raw intraday GARCH,-6.45672,1.66647e-06
2023-09-22,M4 raw intraday GARCH,-6.30733,7.03029e-05
2023-09-26,M4 raw intraday GARCH,-6.97045,4.57454e-07
2023-09-27,M4 raw intraday GARCH,-6.5831,1.47496e-06
2023-09-28,M4 raw intraday GARCH,-6.35056,5.82552e-06
2023-09-29,M4 raw intraday GARCH,-6.6074,2.79142e-06
2023-10-02,M4 raw intraday GARCH,-6.68792,2.06671e-06
2023-10-03,M4 raw intraday GARCH,-6.1954,2.05087e-05
2023-10-04,M4 raw intraday GARCH,-6.41395,3.16908e-06
2023-10-05,M4 raw intraday GARCH,-6.72514,1.27431e-06
2023-10-06,M4 raw intraday GARCH,-5.89136,0.000228173
2023-10-09,M4 raw intraday GARCH,-6.52575,1.93809e-06
2023-10-10,M4 raw intraday GARCH,-6.5916,9.52639e-07
2023-10-11,M4 raw intraday GARCH,-6.61943,2.83465e-06
2023-10-12,M4 raw intraday GARCH,-6.21686,4.1387e-05
2023-10-13,M4 raw intraday GARCH,-6.85832,9.96357e-07
2023-10-16,M4 raw intraday GARCH,-6.7013,7.69956e-07
2023-10-17,M4 raw intraday GARCH,-6.53453,1.67183e-05
2023-10-18,M4 raw intraday GARCH,-6.73417,1.7802e-06
2023-10-19,M4 raw intraday GARCH,-6.11077,4.4448e-05
2023-10-20,M4 raw intraday GARCH,-6.73687,2.05879e-06
2023-10-23,M4 raw intraday GARCH,-6.78578,8.86826e-07
2023-10-24,M4 raw intraday GARCH,-6.66035,2.39945e-06
2023-10-25,M4 raw intraday GARCH,-7.11197,5.46812e-07
2023-10-26,M4 raw intraday GARCH,-6.67474,1.3185e-06
2023-10-27,M4 raw intraday GARCH,-6.56658,4.48498e-06
2023-10-30,M4 raw intraday GARCH,-6.7649,1.51748e-06
2023-10-31,M4 raw intraday GARCH,-6.28578,1.69649e-05
2023-11-01,M4 raw intraday GARCH,-6.58555,2.45647e-06
2023-11-02,M4 raw intraday GARCH,-6.71843,1.17843e-06
2023-11-03,M4 raw intraday GARCH,-6.04729,6.25346e-05
2023-11-06,M4 raw intraday GARCH,-7.02855,4.2343e-07
2023-11-07,M4 raw intraday GARCH,-7.01182,5.41008e-07
2023-11-08,M4 raw intraday GARCH,-7.09159,6.4762e-07
2023-11-09,M4 raw intraday GARCH,-6.32962,1.26291e-05
2023-11-10,M4 raw intraday GARCH,-6.90348,8.93481e-07
2023-11-13,M4 raw intraday GARCH,-7.07097,3.97996e-07
2023-11-14,M4 raw intraday GARCH,-5.3293,0.000455214
2023-11-15,M4 raw intraday GARCH,-6.62326,1.81254e-06
2023-11-16,M4 raw intraday GARCH,-6.72386,4.32793e-06
2023-11-17,M4 raw intraday GARCH,-6.61087,1.5155e-06
2023-11-20,M4 raw intraday GARCH,-6.56729,1.50993e-06
2023-11-21,M4 raw intraday GARCH,-6.81259,7.17499e-07
2023-11-22,M4 raw intraday GARCH,-6.57608,3.07283e-06
2023-11-23,M4 raw intraday GARCH,-7.44254,1.43239e-06
2023-11-24,M4 raw intraday GARCH,-7.07123,6.99607e-07
2023-11-27,M4 raw intraday GARCH,-6.93953,4.6803e-07
2023-11-28,M4 raw intraday GARCH,-6.76639,2.41215e-06
2023-11-29,M4 raw intraday GARCH,-6.52215,3.94209e-06
2023-11-30,M4 raw intraday GARCH,-6.4516,3.01194e-06
2023-12-01,M4 raw intraday GARCH,-6.42513,2.41289e-06
2023-12-04,M4 raw intraday GARCH,-6.55788,1.53463e-06
2023-12-05,M4 raw intraday GARCH,-6.49077,1.35657e-05
2023-12-06,M4 raw intraday GARCH,-6.78879,7.35012e-07
2023-12-07,M4 raw intraday GARCH,-6.69049,1.56854e-06
2023-12-08,M4 raw intraday GARCH,-6.27854,2.84951e-05
2023-12-11,M4 raw intraday GARCH,-7.01215,5.75841e-07
2023-12-12,M4 raw intraday GARCH,-6.91408,2.45293e-06
2023-12-13,M4 raw intraday GARCH,-5.13576,0.000160305
2023-12-14,M4 raw intraday GARCH,-6.13728,9.26781e-06
2023-12-15,M4 raw intraday GARCH,-6.12751,1.89009e-05
2023-12-18,M4 raw intraday GARCH,-7.05241,3.96382e-07
2023-12-19,M4 raw intraday GARCH,-6.99811,1.93177e-06
2023-12-20,M4 raw intraday GARCH,-6.96463,9.46696e-07
2023-12-21,M4 raw intraday GARCH,-6.91825,1.44232e-06
2023-12-22,M4 raw intraday GARCH,-6.70529,9.19882e-07
2023-12-26,M4 raw intraday GARCH,-7.35379,4.83069e-07
2023-12-27,M4 raw intraday GARCH,-7.03352,2.15298e-06
2023-12-28,M4 raw intraday GARCH,-6.48423,8.92772e-06
2023-12-29,M4 raw intraday GARCH,-6.70167,1.75999e-06
2024-01-02,M0 flat,-6.3965,1.68558e-06
2024-01-03,M0 flat,-6.26366,3.66729e-06
2024-01-04,M0 flat,-6.53924,1.26051e-06
2024-01-05,M0 flat,-5.55497,6.24138e-05
2024-01-08,M0 flat,-6.62107,6.57992e-07
2024-01-09,M0 flat,-6.50816,7.82272e-07
2024-01-10,M0 flat,-6.65746,1.18982e-06
2024-01-11,M0 flat,-5.97603,9.05633e-06
2024-01-12,M0 flat,-6.44994,2.34189e-06
2024-01-18,M0 flat,-6.51628,1.30935e-06
2024-01-19,M0 flat,-6.73565,5.67976e-07
2024-01-22,M0 flat,-6.72709,6.23199e-07
2024-01-23,M0 flat,-6.67316,8.74033e-07
2024-01-24,M0 flat,-6.28236,4.25156e-06
2024-01-25,M0 flat,-6.26937,6.35416e-06
2024-01-26,M0 flat,-6.54887,1.42235e-06
2024-01-29,M0 flat,-6.79261,8.61017e-07
2024-01-30,M0 flat,-6.77989,8.02879e-07
2024-01-31,M0 flat,-5.33198,5.21348e-05
2024-02-01,M0 flat,-6.45663,9.01777e-07
2024-02-02,M0 flat,-4.5556,0.000367756
2024-02-05,M0 flat,-6.65206,1.65389e-06
2024-02-06,M0 flat,-6.7884,5.71955e-07
2024-02-07,M0 flat,-6.86297,6.47229e-07
2024-02-08,M0 flat,-6.93522,5.43885e-07
2024-02-09,M0 flat,-6.83451,1.1837e-06
2024-02-12,M0 flat,-6.9935,3.7759e-07
2024-02-13,M0 flat,-4.66447,0.000378161
2024-02-14,M0 flat,-6.93426,4.65314e-07
2024-02-15,M0 flat,-6.88336,1.69657e-06
2024-02-16,M0 flat,-6.68623,8.52595e-06
2024-02-19,M0 flat,-7.24299,2.3418e-07
2024-02-20,M0 flat,-6.93967,4.11547e-07
2024-02-21,M0 flat,-7.05756,3.4373e-07
2024-02-22,M0 flat,-6.44333,7.05292e-06
2024-02-23,M0 flat,-7.06427,3.56517e-07
2024-02-26,M0 flat,-7.15619,3.2584e-07
2024-02-27,M0 flat,-7.14835,4.06636e-07
2024-02-28,M0 flat,-7.14698,3.27226e-07
2024-02-29,M0 flat,-6.85563,7.91004e-07
2024-03-01,M0 flat,-6.94231,7.32872e-07
2024-03-04,M0 flat,-7.25174,2.36075e-07
2024-03-05,M0 flat,-7.05932,3.76721e-06
2024-03-06,M0 flat,-7.26147,2.32995e-07
2024-03-07,M0 flat,-6.70491,1.57025e-06
2024-03-08,M0 flat,-6.54373,4.32529e-06
2024-03-11,M0 flat,-7.31852,1.8821e-07
2024-03-12,M0 flat,-7.00044,1.48526e-06
2024-03-13,M0 flat,-7.38003,1.46346e-07
2024-03-14,M0 flat,-7.13304,3.657e-07
2024-03-15,M0 flat,-7.30483,1.99199e-07
2024-03-18,M0 flat,-7.43223,1.43838e-07
2024-03-19,M0 flat,-7.39552,1.51536e-07
2024-03-20,M0 flat,-6.23037,1.09025e-05
2024-03-21,M0 flat,-6.9292,8.58949e-07
2024-03-22,M0 flat,-7.18749,2.5093e-07
2024-03-25,M0 flat,-7.2093,3.52021e-07
2024-03-26,M0 flat,-7.22349,2.13824e-07
2024-03-27,M0 flat,-7.3445,1.96575e-07
2024-03-28,M0 flat,-6.88865,9.21349e-07
2024-03-29,M0 flat,-7.3363,4.78691e-07
2024-04-02,M0 flat,-6.98492,9.89028e-07
2024-04-03,M0 flat,-7.00295,1.8669e-06
2024-04-04,M0 flat,-7.15532,2.12129e-07
2024-04-05,M0 flat,-6.00209,3.73769e-05
2024-04-08,M0 flat,-7.23603,2.52138e-07
2024-04-09,M0 flat,-7.2671,1.85515e-07
2024-04-10,M0 flat,-2.8003,0.000680312
2024-04-11,M0 flat,-6.28231,6.33053e-06
2024-04-12,M0 flat,-6.65454,1.31088e-06
2024-04-15,M0 flat,-6.42986,6.22897e-06
2024-04-16,M0 flat,-6.29812,1.67837e-06
2024-04-17,M0 flat,-6.52979,7.98658e-07
2024-04-18,M0 flat,-6.86705,5.7858e-07
2024-04-19,M0 flat,-6.4743,1.02297e-06
2024-04-22,M0 flat,-6.91867,4.34867e-07
2024-04-23,M0 flat,-6.03374,1.83341e-05
2024-04-24,M0 flat,-6.91709,5.39642e-07
2024-04-25,M0 flat,-6.60417,2.10867e-06
2024-04-26,M0 flat,-6.79051,1.06502e-06
2024-04-29,M0 flat,-6.76747,8.04068e-07
2024-04-30,M0 flat,-6.37303,6.61027e-06
2024-05-01,M0 flat,-6.281,6.17079e-06
2024-05-02,M0 flat,-6.55101,1.32859e-06
2024-05-03,M0 flat,-5.4503,0.000131227
2024-05-06,M0 flat,-7.23831,1.95527e-07
2024-05-07,M0 flat,-7.11699,2.5923e-07
2024-05-08,M0 flat,-7.28512,2.00526e-07
2024-05-09,M0 flat,-7.03981,3.40316e-06
2024-05-10,M0 flat,-7.17391,4.00549e-07
2024-05-13,M0 flat,-7.29817,5.38497e-07
2024-05-14,M0 flat,-7.03559,1.23358e-06
2024-05-15,M0 flat,-6.52544,1.61641e-05
2024-05-16,M0 flat,-7.19114,2.74533e-07
2024-05-17,M0 flat,-7.21641,2.52718e-07
2024-05-20,M0 flat,-7.35986,1.56249e-07
2024-05-21,M0 flat,-7.25297,4.18102e-07
2024-05-22,M0 flat,-7.2089,2.36357e-07
2024-05-23,M0 flat,-6.76575,5.40886e-06
2024-05-24,M0 flat,-7.39951,1.4474e-07
2024-05-27,M0 flat,-7.34758,4.18347e-07
2024-05-28,M0 flat,-7.38221,2.03508e-07
2024-05-29,M0 flat,-6.97687,1.11466e-06
2024-05-30,M0 flat,-7.19189,5.42194e-07
2024-05-31,M0 flat,-6.97185,1.04498e-06
2024-06-03,M0 flat,-6.9998,2.97416e-06
2024-06-04,M0 flat,-7.13804,3.80161e-07
2024-06-05,M0 flat,-7.03654,3.57479e-06
2024-06-06,M0 flat,-7.02135,2.55844e-06
2024-06-07,M0 flat,-4.80208,0.000234448
2024-06-10,M0 flat,-6.99073,3.19294e-07
2024-06-11,M0 flat,-6.89792,9.57013e-07
2024-06-12,M0 flat,-4.98973,0.000171329
2024-06-13,M0 flat,-6.58797,5.80702e-06
2024-06-14,M0 flat,-6.59898,1.044e-06
2024-06-17,M0 flat,-6.96849,4.95917e-07
2024-06-18,M0 flat,-6.83367,1.70607e-06
2024-06-19,M0 flat,-7.19396,3.19749e-07
2024-06-20,M0 flat,-7.00099,4.05007e-07
2024-06-21,M0 flat,-6.54948,7.90743e-06
2024-06-24,M0 flat,-7.14935,2.62267e-07
2024-06-25,M0 flat,-7.19365,2.46511e-07
2024-06-26,M0 flat,-6.92723,5.77722e-07
2024-06-27,M0 flat,-7.02369,1.18506e-06
2024-06-28,M0 flat,-6.8545,9.59102e-07
2024-07-01,M0 flat,-6.77284,7.47103e-07
2024-07-02,M0 flat,-7.11794,3.85967e-07
2024-07-03,M0 flat,-6.91484,1.42247e-06
2024-07-04,M0 flat,-7.42399,1.72791e-07
2024-07-05,M0 flat,-6.97287,1.96732e-06
2024-07-08,M0 flat,-7.04754,1.14843e-06
2024-07-09,M0 flat,-7.31843,2.17729e-07
2024-07-10,M0 flat,-7.49851,1.49857e-07
2024-07-11,M0 flat,-5.76762,6.35359e-05
2024-07-12,M0 flat,-7.27075,2.3581e-07
2024-07-15,M0 flat,-7.21014,2.10482e-07
2024-07-16,M0 flat,-7.25657,5.63899e-07
2024-07-17,M0 flat,-7.18511,3.24075e-07
2024-07-18,M0 flat,-7.35283,1.87733e-07
2024-07-19,M0 flat,-7.34004,1.86948e-07
2024-07-22,M0 flat,-7.34481,1.32203e-07
2024-07-23,M0 flat,-7.33461,1.76814e-07
2024-07-24,M0 flat,-7.23135,6.12418e-07
2024-07-25,M0 flat,-6.97776,1.16211e-06
2024-07-26,M0 flat,-7.38628,2.42897e-07
2024-07-29,M0 flat,-7.36345,2.55151e-07
2024-07-30,M0 flat,-7.29457,4.23861e-07
2024-07-31,M0 flat,-6.66946,9.47512e-07
2024-08-01,M0 flat,-6.61616,2.21868e-06
2024-08-02,M0 flat,-5.73978,1.47696e-05
2024-08-05,M0 flat,-4.78245,1.28797e-05
2024-08-06,M0 flat,-6.79629,5.44542e-07
2024-08-07,M0 flat,-7.01867,2.30175e-07
2024-08-08,M0 flat,-6.7551,2.23394e-06
2024-08-09,M0 flat,-7.30811,1.84122e-07
2024-08-12,M0 flat,-7.26792,2.11503e-07
2024-08-13,M0 flat,-7.06233,1.04127e-06
2024-08-14,M0 flat,-6.80124,1.82186e-06
2024-08-15,M0 flat,-6.28783,4.54797e-05
2024-08-16,M0 flat,-7.33052,1.84884e-07
2024-08-19,M0 flat,-7.05387,5.44729e-07
2024-08-20,M0 flat,-7.04312,3.75682e-07
2024-08-21,M0 flat,-6.6104,2.71953e-06
2024-08-22,M0 flat,-6.68043,3.31968e-06
2024-08-23,M0 flat,-5.80463,5.00624e-05
2024-08-26,M0 flat,-6.99506,3.75159e-07
2024-08-27,M0 flat,-6.98101,3.86248e-07
2024-08-28,M0 flat,-6.65694,6.56642e-07
2024-08-29,M0 flat,-5.9189,3.88122e-05
2024-08-30,M0 flat,-6.69744,9.34424e-07
2024-09-02,M0 flat,-7.08726,2.82581e-07
2024-09-03,M0 flat,-6.79967,9.06152e-07
2024-09-04,M0 flat,-6.70382,3.46666e-06
2024-09-05,M0 flat,-6.69271,2.56243e-06
2024-09-06,M0 flat,-5.60483,1.81634e-05
2024-09-09,M0 flat,-6.99226,3.97991e-07
2024-09-10,M0 flat,-7.14537,3.1731e-07
2024-09-11,M0 flat,-6.65103,2.82372e-06
2024-09-12,M0 flat,-6.74351,1.14609e-06
2024-09-13,M0 flat,-7.1642,2.20816e-07
2024-09-16,M0 flat,-7.08567,3.97997e-07
2024-09-17,M0 flat,-6.95686,8.00623e-07
2024-09-18,M0 flat,-5.14934,4.30465e-05
2024-09-19,M0 flat,-6.27554,1.67106e-06
2024-09-20,M0 flat,-6.88849,4.40049e-07
2024-09-23,M0 flat,-6.41555,5.54943e-06
2024-09-24,M0 flat,-6.94466,4.75166e-07
2024-09-25,M0 flat,-6.69065,1.29012e-06
2024-09-26,M0 flat,-5.94234,6.50227e-06
2024-09-27,M0 flat,-6.24723,3.68297e-06
2024-09-30,M0 flat,-6.05098,4.30872e-06
2024-10-01,M0 flat,-6.44592,2.04627e-06
2024-10-02,M0 flat,-6.81194,5.2024e-07
2024-10-03,M0 flat,-6.91104,5.31463e-07
2024-10-04,M0 flat,-5.32574,0.000188227
2024-10-07,M0 flat,-6.82326,5.79468e-07
2024-10-08,M0 flat,-7.01738,3.10389e-07
2024-10-09,M0 flat,-7.01854,4.4503e-07
2024-10-10,M0 flat,-6.46946,5.57515e-06
2024-10-11,M0 flat,-6.71859,6.27301e-06
2024-10-14,M0 flat,-7.10656,4.20838e-07
2024-10-15,M0 flat,-7.12277,2.78232e-07
2024-10-16,M0 flat,-7.18155,2.60871e-07
2024-10-17,M0 flat,-6.33442,8.0054e-06
2024-10-18,M0 flat,-7.23626,3.09434e-07
2024-10-21,M0 flat,-7.32133,1.59058e-07
2024-10-22,M0 flat,-7.14968,3.56728e-07
2024-10-23,M0 flat,-7.12285,3.69183e-07
2024-10-24,M0 flat,-6.78467,5.70888e-06
2024-10-25,M0 flat,-7.19737,3.78335e-07
2024-10-28,M0 flat,-7.18808,1.67438e-07
2024-10-29,M0 flat,-6.67437,1.36712e-06
2024-10-30,M0 flat,-6.29416,9.63232e-06
2024-10-31,M0 flat,-6.74541,1.42623e-06
2024-11-04,M0 flat,-6.79825,5.22278e-07
2024-11-05,M0 flat,-7.2729,2.95199e-07
2024-11-06,M0 flat,0.18548,5.57383e-05
2024-11-07,M0 flat,-5.58997,1.28753e-05
2024-11-08,M0 flat,-6.22195,1.66808e-06
2024-11-11,M0 flat,-6.24703,1.95155e-06
2024-11-12,M0 flat,-6.39774,8.97636e-07
2024-11-13,M0 flat,-5.79162,9.829e-06
2024-11-14,M0 flat,-5.83991,7.48115e-06
2024-11-15,M0 flat,-5.93105,1.00571e-05
2024-11-18,M0 flat,-6.41986,1.17395e-06
2024-11-19,M0 flat,-5.8595,2.27736e-05
2024-11-20,M0 flat,-6.31474,1.75077e-06
2024-11-21,M0 flat,-6.0049,6.4196e-06
2024-11-22,M0 flat,-2.58598,0.00125657
2024-11-25,M0 flat,-5.55176,8.02146e-06
2024-11-26,M0 flat,-5.20075,1.39848e-05
2024-11-27,M0 flat,-5.61891,1.04112e-05
2024-11-28,M0 flat,-6.382,1.60898e-06
2024-11-29,M0 flat,-6.04588,2.68372e-06
2024-12-02,M0 flat,-5.54872,1.54687e-05
2024-12-03,M0 flat,-6.1665,2.05002e-06
2024-12-04,M0 flat,-6.03819,3.23971e-06
2024-12-05,M0 flat,-6.16227,2.80633e-06
2024-12-06,M0 flat,-5.68558,3.16872e-05
2024-12-09,M0 flat,-6.37941,1.44116e-06
2024-12-10,M0 flat,-6.48233,9.15589e-07
2024-12-11,M0 flat,-6.14532,3.96441e-06
2024-12-12,M0 flat,-6.08699,3.27695e-06
2024-12-13,M0 flat,-6.38227,2.95607e-06
2024-12-16,M0 flat,-6.27288,1.98543e-06
2024-12-17,M0 flat,-6.58041,1.80569e-06
2024-12-18,M0 flat,-4.31715,0.000242935
2024-12-19,M0 flat,-5.81425,3.97649e-06
2024-12-20,M0 flat,-5.9788,4.41119e-06
2024-12-23,M0 flat,-6.31973,1.55801e-06
2024-12-24,M0 flat,-6.56037,8.01553e-07
2024-12-26,M0 flat,-6.75247,8.97908e-07
2024-12-27,M0 flat,-6.57757,9.64643e-07
2024-12-30,M0 flat,-6.0643,8.51059e-06
2024-12-31,M0 flat,-6.50158,9.61593e-07
2024-01-02,M1 hist. profile,-6.656,1.78926e-06
2024-01-03,M1 hist. profile,-6.59745,3.17239e-06
2024-01-04,M1 hist. profile,-6.78552,1.04904e-06
2024-01-05,M1 hist. profile,-6.52667,5.64893e-05
2024-01-08,M1 hist. profile,-6.83332,1.04649e-06
2024-01-09,M1 hist. profile,-6.76199,1.02521e-06
2024-01-10,M1 hist. profile,-6.91367,1.48159e-06
2024-01-11,M1 hist. profile,-6.57228,6.386e-06
2024-01-12,M1 hist. profile,-6.85883,1.40053e-06
2024-01-18,M1 hist. profile,-6.84852,1.19543e-06
2024-01-19,M1 hist. profile,-6.99505,7.67549e-07
2024-01-22,M1 hist. profile,-6.94468,5.89096e-07
2024-01-23,M1 hist. profile,-6.93574,1.01421e-06
2024-01-24,M1 hist. profile,-6.71,4.01727e-06
2024-01-25,M1 hist. profile,-6.77277,5.97229e-06
2024-01-26,M1 hist. profile,-6.90114,9.66184e-07
2024-01-29,M1 hist. profile,-6.99422,1.00859e-06
2024-01-30,M1 hist. profile,-7.06444,7.8195e-07
2024-01-31,M1 hist. profile,-5.50627,5.18292e-05
2024-02-01,M1 hist. profile,-6.69083,7.2762e-07
2024-02-02,M1 hist. profile,-6.78814,0.000353446
2024-02-05,M1 hist. profile,-6.81246,1.56325e-06
2024-02-06,M1 hist. profile,-7.02411,7.59791e-07
2024-02-07,M1 hist. profile,-7.15267,7.35894e-07
2024-02-08,M1 hist. profile,-7.2324,5.52478e-07
2024-02-09,M1 hist. profile,-7.22692,8.78169e-07
2024-02-12,M1 hist. profile,-7.22129,5.43533e-07
2024-02-13,M1 hist. profile,-6.98889,0.000364604
2024-02-14,M1 hist. profile,-7.19784,5.72235e-07
2024-02-15,M1 hist. profile,-7.29468,1.33905e-06
2024-02-16,M1 hist. profile,-7.26915,6.49003e-06
2024-02-19,M1 hist. profile,-7.41604,4.53449e-07
2024-02-20,M1 hist. profile,-7.21523,4.46929e-07
2024-02-21,M1 hist. profile,-7.27633,4.49619e-07
2024-02-22,M1 hist. profile,-6.97867,6.62307e-06
2024-02-23,M1 hist. profile,-7.21869,4.75856e-07
2024-02-26,M1 hist. profile,-7.36834,4.29676e-07
2024-02-27,M1 hist. profile,-7.43877,4.58268e-07
2024-02-28,M1 hist. profile,-7.43502,3.37496e-07
2024-02-29,M1 hist. profile,-7.20513,6.97639e-07
2024-03-01,M1 hist. profile,-7.28274,6.76796e-07
2024-03-04,M1 hist. profile,-7.54009,2.30658e-07
2024-03-05,M1 hist. profile,-7.50414,3.41845e-06
2024-03-06,M1 hist. profile,-7.50867,2.95286e-07
2024-03-07,M1 hist. profile,-7.18411,1.40774e-06
2024-03-08,M1 hist. profile,-7.1341,3.83145e-06
2024-03-11,M1 hist. profile,-7.52305,2.9505e-07
2024-03-12,M1 hist. profile,-7.4571,1.00457e-06
2024-03-13,M1 hist. profile,-7.61586,2.14659e-07
2024-03-14,M1 hist. profile,-7.39451,3.64086e-07
2024-03-15,M1 hist. profile,-7.55289,2.83395e-07
2024-03-18,M1 hist. profile,-7.6535,2.27521e-07
2024-03-19,M1 hist. profile,-7.60347,2.13007e-07
2024-03-20,M1 hist. profile,-6.54491,1.08418e-05
2024-03-21,M1 hist. profile,-7.24186,8.08147e-07
2024-03-22,M1 hist. profile,-7.3974,3.653e-07
2024-03-25,M1 hist. profile,-7.35973,4.99403e-07
2024-03-26,M1 hist. profile,-7.46609,3.123e-07
2024-03-27,M1 hist. profile,-7.59721,3.12856e-07
2024-03-28,M1 hist. profile,-7.12642,9.21948e-07
2024-03-29,M1 hist. profile,-7.60659,2.84577e-07
2024-04-02,M1 hist. profile,-7.32441,9.12282e-07
2024-04-03,M1 hist. profile,-7.4079,1.65521e-06
2024-04-04,M1 hist. profile,-7.35059,3.15082e-07
2024-04-05,M1 hist. profile,-7.14647,3.39212e-05
2024-04-08,M1 hist. profile,-7.4511,3.22054e-07
2024-04-09,M1 hist. profile,-7.50749,1.97759e-07
2024-04-10,M1 hist. profile,-6.74892,0.000666595
2024-04-11,M1 hist. profile,-6.95362,4.86629e-06
2024-04-12,M1 hist. profile,-6.98223,1.32649e-06
2024-04-15,M1 hist. profile,-6.84818,4.44232e-06
2024-04-16,M1 hist. profile,-6.56407,1.54699e-06
2024-04-17,M1 hist. profile,-6.74629,9.35176e-07
2024-04-18,M1 hist. profile,-7.12393,4.28189e-07
2024-04-19,M1 hist. profile,-6.47657,9.99903e-07
2024-04-22,M1 hist. profile,-7.06444,6.35937e-07
2024-04-23,M1 hist. profile,-6.78562,1.7832e-05
2024-04-24,M1 hist. profile,-7.20347,5.70506e-07
2024-04-25,M1 hist. profile,-7.1109,1.33076e-06
2024-04-26,M1 hist. profile,-7.16204,8.32119e-07
2024-04-29,M1 hist. profile,-7.02363,8.12184e-07
2024-04-30,M1 hist. profile,-6.96968,5.07661e-06
2024-05-01,M1 hist. profile,-6.11178,6.23151e-06
2024-05-02,M1 hist. profile,-6.81079,1.22449e-06
2024-05-03,M1 hist. profile,-7.07375,0.00012345
2024-05-06,M1 hist. profile,-7.41635,3.91303e-07
2024-05-07,M1 hist. profile,-7.32364,3.94805e-07
2024-05-08,M1 hist. profile,-7.48421,3.39871e-07
2024-05-09,M1 hist. profile,-7.51929,2.40433e-06
2024-05-10,M1 hist. profile,-7.48743,4.40662e-07
2024-05-13,M1 hist. profile,-7.58029,6.29167e-07
2024-05-14,M1 hist. profile,-7.49574,9.54194e-07
2024-05-15,M1 hist. profile,-7.3567,1.39276e-05
2024-05-16,M1 hist. profile,-7.38968,3.77759e-07
2024-05-17,M1 hist. profile,-7.50913,2.86381e-07
2024-05-20,M1 hist. profile,-7.56734,2.37912e-07
2024-05-21,M1 hist. profile,-7.51631,4.89097e-07
2024-05-22,M1 hist. profile,-7.44458,3.28412e-07
2024-05-23,M1 hist. profile,-7.22852,5.3085e-06
2024-05-24,M1 hist. profile,-7.62405,2.20751e-07
2024-05-27,M1 hist. profile,-7.63104,4.77898e-07
2024-05-28,M1 hist. profile,-7.57247,2.96374e-07
2024-05-29,M1 hist. profile,-7.3667,1.08767e-06
2024-05-30,M1 hist. profile,-7.50468,3.60217e-07
2024-05-31,M1 hist. profile,-7.33428,6.21964e-07
2024-06-03,M1 hist. profile,-7.45015,2.69818e-06
2024-06-04,M1 hist. profile,-7.43349,4.07157e-07
2024-06-05,M1 hist. profile,-7.49974,3.27933e-06
2024-06-06,M1 hist. profile,-7.40293,2.52365e-06
2024-06-07,M1 hist. profile,-7.2323,0.000226664
2024-06-10,M1 hist. profile,-6.97208,4.38641e-07
2024-06-11,M1 hist. profile,-7.20459,1.0272e-06
2024-06-12,M1 hist. profile,-6.88463,0.000163427
2024-06-13,M1 hist. profile,-7.19316,4.33156e-06
2024-06-14,M1 hist. profile,-6.94719,1.02834e-06
2024-06-17,M1 hist. profile,-7.22979,5.97531e-07
2024-06-18,M1 hist. profile,-7.23399,9.94857e-07
2024-06-19,M1 hist. profile,-7.462,4.65482e-07
2024-06-20,M1 hist. profile,-7.27413,5.02469e-07
2024-06-21,M1 hist. profile,-7.08516,7.68154e-06
2024-06-24,M1 hist. profile,-7.40213,3.77529e-07
2024-06-25,M1 hist. profile,-7.47492,3.24889e-07
2024-06-26,M1 hist. profile,-7.23554,5.177e-07
2024-06-27,M1 hist. profile,-7.39909,1.09707e-06
2024-06-28,M1 hist. profile,-7.17334,8.28317e-07
2024-07-01,M1 hist. profile,-6.86882,8.39245e-07
2024-07-02,M1 hist. profile,-7.44771,4.04219e-07
2024-07-03,M1 hist. profile,-7.38839,1.18557e-06
2024-07-04,M1 hist. profile,-7.64597,3.20113e-07
2024-07-05,M1 hist. profile,-7.45091,1.8001e-06
2024-07-08,M1 hist. profile,-7.03318,1.30341e-06
2024-07-09,M1 hist. profile,-7.55318,2.85154e-07
2024-07-10,M1 hist. profile,-7.71625,2.67598e-07
2024-07-11,M1 hist. profile,-7.32559,5.94193e-05
2024-07-12,M1 hist. profile,-7.44043,2.97693e-07
2024-07-15,M1 hist. profile,-7.34875,3.15215e-07
2024-07-16,M1 hist. profile,-7.63502,2.97839e-07
2024-07-17,M1 hist. profile,-7.47704,3.57832e-07
2024-07-18,M1 hist. profile,-7.62255,2.00917e-07
2024-07-19,M1 hist. profile,-7.58549,2.49377e-07
2024-07-22,M1 hist. profile,-7.48445,2.25978e-07
2024-07-23,M1 hist. profile,-7.58752,2.41131e-07
2024-07-24,M1 hist. profile,-7.54216,6.33699e-07
2024-07-25,M1 hist. profile,-7.43318,7.59457e-07
2024-07-26,M1 hist. profile,-7.6692,1.98057e-07
2024-07-29,M1 hist. profile,-7.59638,3.14409e-07
2024-07-30,M1 hist. profile,-7.65736,3.13917e-07
2024-07-31,M1 hist. profile,-7.00738,8.14436e-07
2024-08-01,M1 hist. profile,-7.16935,1.6348e-06
2024-08-02,M1 hist. profile,-6.91218,1.30693e-05
2024-08-05,M1 hist. profile,-5.44992,1.20647e-05
2024-08-06,M1 hist. profile,-6.9565,6.52393e-07
2024-08-07,M1 hist. profile,-7.19731,3.5774e-07
2024-08-08,M1 hist. profile,-7.1984,1.42588e-06
2024-08-09,M1 hist. profile,-7.51464,2.7781e-07
2024-08-12,M1 hist. profile,-7.50152,3.08557e-07
2024-08-13,M1 hist. profile,-7.4412,6.27526e-07
2024-08-14,M1 hist. profile,-7.24566,1.62394e-06
2024-08-15,M1 hist. profile,-7.42446,4.16388e-05
2024-08-16,M1 hist. profile,-7.54646,2.86397e-07
2024-08-19,M1 hist. profile,-7.30439,5.93785e-07
2024-08-20,M1 hist. profile,-7.32986,4.3666e-07
2024-08-21,M1 hist. profile,-7.06453,2.46851e-06
2024-08-22,M1 hist. profile,-7.1205,3.19559e-06
2024-08-23,M1 hist. profile,-6.80005,4.84364e-05
2024-08-26,M1 hist. profile,-7.17993,4.96737e-07
2024-08-27,M1 hist. profile,-7.24897,4.7611e-07
2024-08-28,M1 hist. profile,-6.86472,6.62356e-07
2024-08-29,M1 hist. profile,-6.71533,3.78084e-05
2024-08-30,M1 hist. profile,-7.03993,8.84279e-07
2024-09-02,M1 hist. profile,-7.29009,4.58883e-07
2024-09-03,M1 hist. profile,-7.0481,8.99517e-07
2024-09-04,M1 hist. profile,-7.12834,3.10873e-06
2024-09-05,M1 hist. profile,-7.20753,2.09308e-06
2024-09-06,M1 hist. profile,-6.6235,1.59175e-05
2024-09-09,M1 hist. profile,-7.2729,3.55892e-07
2024-09-10,M1 hist. profile,-7.43595,3.88321e-07
2024-09-11,M1 hist. profile,-7.06438,1.92232e-06
2024-09-12,M1 hist. profile,-7.13842,1.11767e-06
2024-09-13,M1 hist. profile,-7.36327,3.75987e-07
2024-09-16,M1 hist. profile,-7.28267,4.48173e-07
2024-09-17,M1 hist. profile,-7.3069,6.14593e-07
2024-09-18,M1 hist. profile,-5.24305,4.2738e-05
2024-09-19,M1 hist. profile,-6.43684,1.25105e-06
2024-09-20,M1 hist. profile,-7.19931,4.09792e-07
2024-09-23,M1 hist. profile,-6.95372,5.39232e-06
2024-09-24,M1 hist. profile,-7.21375,4.36443e-07
2024-09-25,M1 hist. profile,-7.00475,1.27483e-06
2024-09-26,M1 hist. profile,-6.68319,5.35371e-06
2024-09-27,M1 hist. profile,-6.73307,3.14531e-06
2024-09-30,M1 hist. profile,-6.39171,4.20588e-06
2024-10-01,M1 hist. profile,-6.72885,1.9975e-06
2024-10-02,M1 hist. profile,-7.02424,6.14721e-07
2024-10-03,M1 hist. profile,-7.19892,4.92131e-07
2024-10-04,M1 hist. profile,-7.06729,0.000179292
2024-10-07,M1 hist. profile,-6.89746,7.22443e-07
2024-10-08,M1 hist. profile,-7.23905,4.10154e-07
2024-10-09,M1 hist. profile,-7.21966,5.58606e-07
2024-10-10,M1 hist. profile,-6.91112,4.82061e-06
2024-10-11,M1 hist. profile,-6.62938,6.37106e-06
2024-10-14,M1 hist. profile,-7.3615,4.86757e-07
2024-10-15,M1 hist. profile,-7.34086,3.83901e-07
2024-10-16,M1 hist. profile,-7.45112,3.26852e-07
2024-10-17,M1 hist. profile,-7.09662,6.42273e-06
2024-10-18,M1 hist. profile,-7.49905,1.98389e-07
2024-10-21,M1 hist. profile,-7.51525,2.79279e-07
2024-10-22,M1 hist. profile,-7.42519,4.18335e-07
2024-10-23,M1 hist. profile,-7.36943,3.10187e-07
2024-10-24,M1 hist. profile,-7.22733,5.57316e-06
2024-10-25,M1 hist. profile,-7.46988,4.17475e-07
2024-10-28,M1 hist. profile,-7.29432,2.88381e-07
2024-10-29,M1 hist. profile,-7.11853,1.22401e-06
2024-10-30,M1 hist. profile,-6.86638,9.42e-06
2024-10-31,M1 hist. profile,-7.20722,1.07634e-06
2024-11-04,M1 hist. profile,-6.87554,5.70248e-07
2024-11-05,M1 hist. profile,-7.58925,2.67409e-07
2024-11-06,M1 hist. profile,5.6771,5.62434e-05
2024-11-07,M1 hist. profile,-5.84984,1.26091e-05
2024-11-08,M1 hist. profile,-6.51136,1.35483e-06
2024-11-11,M1 hist. profile,-6.47159,2.18528e-06
2024-11-12,M1 hist. profile,-6.57026,1.4278e-06
2024-11-13,M1 hist. profile,-6.27344,7.67241e-06
2024-11-14,M1 hist. profile,-6.03545,6.32117e-06
2024-11-15,M1 hist. profile,-6.31452,6.80815e-06
2024-11-18,M1 hist. profile,-6.56746,1.67855e-06
2024-11-19,M1 hist. profile,-6.27036,2.24821e-05
2024-11-20,M1 hist. profile,-6.54087,2.03381e-06
2024-11-21,M1 hist. profile,-6.43033,5.66447e-06
2024-11-22,M1 hist. profile,-3.67248,0.00125469
2024-11-25,M1 hist. profile,-5.57785,7.59615e-06
2024-11-26,M1 hist. profile,-4.70674,1.396e-05
2024-11-27,M1 hist. profile,-6.22523,8.12595e-06
2024-11-28,M1 hist. profile,-6.62883,1.94337e-06
2024-11-29,M1 hist. profile,-6.31512,2.77645e-06
2024-12-02,M1 hist. profile,-5.51969,1.56356e-05
2024-12-03,M1 hist. profile,-6.36561,2.2059e-06
2024-12-04,M1 hist. profile,-6.30697,2.90405e-06
2024-12-05,M1 hist. profile,-6.51987,2.24669e-06
2024-12-06,M1 hist. profile,-6.44286,2.5192e-05
2024-12-09,M1 hist. profile,-6.60611,1.67737e-06
2024-12-10,M1 hist. profile,-6.70437,1.03425e-06
2024-12-11,M1 hist. profile,-6.55045,3.77803e-06
2024-12-12,M1 hist. profile,-6.53513,2.7407e-06
2024-12-13,M1 hist. profile,-6.65249,2.94934e-06
2024-12-16,M1 hist. profile,-6.44814,2.13244e-06
2024-12-17,M1 hist. profile,-6.80505,1.96452e-06
2024-12-18,M1 hist. profile,-4.69662,0.000241306
2024-12-19,M1 hist. profile,-6.00405,3.83513e-06
2024-12-20,M1 hist. profile,-6.25331,2.95837e-06
2024-12-23,M1 hist. profile,-6.37647,1.95144e-06
2024-12-24,M1 hist. profile,-6.6743,1.33552e-06
2024-12-26,M1 hist. profile,-6.93876,1.31411e-06
2024-12-27,M1 hist. profile,-6.79873,1.33314e-06
2024-12-30,M1 hist. profile,-6.51457,8.10636e-06
2024-12-31,M1 hist. profile,-6.77057,1.09654e-06
2024-01-02,M2 FFF,-6.6431,1.77763e-06
2024-01-03,M2 FFF,-6.57809,3.52301e-06
2024-01-04,M2 FFF,-6.77609,1.18129e-06
2024-01-05,M2 FFF,-6.42043,5.83955e-05
2024-01-08,M2 FFF,-6.81711,1.04055e-06
2024-01-09,M2 FFF,-6.76179,1.02798e-06
2024-01-10,M2 FFF,-6.91627,1.45641e-06
2024-01-11,M2 FFF,-6.55506,6.52771e-06
2024-01-12,M2 FFF,-6.86722,1.36229e-06
2024-01-18,M2 FFF,-6.84844,1.2291e-06
2024-01-19,M2 FFF,-6.98858,7.55824e-07
2024-01-22,M2 FFF,-6.92999,5.80419e-07
2024-01-23,M2 FFF,-6.95414,9.75649e-07
2024-01-24,M2 FFF,-6.70489,4.00937e-06
2024-01-25,M2 FFF,-6.78289,5.97283e-06
2024-01-26,M2 FFF,-6.90475,9.85486e-07
2024-01-29,M2 FFF,-6.98386,1.00131e-06
2024-01-30,M2 FFF,-7.04632,8.77823e-07
2024-01-31,M2 FFF,-5.26432,5.21335e-05
2024-02-01,M2 FFF,-6.69226,7.41078e-07
2024-02-02,M2 FFF,-6.77713,0.000352718
2024-02-05,M2 FFF,-6.78404,1.76718e-06
2024-02-06,M2 FFF,-7.05244,7.21275e-07
2024-02-07,M2 FFF,-7.15311,7.741e-07
2024-02-08,M2 FFF,-7.23554,5.53372e-07
2024-02-09,M2 FFF,-7.26329,8.38555e-07
2024-02-12,M2 FFF,-7.20971,5.64543e-07
2024-02-13,M2 FFF,-7.01738,0.000363681
2024-02-14,M2 FFF,-7.18875,6.14055e-07
2024-02-15,M2 FFF,-7.30702,1.36855e-06
2024-02-16,M2 FFF,-7.2859,6.41438e-06
2024-02-19,M2 FFF,-7.42785,4.68771e-07
2024-02-20,M2 FFF,-7.2377,4.28107e-07
2024-02-21,M2 FFF,-7.26225,4.89878e-07
2024-02-22,M2 FFF,-6.95133,6.74185e-06
2024-02-23,M2 FFF,-7.22114,4.87336e-07
2024-02-26,M2 FFF,-7.40433,4.33358e-07
2024-02-27,M2 FFF,-7.45877,4.65596e-07
2024-02-28,M2 FFF,-7.46263,3.35916e-07
2024-02-29,M2 FFF,-7.21687,7.30785e-07
2024-03-01,M2 FFF,-7.30057,7.03976e-07
2024-03-04,M2 FFF,-7.56735,2.31311e-07
2024-03-05,M2 FFF,-7.46194,3.65862e-06
2024-03-06,M2 FFF,-7.5145,3.25465e-07
2024-03-07,M2 FFF,-7.21051,1.39773e-06
2024-03-08,M2 FFF,-7.12086,3.9161e-06
2024-03-11,M2 FFF,-7.53345,3.03061e-07
2024-03-12,M2 FFF,-7.47695,1.00661e-06
2024-03-13,M2 FFF,-7.64061,2.27766e-07
2024-03-14,M2 FFF,-7.37607,3.86357e-07
2024-03-15,M2 FFF,-7.57059,2.97358e-07
2024-03-18,M2 FFF,-7.66466,2.45344e-07
2024-03-19,M2 FFF,-7.6223,2.21745e-07
2024-03-20,M2 FFF,-6.39976,1.10184e-05
2024-03-21,M2 FFF,-7.22832,8.42402e-07
2024-03-22,M2 FFF,-7.39722,3.76293e-07
2024-03-25,M2 FFF,-7.36846,5.06972e-07
2024-03-26,M2 FFF,-7.48343,3.24461e-07
2024-03-27,M2 FFF,-7.62163,3.24193e-07
2024-03-28,M2 FFF,-7.05734,9.31147e-07
2024-03-29,M2 FFF,-7.6259,2.70473e-07
2024-04-02,M2 FFF,-7.28954,1.00236e-06
2024-04-03,M2 FFF,-7.37795,1.82009e-06
2024-04-04,M2 FFF,-7.31897,3.30843e-07
2024-04-05,M2 FFF,-7.17195,3.36088e-05
2024-04-08,M2 FFF,-7.44906,3.33141e-07
2024-04-09,M2 FFF,-7.54205,1.94697e-07
2024-04-10,M2 FFF,-6.82243,0.000665312
2024-04-11,M2 FFF,-6.99855,4.7205e-06
2024-04-12,M2 FFF,-7.00463,1.32898e-06
2024-04-15,M2 FFF,-6.82278,4.36872e-06
2024-04-16,M2 FFF,-6.59239,1.58541e-06
2024-04-17,M2 FFF,-6.76363,9.23124e-07
2024-04-18,M2 FFF,-7.1373,3.95523e-07
2024-04-19,M2 FFF,-6.43675,9.7746e-07
2024-04-22,M2 FFF,-7.08118,6.24992e-07
2024-04-23,M2 FFF,-6.79946,1.78317e-05
2024-04-24,M2 FFF,-7.22175,5.85779e-07
2024-04-25,M2 FFF,-7.12298,1.33004e-06
2024-04-26,M2 FFF,-7.16569,8.40078e-07
2024-04-29,M2 FFF,-7.00555,8.525e-07
2024-04-30,M2 FFF,-6.9573,4.98384e-06
2024-05-01,M2 FFF,-5.9748,6.43365e-06
2024-05-02,M2 FFF,-6.72953,1.26617e-06
2024-05-03,M2 FFF,-7.04948,0.000122994
2024-05-06,M2 FFF,-7.43384,3.95068e-07
2024-05-07,M2 FFF,-7.32741,4.22743e-07
2024-05-08,M2 FFF,-7.49505,3.57739e-07
2024-05-09,M2 FFF,-7.53779,2.3479e-06
2024-05-10,M2 FFF,-7.50308,4.6318e-07
2024-05-13,M2 FFF,-7.60128,6.48852e-07
2024-05-14,M2 FFF,-7.51881,9.75951e-07
2024-05-15,M2 FFF,-7.39895,1.37267e-05
2024-05-16,M2 FFF,-7.39286,4.15332e-07
2024-05-17,M2 FFF,-7.51641,3.13494e-07
2024-05-20,M2 FFF,-7.57548,2.39232e-07
2024-05-21,M2 FFF,-7.544,4.83298e-07
2024-05-22,M2 FFF,-7.46566,3.38242e-07
2024-05-23,M2 FFF,-7.25431,5.29211e-06
2024-05-24,M2 FFF,-7.64835,2.44686e-07
2024-05-27,M2 FFF,-7.63331,4.78272e-07
2024-05-28,M2 FFF,-7.5844,3.01062e-07
2024-05-29,M2 FFF,-7.38328,1.11016e-06
2024-05-30,M2 FFF,-7.53455,3.41023e-07
2024-05-31,M2 FFF,-7.33197,6.03211e-07
2024-06-03,M2 FFF,-7.42257,2.9002e-06
2024-06-04,M2 FFF,-7.40338,4.49792e-07
2024-06-05,M2 FFF,-7.47516,3.51053e-06
2024-06-06,M2 FFF,-7.44019,2.51802e-06
2024-06-07,M2 FFF,-7.27249,0.000225884
2024-06-10,M2 FFF,-6.92781,4.68544e-07
2024-06-11,M2 FFF,-7.23275,1.0207e-06
2024-06-12,M2 FFF,-6.86032,0.00016291
2024-06-13,M2 FFF,-7.20502,4.28269e-06
2024-06-14,M2 FFF,-6.9621,1.02242e-06
2024-06-17,M2 FFF,-7.21354,6.08013e-07
2024-06-18,M2 FFF,-7.24997,9.37985e-07
2024-06-19,M2 FFF,-7.49503,4.72002e-07
2024-06-20,M2 FFF,-7.30659,5.00795e-07
2024-06-21,M2 FFF,-7.08481,7.7247e-06
2024-06-24,M2 FFF,-7.41622,3.90514e-07
2024-06-25,M2 FFF,-7.48898,3.5328e-07
2024-06-26,M2 FFF,-7.23853,5.97812e-07
2024-06-27,M2 FFF,-7.4126,1.16867e-06
2024-06-28,M2 FFF,-7.19513,8.15079e-07
2024-07-01,M2 FFF,-6.8297,8.71445e-07
2024-07-02,M2 FFF,-7.48207,4.26658e-07
2024-07-03,M2 FFF,-7.36734,1.30331e-06
2024-07-04,M2 FFF,-7.66453,3.33235e-07
2024-07-05,M2 FFF,-7.45315,1.87717e-06
2024-07-08,M2 FFF,-6.84122,1.32867e-06
2024-07-09,M2 FFF,-7.57199,3.148e-07
2024-07-10,M2 FFF,-7.74286,2.78104e-07
2024-07-11,M2 FFF,-7.32983,5.90724e-05
2024-07-12,M2 FFF,-7.46794,3.14911e-07
2024-07-15,M2 FFF,-7.36435,3.27079e-07
2024-07-16,M2 FFF,-7.64455,3.05062e-07
2024-07-17,M2 FFF,-7.51073,3.67677e-07
2024-07-18,M2 FFF,-7.64098,2.1016e-07
2024-07-19,M2 FFF,-7.59834,2.74019e-07
2024-07-22,M2 FFF,-7.49154,2.35213e-07
2024-07-23,M2 FFF,-7.60251,2.57939e-07
2024-07-24,M2 FFF,-7.53486,6.55663e-07
2024-07-25,M2 FFF,-7.46012,7.2905e-07
2024-07-26,M2 FFF,-7.70064,1.89894e-07
2024-07-29,M2 FFF,-7.61041,3.1954e-07
2024-07-30,M2 FFF,-7.67549,3.60709e-07
2024-07-31,M2 FFF,-6.89,8.63166e-07
2024-08-01,M2 FFF,-7.10996,1.68826e-06
2024-08-02,M2 FFF,-6.87275,1.29787e-05
2024-08-05,M2 FFF,-5.25923,1.23242e-05
2024-08-06,M2 FFF,-6.89676,6.65132e-07
2024-08-07,M2 FFF,-7.21206,3.64298e-07
2024-08-08,M2 FFF,-7.23063,1.36926e-06
2024-08-09,M2 FFF,-7.54169,2.819e-07
2024-08-12,M2 FFF,-7.50122,3.16937e-07
2024-08-13,M2 FFF,-7.44614,6.1494e-07
2024-08-14,M2 FFF,-7.2805,1.56476e-06
2024-08-15,M2 FFF,-7.43043,4.13567e-05
2024-08-16,M2 FFF,-7.56424,3.15552e-07
2024-08-19,M2 FFF,-7.2853,5.94148e-07
2024-08-20,M2 FFF,-7.34598,4.54685e-07
2024-08-21,M2 FFF,-7.03108,2.54979e-06
2024-08-22,M2 FFF,-7.09402,3.24848e-06
2024-08-23,M2 FFF,-6.64532,4.94195e-05
2024-08-26,M2 FFF,-7.19686,5.02256e-07
2024-08-27,M2 FFF,-7.25755,4.9568e-07
2024-08-28,M2 FFF,-6.84687,6.88614e-07
2024-08-29,M2 FFF,-6.63554,3.7992e-05
2024-08-30,M2 FFF,-7.03247,9.36157e-07
2024-09-02,M2 FFF,-7.29419,4.60147e-07
2024-09-03,M2 FFF,-7.05688,8.95464e-07
2024-09-04,M2 FFF,-7.0999,3.37426e-06
2024-09-05,M2 FFF,-7.20487,2.27348e-06
2024-09-06,M2 FFF,-6.70419,1.56389e-05
2024-09-09,M2 FFF,-7.27152,3.86295e-07
2024-09-10,M2 FFF,-7.45835,3.88909e-07
2024-09-11,M2 FFF,-7.03815,1.94212e-06
2024-09-12,M2 FFF,-7.19961,1.06691e-06
2024-09-13,M2 FFF,-7.38031,3.8241e-07
2024-09-16,M2 FFF,-7.27057,4.81625e-07
2024-09-17,M2 FFF,-7.32864,6.22884e-07
2024-09-18,M2 FFF,-4.74319,4.32915e-05
2024-09-19,M2 FFF,-6.38325,1.28279e-06
2024-09-20,M2 FFF,-7.21612,4.31571e-07
2024-09-23,M2 FFF,-6.94118,5.44289e-06
2024-09-24,M2 FFF,-7.21276,4.8661e-07
2024-09-25,M2 FFF,-6.99847,1.26276e-06
2024-09-26,M2 FFF,-6.71522,5.3293e-06
2024-09-27,M2 FFF,-6.7635,3.15729e-06
2024-09-30,M2 FFF,-6.33075,4.19235e-06
2024-10-01,M2 FFF,-6.73382,2.0579e-06
2024-10-02,M2 FFF,-7.02417,6.09361e-07
2024-10-03,M2 FFF,-7.19266,5.61339e-07
2024-10-04,M2 FFF,-7.10121,0.000178615
2024-10-07,M2 FFF,-6.91201,7.29157e-07
2024-10-08,M2 FFF,-7.26934,3.82213e-07
2024-10-09,M2 FFF,-7.18688,5.55375e-07
2024-10-10,M2 FFF,-6.88423,4.91199e-06
2024-10-11,M2 FFF,-6.62899,6.41754e-06
2024-10-14,M2 FFF,-7.36071,5.01935e-07
2024-10-15,M2 FFF,-7.34991,3.97061e-07
2024-10-16,M2 FFF,-7.45516,3.59353e-07
2024-10-17,M2 FFF,-7.15282,6.27185e-06
2024-10-18,M2 FFF,-7.5192,1.90803e-07
2024-10-21,M2 FFF,-7.51565,2.87465e-07
2024-10-22,M2 FFF,-7.44884,4.22336e-07
2024-10-23,M2 FFF,-7.37065,3.06471e-07
2024-10-24,M2 FFF,-7.2182,5.62021e-06
2024-10-25,M2 FFF,-7.51093,4.18351e-07
2024-10-28,M2 FFF,-7.27476,2.94804e-07
2024-10-29,M2 FFF,-7.12534,1.22339e-06
2024-10-30,M2 FFF,-6.83907,9.52794e-06
2024-10-31,M2 FFF,-7.217,1.14675e-06
2024-11-04,M2 FFF,-6.77737,5.87659e-07
2024-11-05,M2 FFF,-7.60679,2.94922e-07
2024-11-06,M2 FFF,7.29529,5.63434e-05
2024-11-07,M2 FFF,-5.75513,1.29291e-05
2024-11-08,M2 FFF,-6.49533,1.40567e-06
2024-11-11,M2 FFF,-6.46473,2.21132e-06
2024-11-12,M2 FFF,-6.54752,1.39745e-06
2024-11-13,M2 FFF,-6.27991,7.60252e-06
2024-11-14,M2 FFF,-6.01501,6.19818e-06
2024-11-15,M2 FFF,-6.3236,6.6704e-06
2024-11-18,M2 FFF,-6.55283,1.61762e-06
2024-11-19,M2 FFF,-6.27445,2.24445e-05
2024-11-20,M2 FFF,-6.53919,1.93051e-06
2024-11-21,M2 FFF,-6.43222,5.59421e-06
2024-11-22,M2 FFF,-3.86538,0.00125406
2024-11-25,M2 FFF,-5.57144,7.828e-06
2024-11-26,M2 FFF,-4.75655,1.39874e-05
2024-11-27,M2 FFF,-6.21786,8.48831e-06
2024-11-28,M2 FFF,-6.60337,1.9235e-06
2024-11-29,M2 FFF,-6.30512,2.75357e-06
2024-12-02,M2 FFF,-5.51228,1.55792e-05
2024-12-03,M2 FFF,-6.34911,2.28207e-06
2024-12-04,M2 FFF,-6.3095,3.18082e-06
2024-12-05,M2 FFF,-6.50062,2.23925e-06
2024-12-06,M2 FFF,-6.41312,2.53138e-05
2024-12-09,M2 FFF,-6.58533,1.62186e-06
2024-12-10,M2 FFF,-6.70679,1.09788e-06
2024-12-11,M2 FFF,-6.53134,3.86633e-06
2024-12-12,M2 FFF,-6.5469,2.69069e-06
2024-12-13,M2 FFF,-6.65804,2.9625e-06
2024-12-16,M2 FFF,-6.43283,2.09618e-06
2024-12-17,M2 FFF,-6.79971,1.96484e-06
2024-12-18,M2 FFF,-4.04967,0.000243379
2024-12-19,M2 FFF,-5.94781,3.92777e-06
2024-12-20,M2 FFF,-6.23135,2.9582e-06
2024-12-23,M2 FFF,-6.37612,1.91108e-06
2024-12-24,M2 FFF,-6.65832,1.30215e-06
2024-12-26,M2 FFF,-6.93203,1.28093e-06
2024-12-27,M2 FFF,-6.80229,1.31352e-06
2024-12-30,M2 FFF,-6.54068,7.98852e-06
2024-12-31,M2 FFF,-6.77822,1.04509e-06
2024-01-02,M3 FFF+intraday GARCH,-6.71321,1.6246e-06
2024-01-03,M3 FFF+intraday GARCH,-6.67182,3.37433e-06
2024-01-04,M3 FFF+intraday GARCH,-7.00567,8.54296e-07
2024-01-05,M3 FFF+intraday GARCH,-6.662,6.04133e-05
2024-01-08,M3 FFF+intraday GARCH,-6.97387,5.16365e-07
2024-01-09,M3 FFF+intraday GARCH,-6.90327,8.60416e-07
2024-01-10,M3 FFF+intraday GARCH,-7.12895,1.03865e-06
2024-01-11,M3 FFF+intraday GARCH,-6.80536,7.23027e-06
2024-01-12,M3 FFF+intraday GARCH,-6.99321,1.5888e-06
2024-01-18,M3 FFF+intraday GARCH,-6.94351,1.07636e-06
2024-01-19,M3 FFF+intraday GARCH,-7.18159,4.50031e-07
2024-01-22,M3 FFF+intraday GARCH,-7.01864,4.29023e-07
2024-01-23,M3 FFF+intraday GARCH,-7.03523,8.23387e-07
2024-01-24,M3 FFF+intraday GARCH,-6.69765,4.13425e-06
2024-01-25,M3 FFF+intraday GARCH,-6.94681,5.82758e-06
2024-01-26,M3 FFF+intraday GARCH,-6.95202,1.08331e-06
2024-01-29,M3 FFF+intraday GARCH,-7.01364,8.97815e-07
2024-01-30,M3 FFF+intraday GARCH,-7.08653,7.88064e-07
2024-01-31,M3 FFF+intraday GARCH,-6.32262,5.05248e-05
2024-02-01,M3 FFF+intraday GARCH,-6.60649,8.57662e-07
2024-02-02,M3 FFF+intraday GARCH,-6.71792,0.000361113
2024-02-05,M3 FFF+intraday GARCH,-6.84299,1.63031e-06
2024-02-06,M3 FFF+intraday GARCH,-7.18714,5.97613e-07
2024-02-07,M3 FFF+intraday GARCH,-7.36192,5.32507e-07
2024-02-08,M3 FFF+intraday GARCH,-7.47674,3.77994e-07
2024-02-09,M3 FFF+intraday GARCH,-7.55883,8.50214e-07
2024-02-12,M3 FFF+intraday GARCH,-7.3739,3.41415e-07
2024-02-13,M3 FFF+intraday GARCH,-7.14745,0.00036858
2024-02-14,M3 FFF+intraday GARCH,-7.33698,4.19104e-07
2024-02-15,M3 FFF+intraday GARCH,-7.57574,1.43048e-06
2024-02-16,M3 FFF+intraday GARCH,-7.54585,7.39017e-06
2024-02-19,M3 FFF+intraday GARCH,-7.84519,1.19604e-07
2024-02-20,M3 FFF+intraday GARCH,-7.34927,3.3856e-07
2024-02-21,M3 FFF+intraday GARCH,-7.39667,3.04293e-07
2024-02-22,M3 FFF+intraday GARCH,-7.01869,6.72981e-06
2024-02-23,M3 FFF+intraday GARCH,-7.24591,3.70212e-07
2024-02-26,M3 FFF+intraday GARCH,-7.5854,3.01519e-07
2024-02-27,M3 FFF+intraday GARCH,-7.63448,3.47011e-07
2024-02-28,M3 FFF+intraday GARCH,-7.61012,2.64168e-07
2024-02-29,M3 FFF+intraday GARCH,-7.22906,7.62574e-07
2024-03-01,M3 FFF+intraday GARCH,-7.3445,6.47631e-07
2024-03-04,M3 FFF+intraday GARCH,-7.76293,1.52675e-07
2024-03-05,M3 FFF+intraday GARCH,-7.53162,3.72902e-06
2024-03-06,M3 FFF+intraday GARCH,-7.66366,2.03774e-07
2024-03-07,M3 FFF+intraday GARCH,-7.29291,1.3219e-06
2024-03-08,M3 FFF+intraday GARCH,-7.16896,3.93304e-06
2024-03-11,M3 FFF+intraday GARCH,-7.65628,1.51397e-07
2024-03-12,M3 FFF+intraday GARCH,-7.61331,1.18594e-06
2024-03-13,M3 FFF+intraday GARCH,-7.85471,1.3544e-07
2024-03-14,M3 FFF+intraday GARCH,-7.48221,3.63294e-07
2024-03-15,M3 FFF+intraday GARCH,-7.735,1.68108e-07
2024-03-18,M3 FFF+intraday GARCH,-7.92794,7.79933e-08
2024-03-19,M3 FFF+intraday GARCH,-7.8476,1.10694e-07
2024-03-20,M3 FFF+intraday GARCH,-7.07525,9.62792e-06
2024-03-21,M3 FFF+intraday GARCH,-7.22977,8.48916e-07
2024-03-22,M3 FFF+intraday GARCH,-7.56039,2.58481e-07
2024-03-25,M3 FFF+intraday GARCH,-7.54233,3.17546e-07
2024-03-26,M3 FFF+intraday GARCH,-7.71731,1.97412e-07
2024-03-27,M3 FFF+intraday GARCH,-7.94906,1.66798e-07
2024-03-28,M3 FFF+intraday GARCH,-6.9429,9.28104e-07
2024-03-29,M3 FFF+intraday GARCH,-7.95881,2.41191e-07
2024-04-02,M3 FFF+intraday GARCH,-7.3218,9.5724e-07
2024-04-03,M3 FFF+intraday GARCH,-7.42093,1.85011e-06
2024-04-04,M3 FFF+intraday GARCH,-7.49988,1.73756e-07
2024-04-05,M3 FFF+intraday GARCH,-7.23298,3.45314e-05
2024-04-08,M3 FFF+intraday GARCH,-7.55332,2.2197e-07
2024-04-09,M3 FFF+intraday GARCH,-7.68058,1.17389e-07
2024-04-10,M3 FFF+intraday GARCH,-6.87121,0.000671711
2024-04-11,M3 FFF+intraday GARCH,-7.08962,4.30494e-06
2024-04-12,M3 FFF+intraday GARCH,-7.06554,1.41813e-06
2024-04-15,M3 FFF+intraday GARCH,-6.86297,5.00992e-06
2024-04-16,M3 FFF+intraday GARCH,-6.70881,1.41965e-06
2024-04-17,M3 FFF+intraday GARCH,-6.76908,9.18315e-07
2024-04-18,M3 FFF+intraday GARCH,-7.23724,3.42993e-07
2024-04-19,M3 FFF+intraday GARCH,-6.68487,9.42241e-07
2024-04-22,M3 FFF+intraday GARCH,-7.22625,4.80199e-07
2024-04-23,M3 FFF+intraday GARCH,-6.91211,1.79335e-05
2024-04-24,M3 FFF+intraday GARCH,-7.34151,4.58244e-07
2024-04-25,M3 FFF+intraday GARCH,-7.2234,1.4914e-06
2024-04-26,M3 FFF+intraday GARCH,-7.28636,8.62855e-07
2024-04-29,M3 FFF+intraday GARCH,-7.00257,7.88746e-07
2024-04-30,M3 FFF+intraday GARCH,-6.95437,5.3744e-06
2024-05-01,M3 FFF+intraday GARCH,-7.00375,5.48007e-06
2024-05-02,M3 FFF+intraday GARCH,-6.75895,1.34024e-06
2024-05-03,M3 FFF+intraday GARCH,-7.06735,0.000126609
2024-05-06,M3 FFF+intraday GARCH,-7.74519,1.12992e-07
2024-05-07,M3 FFF+intraday GARCH,-7.47442,2.21099e-07
2024-05-08,M3 FFF+intraday GARCH,-7.79809,1.22967e-07
2024-05-09,M3 FFF+intraday GARCH,-7.85139,2.57308e-06
2024-05-10,M3 FFF+intraday GARCH,-7.73921,3.34286e-07
2024-05-13,M3 FFF+intraday GARCH,-7.89387,5.05653e-07
2024-05-14,M3 FFF+intraday GARCH,-7.78761,1.01314e-06
2024-05-15,M3 FFF+intraday GARCH,-7.61001,1.40575e-05
2024-05-16,M3 FFF+intraday GARCH,-7.55927,2.27194e-07
2024-05-17,M3 FFF+intraday GARCH,-7.76573,1.71381e-07
2024-05-20,M3 FFF+intraday GARCH,-7.85827,7.46857e-08
2024-05-21,M3 FFF+intraday GARCH,-7.74586,3.68421e-07
2024-05-22,M3 FFF+intraday GARCH,-7.57798,2.52665e-07
2024-05-23,M3 FFF+intraday GARCH,-7.21823,5.43298e-06
2024-05-24,M3 FFF+intraday GARCH,-7.87473,1.0961e-07
2024-05-27,M3 FFF+intraday GARCH,-7.91947,5.1747e-07
2024-05-28,M3 FFF+intraday GARCH,-7.70512,1.90992e-07
2024-05-29,M3 FFF+intraday GARCH,-7.40684,1.18044e-06
2024-05-30,M3 FFF+intraday GARCH,-7.69428,3.58122e-07
2024-05-31,M3 FFF+intraday GARCH,-7.366,7.48456e-07
2024-06-03,M3 FFF+intraday GARCH,-7.39944,2.94501e-06
2024-06-04,M3 FFF+intraday GARCH,-7.42791,3.76345e-07
2024-06-05,M3 FFF+intraday GARCH,-7.56689,3.51682e-06
2024-06-06,M3 FFF+intraday GARCH,-7.49451,3.21825e-06
2024-06-07,M3 FFF+intraday GARCH,-7.26035,0.000229474
2024-06-10,M3 FFF+intraday GARCH,-7.08824,3.65303e-07
2024-06-11,M3 FFF+intraday GARCH,-7.40672,1.19176e-06
2024-06-12,M3 FFF+intraday GARCH,-7.11436,0.000166915
2024-06-13,M3 FFF+intraday GARCH,-7.33042,4.52985e-06
2024-06-14,M3 FFF+intraday GARCH,-7.07813,1.1823e-06
2024-06-17,M3 FFF+intraday GARCH,-7.34308,4.45602e-07
2024-06-18,M3 FFF+intraday GARCH,-7.39343,1.19698e-06
2024-06-19,M3 FFF+intraday GARCH,-7.98837,2.57141e-07
2024-06-20,M3 FFF+intraday GARCH,-7.48927,4.92993e-07
2024-06-21,M3 FFF+intraday GARCH,-7.21562,7.90105e-06
2024-06-24,M3 FFF+intraday GARCH,-7.58901,2.71581e-07
2024-06-25,M3 FFF+intraday GARCH,-7.78293,1.92495e-07
2024-06-26,M3 FFF+intraday GARCH,-7.2964,6.07089e-07
2024-06-27,M3 FFF+intraday GARCH,-7.61949,1.14895e-06
2024-06-28,M3 FFF+intraday GARCH,-7.26517,7.83245e-07
2024-07-01,M3 FFF+intraday GARCH,-6.90349,8.34503e-07
2024-07-02,M3 FFF+intraday GARCH,-7.68525,3.57855e-07
2024-07-03,M3 FFF+intraday GARCH,-7.43569,1.28258e-06
2024-07-04,M3 FFF+intraday GARCH,-8.09779,1.138e-07
2024-07-05,M3 FFF+intraday GARCH,-7.67648,1.82054e-06
2024-07-08,M3 FFF+intraday GARCH,-7.08697,1.27818e-06
2024-07-09,M3 FFF+intraday GARCH,-7.77657,1.8652e-07
2024-07-10,M3 FFF+intraday GARCH,-8.07151,9.91461e-08
2024-07-11,M3 FFF+intraday GARCH,-7.43808,6.03832e-05
2024-07-12,M3 FFF+intraday GARCH,-7.57941,2.18892e-07
2024-07-15,M3 FFF+intraday GARCH,-7.40234,2.40199e-07
2024-07-16,M3 FFF+intraday GARCH,-7.81896,3.25903e-07
2024-07-17,M3 FFF+intraday GARCH,-7.63538,3.30952e-07
2024-07-18,M3 FFF+intraday GARCH,-7.85551,1.42002e-07
2024-07-19,M3 FFF+intraday GARCH,-7.73809,1.83084e-07
2024-07-22,M3 FFF+intraday GARCH,-7.58256,1.45418e-07
2024-07-23,M3 FFF+intraday GARCH,-7.74319,2.13734e-07
2024-07-24,M3 FFF+intraday GARCH,-7.58973,6.02415e-07
2024-07-25,M3 FFF+intraday GARCH,-7.50035,8.32435e-07
2024-07-26,M3 FFF+intraday GARCH,-7.83342,1.58405e-07
2024-07-29,M3 FFF+intraday GARCH,-7.66298,2.83569e-07
2024-07-30,M3 FFF+intraday GARCH,-7.79413,3.52189e-07
2024-07-31,M3 FFF+intraday GARCH,-7.0037,8.9321e-07
2024-08-01,M3 FFF+intraday GARCH,-7.05321,1.59484e-06
2024-08-02,M3 FFF+intraday GARCH,-6.94989,1.28375e-05
2024-08-05,M3 FFF+intraday GARCH,-5.87606,1.10891e-05
2024-08-06,M3 FFF+intraday GARCH,-6.86426,6.1203e-07
2024-08-07,M3 FFF+intraday GARCH,-7.26886,2.58672e-07
2024-08-08,M3 FFF+intraday GARCH,-7.2781,1.53472e-06
2024-08-09,M3 FFF+intraday GARCH,-7.7611,1.23099e-07
2024-08-12,M3 FFF+intraday GARCH,-7.63926,1.81106e-07
2024-08-13,M3 FFF+intraday GARCH,-7.55931,7.49084e-07
2024-08-14,M3 FFF+intraday GARCH,-7.38891,1.55244e-06
2024-08-15,M3 FFF+intraday GARCH,-7.53004,4.38214e-05
2024-08-16,M3 FFF+intraday GARCH,-7.8527,1.29302e-07
2024-08-19,M3 FFF+intraday GARCH,-7.3434,4.95657e-07
2024-08-20,M3 FFF+intraday GARCH,-7.47073,3.37156e-07
2024-08-21,M3 FFF+intraday GARCH,-7.07691,2.45664e-06
2024-08-22,M3 FFF+intraday GARCH,-7.06847,3.25916e-06
2024-08-23,M3 FFF+intraday GARCH,-6.60389,4.96544e-05
2024-08-26,M3 FFF+intraday GARCH,-7.32322,3.4777e-07
2024-08-27,M3 FFF+intraday GARCH,-7.38503,3.45101e-07
2024-08-28,M3 FFF+intraday GARCH,-6.94125,6.85305e-07
2024-08-29,M3 FFF+intraday GARCH,-6.64967,3.84613e-05
2024-08-30,M3 FFF+intraday GARCH,-7.12393,8.89379e-07
2024-09-02,M3 FFF+intraday GARCH,-7.54589,2.54349e-07
2024-09-03,M3 FFF+intraday GARCH,-7.03444,8.33249e-07
2024-09-04,M3 FFF+intraday GARCH,-7.15251,3.39362e-06
2024-09-05,M3 FFF+intraday GARCH,-7.38695,2.34096e-06
2024-09-06,M3 FFF+intraday GARCH,-7.06279,1.56077e-05
2024-09-09,M3 FFF+intraday GARCH,-7.3536,3.10852e-07
2024-09-10,M3 FFF+intraday GARCH,-7.76489,2.40863e-07
2024-09-11,M3 FFF+intraday GARCH,-7.11986,2.12418e-06
2024-09-12,M3 FFF+intraday GARCH,-7.35926,1.04128e-06
2024-09-13,M3 FFF+intraday GARCH,-7.56542,1.78615e-07
2024-09-16,M3 FFF+intraday GARCH,-7.27316,3.67897e-07
2024-09-17,M3 FFF+intraday GARCH,-7.48404,6.20891e-07
2024-09-18,M3 FFF+intraday GARCH,-6.6081,3.94785e-05
2024-09-19,M3 FFF+intraday GARCH,-6.47576,1.33843e-06
2024-09-20,M3 FFF+intraday GARCH,-7.3065,3.591e-07
2024-09-23,M3 FFF+intraday GARCH,-7.11168,5.28599e-06
2024-09-24,M3 FFF+intraday GARCH,-7.24707,4.34399e-07
2024-09-25,M3 FFF+intraday GARCH,-7.02633,1.23886e-06
2024-09-26,M3 FFF+intraday GARCH,-6.81105,5.02763e-06
2024-09-27,M3 FFF+intraday GARCH,-6.82468,3.17926e-06
2024-09-30,M3 FFF+intraday GARCH,-6.44058,3.91745e-06
2024-10-01,M3 FFF+intraday GARCH,-6.73291,2.16152e-06
2024-10-02,M3 FFF+intraday GARCH,-7.04673,5.75698e-07
2024-10-03,M3 FFF+intraday GARCH,-7.24333,4.72499e-07
2024-10-04,M3 FFF+intraday GARCH,-7.10999,0.000184076
2024-10-07,M3 FFF+intraday GARCH,-6.99146,6.35109e-07
2024-10-08,M3 FFF+intraday GARCH,-7.37209,2.92093e-07
2024-10-09,M3 FFF+intraday GARCH,-7.19949,4.48137e-07
2024-10-10,M3 FFF+intraday GARCH,-6.88794,5.27078e-06
2024-10-11,M3 FFF+intraday GARCH,-7.15535,6.11395e-06
2024-10-14,M3 FFF+intraday GARCH,-7.46479,3.72573e-07
2024-10-15,M3 FFF+intraday GARCH,-7.43261,3.18092e-07
2024-10-16,M3 FFF+intraday GARCH,-7.56872,2.37998e-07
2024-10-17,M3 FFF+intraday GARCH,-7.29004,6.56681e-06
2024-10-18,M3 FFF+intraday GARCH,-7.70446,1.44471e-07
2024-10-21,M3 FFF+intraday GARCH,-7.68061,1.33091e-07
2024-10-22,M3 FFF+intraday GARCH,-7.61733,3.32692e-07
2024-10-23,M3 FFF+intraday GARCH,-7.45162,2.55889e-07
2024-10-24,M3 FFF+intraday GARCH,-7.27318,5.69349e-06
2024-10-25,M3 FFF+intraday GARCH,-7.69107,3.28417e-07
2024-10-28,M3 FFF+intraday GARCH,-7.39937,1.69566e-07
2024-10-29,M3 FFF+intraday GARCH,-7.16108,1.28858e-06
2024-10-30,M3 FFF+intraday GARCH,-6.95002,9.93017e-06
2024-10-31,M3 FFF+intraday GARCH,-7.25943,1.17195e-06
2024-11-04,M3 FFF+intraday GARCH,-6.82215,6.69177e-07
2024-11-05,M3 FFF+intraday GARCH,-7.81243,2.11934e-07
2024-11-06,M3 FFF+intraday GARCH,-4.8147,4.84886e-05
2024-11-07,M3 FFF+intraday GARCH,-5.86369,1.20802e-05
2024-11-08,M3 FFF+intraday GARCH,-6.50085,1.31915e-06
2024-11-11,M3 FFF+intraday GARCH,-6.54919,1.98249e-06
2024-11-12,M3 FFF+intraday GARCH,-6.65772,7.99804e-07
2024-11-13,M3 FFF+intraday GARCH,-6.31609,7.79567e-06
2024-11-14,M3 FFF+intraday GARCH,-6.09674,6.26406e-06
2024-11-15,M3 FFF+intraday GARCH,-6.32796,7.82061e-06
2024-11-18,M3 FFF+intraday GARCH,-6.60129,1.11231e-06
2024-11-19,M3 FFF+intraday GARCH,-6.358,2.25182e-05
2024-11-20,M3 FFF+intraday GARCH,-6.54851,1.69951e-06
2024-11-21,M3 FFF+intraday GARCH,-6.54306,5.58219e-06
2024-11-22,M3 FFF+intraday GARCH,-5.65824,0.00122483
2024-11-25,M3 FFF+intraday GARCH,-5.72846,8.22596e-06
2024-11-26,M3 FFF+intraday GARCH,-5.46761,1.37596e-05
2024-11-27,M3 FFF+intraday GARCH,-6.3049,8.1721e-06
2024-11-28,M3 FFF+intraday GARCH,-6.86308,1.39737e-06
2024-11-29,M3 FFF+intraday GARCH,-6.30853,2.94136e-06
2024-12-02,M3 FFF+intraday GARCH,-5.20233,1.64253e-05
2024-12-03,M3 FFF+intraday GARCH,-6.32773,2.03089e-06
2024-12-04,M3 FFF+intraday GARCH,-6.27901,3.15129e-06
2024-12-05,M3 FFF+intraday GARCH,-6.4964,2.28891e-06
2024-12-06,M3 FFF+intraday GARCH,-6.48314,2.89199e-05
2024-12-09,M3 FFF+intraday GARCH,-6.63862,1.39783e-06
2024-12-10,M3 FFF+intraday GARCH,-6.80073,7.423e-07
2024-12-11,M3 FFF+intraday GARCH,-6.61073,3.88105e-06
2024-12-12,M3 FFF+intraday GARCH,-6.65719,2.34213e-06
2024-12-13,M3 FFF+intraday GARCH,-6.64067,3.30888e-06
2024-12-16,M3 FFF+intraday GARCH,-6.43634,1.99094e-06
2024-12-17,M3 FFF+intraday GARCH,-6.85454,1.70712e-06
2024-12-18,M3 FFF+intraday GARCH,-5.22701,0.000236914
2024-12-19,M3 FFF+intraday GARCH,-5.92416,4.46905e-06
2024-12-20,M3 FFF+intraday GARCH,-6.26498,3.46816e-06
2024-12-23,M3 FFF+intraday GARCH,-6.55767,1.53625e-06
2024-12-24,M3 FFF+intraday GARCH,-6.92986,6.71227e-07
2024-12-26,M3 FFF+intraday GARCH,-7.41402,5.01099e-07
2024-12-27,M3 FFF+intraday GARCH,-6.9489,8.47585e-07
2024-12-30,M3 FFF+intraday GARCH,-6.6657,7.98437e-06
2024-12-31,M3 FFF+intraday GARCH,-6.88118,8.79531e-07
2024-01-02,M4 raw intraday GARCH,-6.64437,1.62439e-06
2024-01-03,M4 raw intraday GARCH,-6.60558,3.55699e-06
2024-01-04,M4 raw intraday GARCH,-6.91294,1.03212e-06
2024-01-05,M4 raw intraday GARCH,-6.36587,6.49145e-05
2024-01-08,M4 raw intraday GARCH,-6.91324,4.4743e-07
2024-01-09,M4 raw intraday GARCH,-6.87234,6.27091e-07
2024-01-10,M4 raw intraday GARCH,-7.06185,1.02046e-06
2024-01-11,M4 raw intraday GARCH,-6.55273,8.65812e-06
2024-01-12,M4 raw intraday GARCH,-6.85065,2.00254e-06
2024-01-18,M4 raw intraday GARCH,-6.88698,1.11641e-06
2024-01-19,M4 raw intraday GARCH,-7.13351,4.21993e-07
2024-01-22,M4 raw intraday GARCH,-6.95313,5.41899e-07
2024-01-23,M4 raw intraday GARCH,-6.98016,7.73855e-07
2024-01-24,M4 raw intraday GARCH,-6.63043,4.3281e-06
2024-01-25,M4 raw intraday GARCH,-6.91224,5.89902e-06
2024-01-26,M4 raw intraday GARCH,-6.83752,1.30688e-06
2024-01-29,M4 raw intraday GARCH,-6.91077,8.48502e-07
2024-01-30,M4 raw intraday GARCH,-7.03803,7.44023e-07
2024-01-31,M4 raw intraday GARCH,-6.16928,5.42784e-05
2024-02-01,M4 raw intraday GARCH,-6.55544,9.22365e-07
2024-02-02,M4 raw intraday GARCH,-3.75324,0.000397495
2024-02-05,M4 raw intraday GARCH,-6.80505,1.67944e-06
2024-02-06,M4 raw intraday GARCH,-7.12394,4.72807e-07
2024-02-07,M4 raw intraday GARCH,-7.31006,5.27969e-07
2024-02-08,M4 raw intraday GARCH,-7.39786,4.30836e-07
2024-02-09,M4 raw intraday GARCH,-7.4738,9.88907e-07
2024-02-12,M4 raw intraday GARCH,-7.35636,2.87379e-07
2024-02-13,M4 raw intraday GARCH,-4.87176,0.000410767
2024-02-14,M4 raw intraday GARCH,-7.25678,3.84145e-07
2024-02-15,M4 raw intraday GARCH,-7.47832,1.59357e-06
2024-02-16,M4 raw intraday GARCH,-7.09943,8.99918e-06
2024-02-19,M4 raw intraday GARCH,-7.85869,6.51753e-08
2024-02-20,M4 raw intraday GARCH,-7.27746,3.41066e-07
2024-02-21,M4 raw intraday GARCH,-7.33126,2.84143e-07
2024-02-22,M4 raw intraday GARCH,-6.89612,7.1823e-06
2024-02-23,M4 raw intraday GARCH,-7.15683,3.21014e-07
2024-02-26,M4 raw intraday GARCH,-7.52394,2.7005e-07
2024-02-27,M4 raw intraday GARCH,-7.56779,3.53495e-07
2024-02-28,M4 raw intraday GARCH,-7.54896,2.74823e-07
2024-02-29,M4 raw intraday GARCH,-7.1065,8.01022e-07
2024-03-01,M4 raw intraday GARCH,-7.25526,6.42634e-07
2024-03-04,M4 raw intraday GARCH,-7.69276,1.73412e-07
2024-03-05,M4 raw intraday GARCH,-7.40818,4.02467e-06
2024-03-06,M4 raw intraday GARCH,-7.60914,1.91483e-07
2024-03-07,M4 raw intraday GARCH,-7.24332,1.34293e-06
2024-03-08,M4 raw intraday GARCH,-7.13946,4.19587e-06
2024-03-11,M4 raw intraday GARCH,-7.61834,1.35335e-07
2024-03-12,M4 raw intraday GARCH,-7.40708,1.33259e-06
2024-03-13,M4 raw intraday GARCH,-7.84473,8.95451e-08
2024-03-14,M4 raw intraday GARCH,-7.45916,3.29387e-07
2024-03-15,M4 raw intraday GARCH,-7.74307,1.3381e-07
2024-03-18,M4 raw intraday GARCH,-7.92605,6.66163e-08
2024-03-19,M4 raw intraday GARCH,-7.84249,9.06022e-08
2024-03-20,M4 raw intraday GARCH,-6.9264,9.97977e-06
2024-03-21,M4 raw intraday GARCH,-7.21579,8.69473e-07
2024-03-22,M4 raw intraday GARCH,-7.55107,2.07815e-07
2024-03-25,M4 raw intraday GARCH,-7.49184,2.99141e-07
2024-03-26,M4 raw intraday GARCH,-7.72002,1.38337e-07
2024-03-27,M4 raw intraday GARCH,-7.93058,1.10241e-07
2024-03-28,M4 raw intraday GARCH,-6.9393,9.4924e-07
2024-03-29,M4 raw intraday GARCH,-7.93018,4.07732e-07
2024-04-02,M4 raw intraday GARCH,-7.26074,9.70523e-07
2024-04-03,M4 raw intraday GARCH,-7.32389,1.94477e-06
2024-04-04,M4 raw intraday GARCH,-7.47355,1.53141e-07
2024-04-05,M4 raw intraday GARCH,-6.55588,3.97914e-05
2024-04-08,M4 raw intraday GARCH,-7.50626,2.11452e-07
2024-04-09,M4 raw intraday GARCH,-7.62309,1.32977e-07
2024-04-10,M4 raw intraday GARCH,-1.99981,0.000739763
2024-04-11,M4 raw intraday GARCH,-6.93387,6.0109e-06
2024-04-12,M4 raw intraday GARCH,-6.98364,1.32157e-06
2024-04-15,M4 raw intraday GARCH,-6.57253,6.45164e-06
2024-04-16,M4 raw intraday GARCH,-6.62297,1.52694e-06
2024-04-17,M4 raw intraday GARCH,-6.71246,7.86631e-07
2024-04-18,M4 raw intraday GARCH,-7.1394,5.21755e-07
2024-04-19,M4 raw intraday GARCH,-6.66253,1.04364e-06
2024-04-22,M4 raw intraday GARCH,-7.16825,3.86958e-07
2024-04-23,M4 raw intraday GARCH,-6.75944,1.89878e-05
2024-04-24,M4 raw intraday GARCH,-7.24106,4.74782e-07
2024-04-25,M4 raw intraday GARCH,-7.05693,1.91109e-06
2024-04-26,M4 raw intraday GARCH,-7.22513,1.01538e-06
2024-04-29,M4 raw intraday GARCH,-6.9702,7.74644e-07
2024-04-30,M4 raw intraday GARCH,-6.5457,6.95011e-06
2024-05-01,M4 raw intraday GARCH,-6.97887,5.61762e-06
2024-05-02,M4 raw intraday GARCH,-6.69503,1.41285e-06
2024-05-03,M4 raw intraday GARCH,-5.8701,0.000140937
2024-05-06,M4 raw intraday GARCH,-7.73299,6.60008e-08
2024-05-07,M4 raw intraday GARCH,-7.4423,1.89096e-07
2024-05-08,M4 raw intraday GARCH,-7.76816,9.25626e-08
2024-05-09,M4 raw intraday GARCH,-7.57581,3.60903e-06
2024-05-10,M4 raw intraday GARCH,-7.68308,3.27101e-07
2024-05-13,M4 raw intraday GARCH,-7.79571,4.8977e-07
2024-05-14,M4 raw intraday GARCH,-7.71501,1.12227e-06
2024-05-15,M4 raw intraday GARCH,-7.25601,1.71841e-05
2024-05-16,M4 raw intraday GARCH,-7.47401,2.04844e-07
2024-05-17,M4 raw intraday GARCH,-7.70522,1.75769e-07
2024-05-20,M4 raw intraday GARCH,-7.85897,5.77797e-08
2024-05-21,M4 raw intraday GARCH,-7.70519,3.53122e-07
2024-05-22,M4 raw intraday GARCH,-7.51795,2.015e-07
2024-05-23,M4 raw intraday GARCH,-7.07076,5.80018e-06
2024-05-24,M4 raw intraday GARCH,-7.83052,8.11683e-08
2024-05-27,M4 raw intraday GARCH,-7.95946,3.63853e-07
2024-05-28,M4 raw intraday GARCH,-7.69028,1.5902e-07
2024-05-29,M4 raw intraday GARCH,-7.28404,1.13711e-06
2024-05-30,M4 raw intraday GARCH,-7.5559,5.24482e-07
2024-05-31,M4 raw intraday GARCH,-7.11461,1.07869e-06
2024-06-03,M4 raw intraday GARCH,-7.10083,3.12827e-06
2024-06-04,M4 raw intraday GARCH,-7.37867,3.41469e-07
2024-06-05,M4 raw intraday GARCH,-7.36527,3.75705e-06
2024-06-06,M4 raw intraday GARCH,-7.25762,2.65653e-06
2024-06-07,M4 raw intraday GARCH,-4.58934,0.00025585
2024-06-10,M4 raw intraday GARCH,-7.13153,3.06207e-07
2024-06-11,M4 raw intraday GARCH,-7.31834,9.3216e-07
2024-06-12,M4 raw intraday GARCH,-4.53229,0.000185903
2024-06-13,M4 raw intraday GARCH,-7.13661,5.82501e-06
2024-06-14,M4 raw intraday GARCH,-7.03441,9.47585e-07
2024-06-17,M4 raw intraday GARCH,-7.24035,4.21994e-07
2024-06-18,M4 raw intraday GARCH,-7.14769,1.75156e-06
2024-06-19,M4 raw intraday GARCH,-7.96738,1.90799e-07
2024-06-20,M4 raw intraday GARCH,-7.42085,3.5127e-07
2024-06-21,M4 raw intraday GARCH,-7.17998,8.40945e-06
2024-06-24,M4 raw intraday GARCH,-7.4956,1.92289e-07
2024-06-25,M4 raw intraday GARCH,-7.71834,1.52943e-07
2024-06-26,M4 raw intraday GARCH,-7.22902,5.1345e-07
2024-06-27,M4 raw intraday GARCH,-7.55028,1.15106e-06
2024-06-28,M4 raw intraday GARCH,-7.19564,8.98305e-07
2024-07-01,M4 raw intraday GARCH,-6.87733,7.79799e-07
2024-07-02,M4 raw intraday GARCH,-7.61432,3.1101e-07
2024-07-03,M4 raw intraday GARCH,-7.32114,1.33508e-06
2024-07-04,M4 raw intraday GARCH,-8.14609,6.48722e-08
2024-07-05,M4 raw intraday GARCH,-7.60224,1.83937e-06
2024-07-08,M4 raw intraday GARCH,-7.20203,1.22304e-06
2024-07-09,M4 raw intraday GARCH,-7.75218,1.58947e-07
2024-07-10,M4 raw intraday GARCH,-8.08349,6.702e-08
2024-07-11,M4 raw intraday GARCH,-6.47843,6.68767e-05
2024-07-12,M4 raw intraday GARCH,-7.52915,1.98362e-07
2024-07-15,M4 raw intraday GARCH,-7.397,1.88225e-07
2024-07-16,M4 raw intraday GARCH,-7.67028,5.34479e-07
2024-07-17,M4 raw intraday GARCH,-7.57287,2.90728e-07
2024-07-18,M4 raw intraday GARCH,-7.78839,1.42333e-07
2024-07-19,M4 raw intraday GARCH,-7.69301,1.39133e-07
2024-07-22,M4 raw intraday GARCH,-7.549,9.88503e-08
2024-07-23,M4 raw intraday GARCH,-7.73417,1.39941e-07
2024-07-24,M4 raw intraday GARCH,-7.53379,6.20784e-07
2024-07-25,M4 raw intraday GARCH,-7.3269,1.14376e-06
2024-07-26,M4 raw intraday GARCH,-7.75,2.12993e-07
2024-07-29,M4 raw intraday GARCH,-7.61458,2.39526e-07
2024-07-30,M4 raw intraday GARCH,-7.72533,3.96776e-07
2024-07-31,M4 raw intraday GARCH,-6.93852,9.44293e-07
2024-08-01,M4 raw intraday GARCH,-6.92611,2.2476e-06
2024-08-02,M4 raw intraday GARCH,-6.36666,1.43725e-05
2024-08-05,M4 raw intraday GARCH,-5.82221,1.15342e-05
2024-08-06,M4 raw intraday GARCH,-6.80498,5.58558e-07
2024-08-07,M4 raw intraday GARCH,-7.22581,1.93271e-07
2024-08-08,M4 raw intraday GARCH,-7.03664,2.23376e-06
2024-08-09,M4 raw intraday GARCH,-7.7084,1.0226e-07
2024-08-12,M4 raw intraday GARCH,-7.61345,1.49833e-07
2024-08-13,M4 raw intraday GARCH,-7.29091,1.09151e-06
2024-08-14,M4 raw intraday GARCH,-7.27844,1.66203e-06
2024-08-15,M4 raw intraday GARCH,-5.74104,4.92356e-05
2024-08-16,M4 raw intraday GARCH,-7.8115,9.82077e-08
2024-08-19,M4 raw intraday GARCH,-7.3286,4.95345e-07
2024-08-20,M4 raw intraday GARCH,-7.41012,3.19133e-07
2024-08-21,M4 raw intraday GARCH,-6.97648,2.57244e-06
2024-08-22,M4 raw intraday GARCH,-6.97318,3.42169e-06
2024-08-23,M4 raw intraday GARCH,-6.52655,5.2801e-05
2024-08-26,M4 raw intraday GARCH,-7.27358,3.03042e-07
2024-08-27,M4 raw intraday GARCH,-7.32494,3.20763e-07
2024-08-28,M4 raw intraday GARCH,-6.90714,6.07953e-07
2024-08-29,M4 raw intraday GARCH,-6.50675,4.14494e-05
2024-08-30,M4 raw intraday GARCH,-7.09786,8.66748e-07
2024-09-02,M4 raw intraday GARCH,-7.56269,1.75802e-07
2024-09-03,M4 raw intraday GARCH,-6.99257,8.89564e-07
2024-09-04,M4 raw intraday GARCH,-7.07577,3.50875e-06
2024-09-05,M4 raw intraday GARCH,-7.31605,2.50534e-06
2024-09-06,M4 raw intraday GARCH,-6.55921,1.75736e-05
2024-09-09,M4 raw intraday GARCH,-7.24331,3.59661e-07
2024-09-10,M4 raw intraday GARCH,-7.69335,2.20032e-07
2024-09-11,M4 raw intraday GARCH,-7.04516,2.80203e-06
2024-09-12,M4 raw intraday GARCH,-7.26581,1.02954e-06
2024-09-13,M4 raw intraday GARCH,-7.55466,1.30016e-07
2024-09-16,M4 raw intraday GARCH,-7.25135,3.64594e-07
2024-09-17,M4 raw intraday GARCH,-7.38832,7.25299e-07
2024-09-18,M4 raw intraday GARCH,-6.53368,4.1479e-05
2024-09-19,M4 raw intraday GARCH,-6.40989,1.70654e-06
2024-09-20,M4 raw intraday GARCH,-7.24863,3.78528e-07
2024-09-23,M4 raw intraday GARCH,-7.07548,5.35571e-06
2024-09-24,M4 raw intraday GARCH,-7.18041,4.47058e-07
2024-09-25,M4 raw intraday GARCH,-6.9713,1.2793e-06
2024-09-26,M4 raw intraday GARCH,-6.71307,5.86825e-06
2024-09-27,M4 raw intraday GARCH,-6.743,3.50937e-06
2024-09-30,M4 raw intraday GARCH,-6.36925,4.12752e-06
2024-10-01,M4 raw intraday GARCH,-6.68131,2.12811e-06
2024-10-02,M4 raw intraday GARCH,-7.01983,4.8442e-07
2024-10-03,M4 raw intraday GARCH,-7.17408,4.87249e-07
2024-10-04,M4 raw intraday GARCH,-4.35338,0.000204783
2024-10-07,M4 raw intraday GARCH,-6.97457,5.6666e-07
2024-10-08,M4 raw intraday GARCH,-7.3157,2.55512e-07
2024-10-09,M4 raw intraday GARCH,-7.15453,4.13872e-07
2024-10-10,M4 raw intraday GARCH,-6.80259,5.57106e-06
2024-10-11,M4 raw intraday GARCH,-7.20098,6.36183e-06
2024-10-14,M4 raw intraday GARCH,-7.37807,3.69433e-07
2024-10-15,M4 raw intraday GARCH,-7.37991,2.38649e-07
2024-10-16,M4 raw intraday GARCH,-7.45833,2.12041e-07
2024-10-17,M4 raw intraday GARCH,-7.04109,7.79027e-06
2024-10-18,M4 raw intraday GARCH,-7.58931,2.60923e-07
2024-10-21,M4 raw intraday GARCH,-7.6804,8.53877e-08
2024-10-22,M4 raw intraday GARCH,-7.57137,2.99432e-07
2024-10-23,M4 raw intraday GARCH,-7.35129,3.41765e-07
2024-10-24,M4 raw intraday GARCH,-7.2293,6.03779e-06
2024-10-25,M4 raw intraday GARCH,-7.61124,3.34738e-07
2024-10-28,M4 raw intraday GARCH,-7.38258,1.28638e-07
2024-10-29,M4 raw intraday GARCH,-7.1346,1.22482e-06
2024-10-30,M4 raw intraday GARCH,-6.87442,1.00185e-05
2024-10-31,M4 raw intraday GARCH,-7.1791,1.34104e-06
2024-11-04,M4 raw intraday GARCH,-6.81726,5.49183e-07
2024-11-05,M4 raw intraday GARCH,-7.74712,2.35108e-07
2024-11-06,M4 raw intraday GARCH,-4.92305,4.46003e-05
2024-11-07,M4 raw intraday GARCH,-5.70504,1.25505e-05
2024-11-08,M4 raw intraday GARCH,-6.42228,1.53285e-06
2024-11-11,M4 raw intraday GARCH,-6.51997,1.84381e-06
2024-11-12,M4 raw intraday GARCH,-6.64445,6.71906e-07
2024-11-13,M4 raw intraday GARCH,-6.15445,9.14667e-06
2024-11-14,M4 raw intraday GARCH,-6.00924,7.5025e-06
2024-11-15,M4 raw intraday GARCH,-6.13301,9.84568e-06
2024-11-18,M4 raw intraday GARCH,-6.53495,1.09941e-06
2024-11-19,M4 raw intraday GARCH,-6.30048,2.40014e-05
2024-11-20,M4 raw intraday GARCH,-6.49408,1.68465e-06
2024-11-21,M4 raw intraday GARCH,-6.48286,6.26626e-06
2024-11-22,M4 raw intraday GARCH,-5.83206,0.0012675
2024-11-25,M4 raw intraday GARCH,-5.72364,8.12424e-06
2024-11-26,M4 raw intraday GARCH,-5.54303,1.30764e-05
2024-11-27,M4 raw intraday GARCH,-6.21574,9.38978e-06
2024-11-28,M4 raw intraday GARCH,-6.83659,1.30737e-06
2024-11-29,M4 raw intraday GARCH,-6.28559,2.61765e-06
2024-12-02,M4 raw intraday GARCH,-5.14943,1.65483e-05
2024-12-03,M4 raw intraday GARCH,-6.27621,2.05216e-06
2024-12-04,M4 raw intraday GARCH,-6.18281,3.20993e-06
2024-12-05,M4 raw intraday GARCH,-6.39882,2.67941e-06
2024-12-06,M4 raw intraday GARCH,-5.45187,3.18537e-05
2024-12-09,M4 raw intraday GARCH,-6.60349,1.3539e-06
2024-12-10,M4 raw intraday GARCH,-6.75451,7.66113e-07
2024-12-11,M4 raw intraday GARCH,-6.48262,3.97224e-06
2024-12-12,M4 raw intraday GARCH,-6.61688,2.45537e-06
2024-12-13,M4 raw intraday GARCH,-6.57879,3.02921e-06
2024-12-16,M4 raw intraday GARCH,-6.39231,2.02525e-06
2024-12-17,M4 raw intraday GARCH,-6.8264,1.787e-06
2024-12-18,M4 raw intraday GARCH,-5.1066,0.000251765
2024-12-19,M4 raw intraday GARCH,-5.8926,4.15724e-06
2024-12-20,M4 raw intraday GARCH,-6.21165,4.34258e-06
2024-12-23,M4 raw intraday GARCH,-6.55382,1.43034e-06
2024-12-24,M4 raw intraday GARCH,-6.9581,5.27616e-07
2024-12-26,M4 raw intraday GARCH,-7.43809,5.27072e-07
2024-12-27,M4 raw intraday GARCH,-6.83813,7.73643e-07
2024-12-30,M4 raw intraday GARCH,-6.64286,8.20556e-06
2024-12-31,M4 raw intraday GARCH,-6.80549,8.32401e-07
2025-01-02,M0 flat,-5.24753,5.93511e-05
2025-01-03,M0 flat,-6.46427,1.01184e-06
2025-01-06,M0 flat,-4.19751,0.000228658
2025-01-07,M0 flat,-5.85856,1.61907e-05
2025-01-08,M0 flat,-6.07148,4.36628e-06
2025-01-09,M0 flat,-6.5595,8.87659e-07
2025-01-10,M0 flat,-3.41669,0.00137672
2025-01-13,M0 flat,-5.8891,1.32485e-05
2025-01-14,M0 flat,-5.90624,3.37879e-06
2025-01-15,M0 flat,-5.56765,6.69218e-05
2025-01-16,M0 flat,-5.93551,1.25165e-05
2025-01-17,M0 flat,-6.1252,3.83384e-06
2025-01-20,M0 flat,-2.01068,0.0015185
2025-01-21,M0 flat,-5.31819,0.000106668
2025-01-22,M0 flat,-6.13722,8.45163e-06
2025-01-23,M0 flat,-6.36665,2.05892e-06
2025-01-24,M0 flat,-6.0199,3.20646e-06
2025-01-27,M0 flat,-6.17562,1.6668e-06
2025-01-28,M0 flat,-6.07002,4.15305e-06
2025-01-29,M0 flat,-6.1174,4.88476e-06
2025-01-30,M0 flat,-5.16614,9.6484e-05
2025-01-31,M0 flat,-5.40089,2.28079e-05
2025-02-03,M0 flat,-2.51484,0.000360548
2025-02-04,M0 flat,-5.97104,4.83518e-06
2025-02-05,M0 flat,-6.28414,1.97843e-06
2025-02-06,M0 flat,-6.4578,1.16419e-06
2025-02-07,M0 flat,-5.06352,8.77009e-05
2025-02-10,M0 flat,-6.42457,2.92384e-06
2025-02-11,M0 flat,-6.70569,1.33094e-06
2025-02-12,M0 flat,-5.22602,0.000105684
2025-02-13,M0 flat,-5.38595,2.59175e-05
2025-02-14,M0 flat,-6.45656,9.27103e-07
2025-02-17,M0 flat,-6.78535,4.91103e-07
2025-02-18,M0 flat,-6.54449,1.8063e-06
2025-02-19,M0 flat,-6.64971,7.87452e-07
2025-02-20,M0 flat,-6.5514,7.23913e-07
2025-02-21,M0 flat,-6.38531,3.98783e-06
2025-02-24,M0 flat,-6.20287,2.84693e-06
2025-02-25,M0 flat,-6.4661,1.1702e-06
2025-02-26,M0 flat,-6.17006,1.12656e-05
2025-02-27,M0 flat,-6.21911,4.96333e-06
2025-02-28,M0 flat,-6.20267,4.46674e-06
2025-03-03,M0 flat,-6.04733,3.32328e-06
2025-03-04,M0 flat,-5.45104,8.74296e-06
2025-03-05,M0 flat,-4.81997,1.68818e-05
2025-03-06,M0 flat,-5.13741,3.70624e-05
2025-03-07,M0 flat,-5.30582,4.32927e-05
2025-03-10,M0 flat,-5.3895,3.0632e-05
2025-03-11,M0 flat,-5.71069,7.85633e-06
2025-03-12,M0 flat,-6.02727,3.65073e-06
2025-03-13,M0 flat,-5.99486,3.7001e-06
2025-03-14,M0 flat,-5.90477,4.62192e-06
2025-03-17,M0 flat,-6.3527,1.02088e-06
2025-03-18,M0 flat,-6.17183,2.93737e-06
2025-03-19,M0 flat,-5.88526,1.41552e-05
2025-03-20,M0 flat,-6.09988,2.2667e-06
2025-03-21,M0 flat,-6.21755,2.03621e-06
2025-03-24,M0 flat,-6.04406,3.13311e-06
2025-03-25,M0 flat,-6.39191,1.12014e-06
2025-03-26,M0 flat,-6.39092,2.61438e-06
2025-03-27,M0 flat,-6.09251,2.6108e-06
2025-03-28,M0 flat,-6.2178,2.36503e-06
2025-04-01,M0 flat,-6.17494,5.06504e-06
2025-04-02,M0 flat,-5.12395,0.000101114
2025-04-03,M0 flat,-1.98935,0.000180708
2025-04-04,M0 flat,-3.75427,6.56076e-05
2025-04-07,M0 flat,-3.62907,5.27434e-05
2025-04-08,M0 flat,-5.08811,1.52958e-05
2025-04-09,M0 flat,-2.12459,0.000513366
2025-04-10,M0 flat,-3.75942,4.83693e-05
2025-04-11,M0 flat,-1.18475,0.000723804
2025-04-14,M0 flat,-4.79996,1.93984e-05
2025-04-15,M0 flat,-5.28337,1.2771e-05
2025-04-16,M0 flat,-5.30817,1.20031e-05
2025-04-17,M0 flat,-5.55605,6.76016e-06
2025-04-18,M0 flat,-6.02772,4.43237e-06
2025-04-21,M0 flat,-5.16105,2.73248e-05
2025-04-22,M0 flat,-5.37185,9.45027e-06
2025-04-23,M0 flat,-4.51366,8.82613e-05
2025-04-24,M0 flat,-5.64953,4.28705e-06
2025-04-25,M0 flat,-5.72094,3.86539e-06
2025-04-28,M0 flat,-5.64087,5.70732e-06
2025-04-29,M0 flat,-5.6173,7.48414e-06
2025-04-30,M0 flat,-5.67022,4.33017e-06
2025-05-01,M0 flat,-5.68392,5.57002e-06
2025-05-02,M0 flat,-5.53167,1.38831e-05
2025-05-05,M0 flat,-5.87369,2.82884e-06
2025-05-06,M0 flat,-5.77028,2.98729e-06
2025-05-07,M0 flat,-5.48134,1.20161e-05
2025-05-08,M0 flat,-5.59278,7.99797e-06
2025-05-09,M0 flat,-6.03683,1.96516e-06
2025-05-12,M0 flat,-4.94872,6.08719e-05
2025-05-13,M0 flat,-5.88329,3.06103e-06
2025-05-14,M0 flat,-5.52951,8.84446e-06
2025-05-15,M0 flat,-5.81006,4.59912e-06
2025-05-16,M0 flat,-6.01284,2.78592e-06
2025-05-19,M0 flat,-5.84867,4.23006e-06
2025-05-20,M0 flat,-6.00032,2.715e-06
2025-05-21,M0 flat,-5.81199,3.82913e-06
2025-05-22,M0 flat,-5.79803,6.16889e-06
2025-05-23,M0 flat,-5.41426,4.71433e-05
2025-05-26,M0 flat,-6.14142,2.03792e-06
2025-05-27,M0 flat,-6.07428,2.08268e-06
2025-05-28,M0 flat,-6.02393,3.10618e-06
2025-05-29,M0 flat,-5.30346,4.45108e-05
2025-05-30,M0 flat,-5.90496,4.71529e-06
2025-06-02,M0 flat,-6.10516,2.77602e-06
2025-06-03,M0 flat,-6.13706,2.52088e-06
2025-06-04,M0 flat,-6.0377,7.57456e-06
2025-06-05,M0 flat,-5.86977,7.9408e-06
2025-06-06,M0 flat,-6.06752,4.13912e-06
2025-06-09,M0 flat,-6.31107,1.3253e-06
2025-06-10,M0 flat,-6.12724,3.04081e-06
2025-06-11,M0 flat,-5.92027,7.14685e-05
2025-06-12,M0 flat,-5.72856,1.14405e-05
2025-06-13,M0 flat,-5.13213,2.95259e-05
2025-06-16,M0 flat,-6.13093,1.95494e-06
2025-06-17,M0 flat,-6.05526,2.95607e-06
2025-06-18,M0 flat,-5.79932,2.24952e-05
2025-06-19,M0 flat,-6.2581,1.33817e-06
2025-06-20,M0 flat,-6.31677,1.54384e-06
2025-06-23,M0 flat,-5.72269,1.10421e-05
2025-06-24,M0 flat,-6.01868,3.59266e-06
2025-06-25,M0 flat,-6.43661,1.04229e-06
2025-06-26,M0 flat,-6.0166,2.13901e-06
2025-06-27,M0 flat,-6.08783,3.08546e-06
2025-06-30,M0 flat,-6.26593,1.50537e-06
2025-07-01,M0 flat,-6.12521,3.96347e-06
2025-07-02,M0 flat,-6.17018,6.20224e-06
2025-07-03,M0 flat,-5.21297,0.000285377
2025-07-04,M0 flat,-6.66921,7.08898e-07
2025-07-07,M0 flat,-6.22902,4.57693e-06
2025-07-08,M0 flat,-6.29535,1.81208e-06
2025-07-09,M0 flat,-6.57886,9.45467e-07
2025-07-10,M0 flat,-6.60999,1.09043e-06
2025-07-11,M0 flat,-6.4755,1.32604e-06
2025-07-14,M0 flat,-6.59867,1.09919e-06
2025-07-15,M0 flat,-6.16008,1.51193e-05
2025-07-16,M0 flat,-4.50934,0.000151874
2025-07-17,M0 flat,-6.43384,1.8159e-06
2025-07-18,M0 flat,-6.59768,1.10655e-06
2025-07-21,M0 flat,-6.6395,9.97496e-07
2025-07-22,M0 flat,-6.58085,1.51921e-06
2025-07-23,M0 flat,-6.37194,1.88715e-06
2025-07-24,M0 flat,-6.29527,4.4757e-06
2025-07-25,M0 flat,-6.59391,1.42098e-06
2025-07-28,M0 flat,-6.15544,2.62701e-06
2025-07-29,M0 flat,-5.99009,4.50758e-06
2025-07-30,M0 flat,-5.86328,7.38398e-06
2025-07-31,M0 flat,-6.07444,2.04241e-06
2025-08-01,M0 flat,-2.05486,0.00346363
2025-08-04,M0 flat,-5.96922,2.69987e-06
2025-08-05,M0 flat,-6.15293,2.3599e-06
2025-08-06,M0 flat,-6.26399,1.58904e-06
2025-08-07,M0 flat,-6.03885,3.62795e-06
2025-08-08,M0 flat,-6.36396,1.02422e-06
2025-08-11,M0 flat,-6.45537,1.41528e-06
2025-08-12,M0 flat,-5.723,5.66153e-05
2025-08-13,M0 flat,-6.45985,9.14071e-07
2025-08-14,M0 flat,-6.31417,1.51825e-06
2025-08-15,M0 flat,-6.49949,1.97915e-06
2025-08-18,M0 flat,-6.49745,1.12985e-06
2025-08-19,M0 flat,-6.51625,8.71819e-07
2025-08-20,M0 flat,-6.43637,1.50405e-06
2025-08-21,M0 flat,-6.46894,1.57577e-06
2025-08-22,M0 flat,-5.27167,0.000270563
2025-08-25,M0 flat,-6.49236,8.38547e-07
2025-08-26,M0 flat,-6.07313,3.83296e-06
2025-08-27,M0 flat,-6.34772,2.3714e-06
2025-08-28,M0 flat,-6.51819,9.45062e-07
2025-08-29,M0 flat,-6.43363,1.73932e-06
2025-09-01,M0 flat,-6.6892,7.02993e-07
2025-09-02,M0 flat,-6.05978,6.53737e-06
2025-09-03,M0 flat,-6.29079,6.79098e-06
2025-09-04,M0 flat,-6.52869,1.08344e-06
2025-09-05,M0 flat,-6.07047,3.01722e-05
2025-09-08,M0 flat,-6.60355,6.78133e-07
2025-09-09,M0 flat,-6.50969,1.03847e-06
2025-09-10,M0 flat,-6.28302,1.03532e-05
2025-09-11,M0 flat,-6.07737,2.88862e-05
2025-09-12,M0 flat,-6.66981,7.23238e-07
2025-09-15,M0 flat,-6.75483,5.6465e-07
2025-09-16,M0 flat,-6.50846,1.1396e-06
2025-09-17,M0 flat,-5.31244,6.56699e-05
2025-09-18,M0 flat,-6.11734,3.52311e-06
2025-09-19,M0 flat,-6.41248,1.30084e-06
2025-09-22,M0 flat,-6.6495,6.39698e-07
2025-09-23,M0 flat,-6.56543,8.58304e-07
2025-09-24,M0 flat,-6.68484,5.98865e-07
2025-09-25,M0 flat,-6.37185,8.15927e-06
2025-09-26,M0 flat,-6.57288,7.62909e-07
2025-09-29,M0 flat,-6.54133,2.14674e-06
2025-09-30,M0 flat,-6.5164,1.85494e-06
2025-10-01,M0 flat,-5.70583,4.35462e-05
2025-10-02,M0 flat,-6.61432,7.06477e-07
2025-10-03,M0 flat,-6.85057,5.19824e-07
2025-10-06,M0 flat,-5.89701,6.9704e-05
2025-10-07,M0 flat,-6.76908,4.38803e-07
2025-10-08,M0 flat,-6.60853,7.65396e-07
2025-10-09,M0 flat,-6.43214,1.83895e-06
2025-10-10,M0 flat,-6.12374,9.68747e-06
2025-10-13,M0 flat,-6.48664,9.65389e-07
2025-10-14,M0 flat,-6.44559,1.50803e-06
2025-10-15,M0 flat,-6.70536,5.19584e-07
2025-10-16,M0 flat,-6.74065,4.75181e-07
2025-10-17,M0 flat,-6.60984,7.99483e-07
2025-10-20,M0 flat,-6.94401,3.02705e-07
2025-10-21,M0 flat,-6.71982,4.92712e-07
2025-10-22,M0 flat,-6.96555,4.31048e-07
2025-10-23,M0 flat,-7.0896,2.84418e-07
2025-10-24,M0 flat,-6.24888,1.90004e-05
2025-10-27,M0 flat,-7.03465,2.7603e-07
2025-10-28,M0 flat,-6.89179,5.01092e-07
2025-10-29,M0 flat,-5.166,0.000178044
2025-10-30,M0 flat,-6.61628,7.26564e-07
2025-10-31,M0 flat,-6.85408,7.63705e-07
2025-11-03,M0 flat,-6.94295,4.2416e-07
2025-11-04,M0 flat,-6.99118,3.84525e-07
2025-11-05,M0 flat,-6.98859,4.71204e-07
2025-11-06,M0 flat,-6.97964,3.95544e-07
2025-11-07,M0 flat,-6.89502,1.07615e-06
2025-11-10,M0 flat,-6.96239,3.36508e-07
2025-11-11,M0 flat,-7.06534,3.58948e-07
2025-11-12,M0 flat,-7.17094,1.96063e-07
2025-11-13,M0 flat,-6.837,7.29973e-07
2025-11-14,M0 flat,-6.82062,5.03994e-07
2025-11-17,M0 flat,-7.19987,2.46995e-07
2025-11-18,M0 flat,-6.99382,5.57658e-07
2025-11-19,M0 flat,-6.90636,4.43999e-07
2025-11-20,M0 flat,-6.73196,1.42533e-06
2025-11-21,M0 flat,-6.67218,1.32928e-06
2025-11-24,M0 flat,-7.07746,2.63883e-07
2025-11-25,M0 flat,-6.48589,2.09383e-06
2025-11-26,M0 flat,-6.6644,7.27792e-07
2025-11-27,M0 flat,-7.29492,2.05564e-07
2025-11-28,M0 flat,-6.92135,6.95228e-07
2025-12-01,M0 flat,-6.93952,4.02576e-07
2025-12-02,M0 flat,-7.15668,8.44379e-07
2025-12-03,M0 flat,-7.28954,2.32274e-07
2025-12-04,M0 flat,-7.27882,1.9774e-07
2025-12-05,M0 flat,-7.16413,4.98276e-07
2025-12-08,M0 flat,-7.0376,8.38636e-07
2025-12-09,M0 flat,-7.16178,6.76737e-07
2025-12-10,M0 flat,-6.4024,3.29182e-06
2025-12-11,M0 flat,-6.92653,4.91106e-07
2025-12-12,M0 flat,-7.17305,2.03759e-07
2025-12-15,M0 flat,-7.20596,3.38625e-07
2025-12-16,M0 flat,-6.46673,1.49498e-06
2025-12-17,M0 flat,-6.96842,4.14607e-07
2025-12-18,M0 flat,-6.59669,1.75399e-06
2025-12-19,M0 flat,-7.15737,3.60688e-07
2025-12-22,M0 flat,-7.2814,1.80655e-07
2025-12-23,M0 flat,-7.20895,1.83129e-07
2025-12-24,M0 flat,-7.39389,1.66901e-07
2025-12-26,M0 flat,-7.13044,3.31748e-07
2025-12-29,M0 flat,-6.86474,7.07832e-07
2025-12-30,M0 flat,-7.2953,2.21465e-07
2025-12-31,M0 flat,-7.05227,6.74583e-07
2025-01-02,M1 hist. profile,-5.84663,5.84822e-05
2025-01-03,M1 hist. profile,-6.71721,1.27973e-06
2025-01-06,M1 hist. profile,-5.10944,0.000225965
2025-01-07,M1 hist. profile,-6.33363,1.47604e-05
2025-01-08,M1 hist. profile,-6.377,4.45194e-06
2025-01-09,M1 hist. profile,-6.76548,1.2969e-06
2025-01-10,M1 hist. profile,-6.26609,0.00133242
2025-01-13,M1 hist. profile,-6.00474,1.32815e-05
2025-01-14,M1 hist. profile,-5.74621,2.90766e-06
2025-01-15,M1 hist. profile,-6.43783,5.7327e-05
2025-01-16,M1 hist. profile,-6.33595,1.164e-05
2025-01-17,M1 hist. profile,-6.58221,3.22024e-06
2025-01-20,M1 hist. profile,-5.23112,0.00147563
2025-01-21,M1 hist. profile,-4.78891,0.000107625
2025-01-22,M1 hist. profile,-6.14238,9.12441e-06
2025-01-23,M1 hist. profile,-6.61163,2.07361e-06
2025-01-24,M1 hist. profile,-6.07981,3.53623e-06
2025-01-27,M1 hist. profile,-6.40036,1.98567e-06
2025-01-28,M1 hist. profile,-5.69459,5.04924e-06
2025-01-29,M1 hist. profile,-6.37047,5.0558e-06
2025-01-30,M1 hist. profile,-4.6803,9.63145e-05
2025-01-31,M1 hist. profile,-5.15778,2.31282e-05
2025-02-03,M1 hist. profile,-1.35709,0.00035905
2025-02-04,M1 hist. profile,-5.83199,4.92076e-06
2025-02-05,M1 hist. profile,-6.43478,2.09664e-06
2025-02-06,M1 hist. profile,-6.67701,1.16049e-06
2025-02-07,M1 hist. profile,-5.7649,8.6593e-05
2025-02-10,M1 hist. profile,-6.37891,3.33627e-06
2025-02-11,M1 hist. profile,-6.9447,1.5506e-06
2025-02-12,M1 hist. profile,-6.25256,9.49546e-05
2025-02-13,M1 hist. profile,-5.41454,2.52697e-05
2025-02-14,M1 hist. profile,-6.64618,8.64957e-07
2025-02-17,M1 hist. profile,-6.92507,1.00058e-06
2025-02-18,M1 hist. profile,-6.63134,2.23718e-06
2025-02-19,M1 hist. profile,-6.89918,1.09984e-06
2025-02-20,M1 hist. profile,-6.76237,9.51209e-07
2025-02-21,M1 hist. profile,-6.66737,4.0972e-06
2025-02-24,M1 hist. profile,-6.13181,3.27611e-06
2025-02-25,M1 hist. profile,-6.77122,1.07762e-06
2025-02-26,M1 hist. profile,-6.39937,1.14374e-05
2025-02-27,M1 hist. profile,-6.68064,4.41135e-06
2025-02-28,M1 hist. profile,-6.3032,4.79411e-06
2025-03-03,M1 hist. profile,-5.97625,3.47622e-06
2025-03-04,M1 hist. profile,-5.34545,9.11271e-06
2025-03-05,M1 hist. profile,-5.20348,1.51008e-05
2025-03-06,M1 hist. profile,-5.37009,3.65817e-05
2025-03-07,M1 hist. profile,-5.84079,3.66166e-05
2025-03-10,M1 hist. profile,-5.38468,3.15588e-05
2025-03-11,M1 hist. profile,-5.89209,8.1849e-06
2025-03-12,M1 hist. profile,-6.31519,2.51509e-06
2025-03-13,M1 hist. profile,-6.277,3.8268e-06
2025-03-14,M1 hist. profile,-6.18494,5.07311e-06
2025-03-17,M1 hist. profile,-6.49446,1.97296e-06
2025-03-18,M1 hist. profile,-6.50794,2.97294e-06
2025-03-19,M1 hist. profile,-6.16356,1.42119e-05
2025-03-20,M1 hist. profile,-6.31781,2.61852e-06
2025-03-21,M1 hist. profile,-6.41448,2.78794e-06
2025-03-24,M1 hist. profile,-6.30553,3.45251e-06
2025-03-25,M1 hist. profile,-6.6011,1.77814e-06
2025-03-26,M1 hist. profile,-6.6037,3.15367e-06
2025-03-27,M1 hist. profile,-6.21635,3.04438e-06
2025-03-28,M1 hist. profile,-6.53507,2.12568e-06
2025-04-01,M1 hist. profile,-6.47199,5.119e-06
2025-04-02,M1 hist. profile,-2.59821,0.000102931
2025-04-03,M1 hist. profile,-1.16033,0.000179902
2025-04-04,M1 hist. profile,-3.68984,5.83644e-05
2025-04-07,M1 hist. profile,-2.91332,5.12045e-05
2025-04-08,M1 hist. profile,-5.26751,1.35249e-05
2025-04-09,M1 hist. profile,-1.12862,0.000513191
2025-04-10,M1 hist. profile,-3.87401,4.26438e-05
2025-04-11,M1 hist. profile,-0.937635,0.000715597
2025-04-14,M1 hist. profile,-4.64804,1.96457e-05
2025-04-15,M1 hist. profile,-5.54655,1.28236e-05
2025-04-16,M1 hist. profile,-5.51615,1.19631e-05
2025-04-17,M1 hist. profile,-5.7683,8.77229e-06
2025-04-18,M1 hist. profile,-6.18579,8.15217e-06
2025-04-21,M1 hist. profile,-4.50268,3.17743e-05
2025-04-22,M1 hist. profile,-5.43515,1.21809e-05
2025-04-23,M1 hist. profile,-3.97822,8.88952e-05
2025-04-24,M1 hist. profile,-5.75405,7.37582e-06
2025-04-25,M1 hist. profile,-5.81778,6.90011e-06
2025-04-28,M1 hist. profile,-5.83544,7.58768e-06
2025-04-29,M1 hist. profile,-5.78097,8.69334e-06
2025-04-30,M1 hist. profile,-5.81414,5.61548e-06
2025-05-01,M1 hist. profile,-5.94899,4.33991e-06
2025-05-02,M1 hist. profile,-5.86391,1.07902e-05
2025-05-05,M1 hist. profile,-5.90286,4.99955e-06
2025-05-06,M1 hist. profile,-5.89965,4.28222e-06
2025-05-07,M1 hist. profile,-5.23107,1.47729e-05
2025-05-08,M1 hist. profile,-5.67202,8.82472e-06
2025-05-09,M1 hist. profile,-6.1806,3.89965e-06
2025-05-12,M1 hist. profile,-5.28633,5.9547e-05
2025-05-13,M1 hist. profile,-6.09036,4.84908e-06
2025-05-14,M1 hist. profile,-5.78712,9.66661e-06
2025-05-15,M1 hist. profile,-6.12662,3.84912e-06
2025-05-16,M1 hist. profile,-6.20568,4.38526e-06
2025-05-19,M1 hist. profile,-5.97078,6.04738e-06
2025-05-20,M1 hist. profile,-6.19794,3.74456e-06
2025-05-21,M1 hist. profile,-5.98375,5.2553e-06
2025-05-22,M1 hist. profile,-6.00951,6.67258e-06
2025-05-23,M1 hist. profile,-5.74808,4.62957e-05
2025-05-26,M1 hist. profile,-6.1549,3.98373e-06
2025-05-27,M1 hist. profile,-6.24078,3.28768e-06
2025-05-28,M1 hist. profile,-6.14665,4.47954e-06
2025-05-29,M1 hist. profile,-4.96579,4.31451e-05
2025-05-30,M1 hist. profile,-6.17264,4.59617e-06
2025-06-02,M1 hist. profile,-6.32214,3.10521e-06
2025-06-03,M1 hist. profile,-6.40611,3.30013e-06
2025-06-04,M1 hist. profile,-6.29268,7.35082e-06
2025-06-05,M1 hist. profile,-6.18677,7.04162e-06
2025-06-06,M1 hist. profile,-6.41122,4.02849e-06
2025-06-09,M1 hist. profile,-6.49619,2.59956e-06
2025-06-10,M1 hist. profile,-6.24462,4.02998e-06
2025-06-11,M1 hist. profile,-6.51362,5.86321e-05
2025-06-12,M1 hist. profile,-5.99132,8.06589e-06
2025-06-13,M1 hist. profile,-4.67053,3.14102e-05
2025-06-16,M1 hist. profile,-6.22821,2.67977e-06
2025-06-17,M1 hist. profile,-6.17481,3.76638e-06
2025-06-18,M1 hist. profile,-6.05382,2.10603e-05
2025-06-19,M1 hist. profile,-6.31631,2.40483e-06
2025-06-20,M1 hist. profile,-6.50035,1.64599e-06
2025-06-23,M1 hist. profile,-5.77116,1.07738e-05
2025-06-24,M1 hist. profile,-6.08892,4.04173e-06
2025-06-25,M1 hist. profile,-6.61063,1.75246e-06
2025-06-26,M1 hist. profile,-6.14929,2.06344e-06
2025-06-27,M1 hist. profile,-6.3129,1.76113e-06
2025-06-30,M1 hist. profile,-6.3993,2.04917e-06
2025-07-01,M1 hist. profile,-6.36395,4.12634e-06
2025-07-02,M1 hist. profile,-6.51947,6.0037e-06
2025-07-03,M1 hist. profile,-6.52889,0.000264062
2025-07-04,M1 hist. profile,-6.8254,1.28718e-06
2025-07-07,M1 hist. profile,-6.32915,5.16916e-06
2025-07-08,M1 hist. profile,-6.40649,2.17831e-06
2025-07-09,M1 hist. profile,-6.69998,1.47016e-06
2025-07-10,M1 hist. profile,-6.84398,1.42689e-06
2025-07-11,M1 hist. profile,-6.55129,1.61194e-06
2025-07-14,M1 hist. profile,-6.62299,1.60025e-06
2025-07-15,M1 hist. profile,-6.82731,1.20006e-05
2025-07-16,M1 hist. profile,-5.37586,0.000149933
2025-07-17,M1 hist. profile,-6.65799,2.008e-06
2025-07-18,M1 hist. profile,-6.79344,1.37113e-06
2025-07-21,M1 hist. profile,-6.84933,1.11214e-06
2025-07-22,M1 hist. profile,-6.85991,1.67872e-06
2025-07-23,M1 hist. profile,-6.51541,2.18531e-06
2025-07-24,M1 hist. profile,-6.64874,4.15554e-06
2025-07-25,M1 hist. profile,-6.78555,1.65371e-06
2025-07-28,M1 hist. profile,-6.34435,2.75173e-06
2025-07-29,M1 hist. profile,-6.29873,4.44719e-06
2025-07-30,M1 hist. profile,-6.00635,6.37822e-06
2025-07-31,M1 hist. profile,-6.17911,2.41809e-06
2025-08-01,M1 hist. profile,-5.18201,0.00338253
2025-08-04,M1 hist. profile,-6.08618,3.60371e-06
2025-08-05,M1 hist. profile,-6.38524,2.98261e-06
2025-08-06,M1 hist. profile,-6.51371,2.17383e-06
2025-08-07,M1 hist. profile,-6.20045,3.51842e-06
2025-08-08,M1 hist. profile,-6.52991,1.92544e-06
2025-08-11,M1 hist. profile,-6.66976,1.91893e-06
2025-08-12,M1 hist. profile,-6.43531,4.74789e-05
2025-08-13,M1 hist. profile,-6.65855,1.68359e-06
2025-08-14,M1 hist. profile,-6.62184,1.04543e-06
2025-08-15,M1 hist. profile,-6.7906,2.09982e-06
2025-08-18,M1 hist. profile,-6.72436,1.86724e-06
2025-08-19,M1 hist. profile,-6.65577,1.52684e-06
2025-08-20,M1 hist. profile,-6.68385,1.14588e-06
2025-08-21,M1 hist. profile,-6.79071,1.05565e-06
2025-08-22,M1 hist. profile,-6.35086,0.000263372
2025-08-25,M1 hist. profile,-6.65777,1.64842e-06
2025-08-26,M1 hist. profile,-6.17476,4.47017e-06
2025-08-27,M1 hist. profile,-6.60795,2.85694e-06
2025-08-28,M1 hist. profile,-6.78618,1.24736e-06
2025-08-29,M1 hist. profile,-6.66467,2.18147e-06
2025-09-01,M1 hist. profile,-6.86129,1.41853e-06
2025-09-02,M1 hist. profile,-6.48347,6.10475e-06
2025-09-03,M1 hist. profile,-6.68594,6.12031e-06
2025-09-04,M1 hist. profile,-6.80815,1.308e-06
2025-09-05,M1 hist. profile,-6.72422,2.38483e-05
2025-09-08,M1 hist. profile,-6.79024,1.17293e-06
2025-09-09,M1 hist. profile,-6.75096,1.18879e-06
2025-09-10,M1 hist. profile,-6.75275,7.00549e-06
2025-09-11,M1 hist. profile,-6.79166,2.28982e-05
2025-09-12,M1 hist. profile,-6.94661,8.13946e-07
2025-09-15,M1 hist. profile,-6.96491,9.51651e-07
2025-09-16,M1 hist. profile,-6.75954,1.21467e-06
2025-09-17,M1 hist. profile,-5.46515,6.52674e-05
2025-09-18,M1 hist. profile,-6.42566,2.14562e-06
2025-09-19,M1 hist. profile,-6.63883,1.56118e-06
2025-09-22,M1 hist. profile,-6.85418,1.01747e-06
2025-09-23,M1 hist. profile,-6.76897,1.24449e-06
2025-09-24,M1 hist. profile,-6.8849,9.92643e-07
2025-09-25,M1 hist. profile,-6.80163,5.40044e-06
2025-09-26,M1 hist. profile,-6.81322,1.02997e-06
2025-09-29,M1 hist. profile,-6.82795,2.2822e-06
2025-09-30,M1 hist. profile,-6.81179,1.90963e-06
2025-10-01,M1 hist. profile,-6.25238,4.3045e-05
2025-10-02,M1 hist. profile,-6.84501,9.17785e-07
2025-10-03,M1 hist. profile,-7.05068,8.49672e-07
2025-10-06,M1 hist. profile,-6.20071,6.97842e-05
2025-10-07,M1 hist. profile,-6.96428,7.17798e-07
2025-10-08,M1 hist. profile,-6.7643,1.07134e-06
2025-10-09,M1 hist. profile,-6.77673,1.68262e-06
2025-10-10,M1 hist. profile,-6.18914,9.79977e-06
2025-10-13,M1 hist. profile,-6.57306,1.27787e-06
2025-10-14,M1 hist. profile,-6.68399,1.68148e-06
2025-10-15,M1 hist. profile,-6.88533,7.49706e-07
2025-10-16,M1 hist. profile,-6.92741,7.7567e-07
2025-10-17,M1 hist. profile,-6.70713,1.11996e-06
2025-10-20,M1 hist. profile,-7.08183,6.71394e-07
2025-10-21,M1 hist. profile,-6.98513,6.36303e-07
2025-10-22,M1 hist. profile,-7.24144,6.36396e-07
2025-10-23,M1 hist. profile,-7.31998,4.77655e-07
2025-10-24,M1 hist. profile,-6.95796,1.56974e-05
2025-10-27,M1 hist. profile,-7.12174,5.55158e-07
2025-10-28,M1 hist. profile,-7.07699,6.78638e-07
2025-10-29,M1 hist. profile,-5.23854,0.000178237
2025-10-30,M1 hist. profile,-6.70676,8.14027e-07
2025-10-31,M1 hist. profile,-7.05048,8.90215e-07
2025-11-03,M1 hist. profile,-7.18185,4.46633e-07
2025-11-04,M1 hist. profile,-7.08294,5.84889e-07
2025-11-05,M1 hist. profile,-7.21254,4.488e-07
2025-11-06,M1 hist. profile,-7.22765,4.67473e-07
2025-11-07,M1 hist. profile,-7.16254,9.79833e-07
2025-11-10,M1 hist. profile,-7.09727,4.7727e-07
2025-11-11,M1 hist. profile,-7.32374,4.28427e-07
2025-11-12,M1 hist. profile,-7.3753,3.39265e-07
2025-11-13,M1 hist. profile,-7.07617,8.39646e-07
2025-11-14,M1 hist. profile,-6.98063,5.67801e-07
2025-11-17,M1 hist. profile,-7.35145,3.77271e-07
2025-11-18,M1 hist. profile,-7.22428,5.51438e-07
2025-11-19,M1 hist. profile,-7.08001,4.67883e-07
2025-11-20,M1 hist. profile,-7.11039,9.92629e-07
2025-11-21,M1 hist. profile,-6.8964,1.37105e-06
2025-11-24,M1 hist. profile,-7.29687,3.22147e-07
2025-11-25,M1 hist. profile,-6.86517,1.82276e-06
2025-11-26,M1 hist. profile,-6.95329,4.88607e-07
2025-11-27,M1 hist. profile,-7.38684,3.2837e-07
2025-11-28,M1 hist. profile,-6.9473,7.36379e-07
2025-12-01,M1 hist. profile,-7.01868,4.54183e-07
2025-12-02,M1 hist. profile,-7.50714,8.5193e-07
2025-12-03,M1 hist. profile,-7.60006,2.57028e-07
2025-12-04,M1 hist. profile,-7.51145,1.98698e-07
2025-12-05,M1 hist. profile,-7.44404,5.37303e-07
2025-12-08,M1 hist. profile,-7.09924,9.02498e-07
2025-12-09,M1 hist. profile,-7.46846,6.15716e-07
2025-12-10,M1 hist. profile,-6.53059,3.30362e-06
2025-12-11,M1 hist. profile,-7.19724,4.48727e-07
2025-12-12,M1 hist. profile,-7.33874,2.81272e-07
2025-12-15,M1 hist. profile,-7.41378,3.38732e-07
2025-12-16,M1 hist. profile,-6.8865,1.21369e-06
2025-12-17,M1 hist. profile,-7.19888,4.43686e-07
2025-12-18,M1 hist. profile,-7.17185,1.45184e-06
2025-12-19,M1 hist. profile,-7.31067,3.88889e-07
2025-12-22,M1 hist. profile,-7.43318,1.9412e-07
2025-12-23,M1 hist. profile,-7.42245,1.78891e-07
2025-12-24,M1 hist. profile,-7.49762,2.41397e-07
2025-12-26,M1 hist. profile,-7.1125,4.05398e-07
2025-12-29,M1 hist. profile,-7.0245,6.89318e-07
2025-12-30,M1 hist. profile,-7.51596,2.55449e-07
2025-12-31,M1 hist. profile,-7.40754,5.07808e-07
2025-01-02,M2 FFF,-5.85546,5.84618e-05
2025-01-03,M2 FFF,-6.70849,1.27708e-06
2025-01-06,M2 FFF,-5.21624,0.000224998
2025-01-07,M2 FFF,-6.26762,1.58584e-05
2025-01-08,M2 FFF,-6.35544,4.55195e-06
2025-01-09,M2 FFF,-6.75363,1.27593e-06
2025-01-10,M2 FFF,-6.26531,0.00133097
2025-01-13,M2 FFF,-6.04393,1.3185e-05
2025-01-14,M2 FFF,-5.75968,2.85481e-06
2025-01-15,M2 FFF,-6.39575,5.71336e-05
2025-01-16,M2 FFF,-6.34237,1.17683e-05
2025-01-17,M2 FFF,-6.57841,3.37165e-06
2025-01-20,M2 FFF,-5.2142,0.00147371
2025-01-21,M2 FFF,-4.75883,0.000107528
2025-01-22,M2 FFF,-5.84813,9.23368e-06
2025-01-23,M2 FFF,-6.612,2.05703e-06
2025-01-24,M2 FFF,-6.08281,3.55334e-06
2025-01-27,M2 FFF,-6.3876,1.97383e-06
2025-01-28,M2 FFF,-5.62671,5.04055e-06
2025-01-29,M2 FFF,-6.31404,5.30869e-06
2025-01-30,M2 FFF,-4.59046,9.64146e-05
2025-01-31,M2 FFF,-5.10877,2.32316e-05
2025-02-03,M2 FFF,-1.50873,0.000358846
2025-02-04,M2 FFF,-5.81243,4.97491e-06
2025-02-05,M2 FFF,-6.45392,2.08764e-06
2025-02-06,M2 FFF,-6.6853,1.21838e-06
2025-02-07,M2 FFF,-5.72578,8.66383e-05
2025-02-10,M2 FFF,-6.21276,3.4025e-06
2025-02-11,M2 FFF,-6.94766,1.55977e-06
2025-02-12,M2 FFF,-6.25464,9.43429e-05
2025-02-13,M2 FFF,-5.54305,2.53117e-05
2025-02-14,M2 FFF,-6.65921,8.42612e-07
2025-02-17,M2 FFF,-6.92439,9.91161e-07
2025-02-18,M2 FFF,-6.60396,2.25355e-06
2025-02-19,M2 FFF,-6.90679,1.07718e-06
2025-02-20,M2 FFF,-6.76276,9.54958e-07
2025-02-21,M2 FFF,-6.64954,4.15309e-06
2025-02-24,M2 FFF,-6.10941,3.28957e-06
2025-02-25,M2 FFF,-6.76707,1.05394e-06
2025-02-26,M2 FFF,-6.35403,1.14979e-05
2025-02-27,M2 FFF,-6.63524,4.55111e-06
2025-02-28,M2 FFF,-6.32256,4.817e-06
2025-03-03,M2 FFF,-5.88769,3.60269e-06
2025-03-04,M2 FFF,-5.42207,8.97727e-06
2025-03-05,M2 FFF,-5.11477,1.54485e-05
2025-03-06,M2 FFF,-5.39784,3.64774e-05
2025-03-07,M2 FFF,-5.81766,3.67507e-05
2025-03-10,M2 FFF,-5.37028,3.14976e-05
2025-03-11,M2 FFF,-5.89231,8.07523e-06
2025-03-12,M2 FFF,-6.29546,2.56058e-06
2025-03-13,M2 FFF,-6.26525,3.78865e-06
2025-03-14,M2 FFF,-6.15587,5.00986e-06
2025-03-17,M2 FFF,-6.48215,1.84337e-06
2025-03-18,M2 FFF,-6.4696,3.02986e-06
2025-03-19,M2 FFF,-6.09673,1.46824e-05
2025-03-20,M2 FFF,-6.30939,2.56725e-06
2025-03-21,M2 FFF,-6.41399,2.65363e-06
2025-03-24,M2 FFF,-6.29581,3.30364e-06
2025-03-25,M2 FFF,-6.59216,1.70865e-06
2025-03-26,M2 FFF,-6.6147,3.0447e-06
2025-03-27,M2 FFF,-6.22779,2.99397e-06
2025-03-28,M2 FFF,-6.53006,2.04407e-06
2025-04-01,M2 FFF,-6.43926,5.28474e-06
2025-04-02,M2 FFF,-2.82104,0.000102833
2025-04-03,M2 FFF,-1.31179,0.000179633
2025-04-04,M2 FFF,-3.742,5.93789e-05
2025-04-07,M2 FFF,-3.08525,5.11284e-05
2025-04-08,M2 FFF,-5.27679,1.40261e-05
2025-04-09,M2 FFF,-1.64535,0.000513049
2025-04-10,M2 FFF,-3.80927,4.32675e-05
2025-04-11,M2 FFF,-1.35618,0.000713646
2025-04-14,M2 FFF,-4.72128,1.87595e-05
2025-04-15,M2 FFF,-5.50087,1.25207e-05
2025-04-16,M2 FFF,-5.48631,1.19114e-05
2025-04-17,M2 FFF,-5.72014,7.85781e-06
2025-04-18,M2 FFF,-6.12108,7.12093e-06
2025-04-21,M2 FFF,-4.65826,3.05176e-05
2025-04-22,M2 FFF,-5.44036,1.09647e-05
2025-04-23,M2 FFF,-4.19615,8.74912e-05
2025-04-24,M2 FFF,-5.70932,6.18238e-06
2025-04-25,M2 FFF,-5.77582,5.93276e-06
2025-04-28,M2 FFF,-5.8107,6.47559e-06
2025-04-29,M2 FFF,-5.75671,8.24426e-06
2025-04-30,M2 FFF,-5.78311,5.44947e-06
2025-05-01,M2 FFF,-5.88925,4.7187e-06
2025-05-02,M2 FFF,-5.84633,1.06378e-05
2025-05-05,M2 FFF,-5.89142,4.45645e-06
2025-05-06,M2 FFF,-5.88636,3.87746e-06
2025-05-07,M2 FFF,-5.19421,1.43568e-05
2025-05-08,M2 FFF,-5.65355,8.74492e-06
2025-05-09,M2 FFF,-6.14865,3.35614e-06
2025-05-12,M2 FFF,-5.1865,6.00749e-05
2025-05-13,M2 FFF,-6.04437,4.22276e-06
2025-05-14,M2 FFF,-5.75,9.3224e-06
2025-05-15,M2 FFF,-6.07663,3.68253e-06
2025-05-16,M2 FFF,-6.16619,4.01397e-06
2025-05-19,M2 FFF,-5.9181,5.68617e-06
2025-05-20,M2 FFF,-6.1529,3.37989e-06
2025-05-21,M2 FFF,-5.96393,4.81872e-06
2025-05-22,M2 FFF,-5.96162,6.67701e-06
2025-05-23,M2 FFF,-5.77401,4.58287e-05
2025-05-26,M2 FFF,-6.12836,3.59966e-06
2025-05-27,M2 FFF,-6.19507,3.10951e-06
2025-05-28,M2 FFF,-6.12497,4.20792e-06
2025-05-29,M2 FFF,-5.07077,4.30888e-05
2025-05-30,M2 FFF,-6.13247,4.63897e-06
2025-06-02,M2 FFF,-6.28022,3.34243e-06
2025-06-03,M2 FFF,-6.36031,3.13237e-06
2025-06-04,M2 FFF,-6.25525,7.80984e-06
2025-06-05,M2 FFF,-6.18584,6.80258e-06
2025-06-06,M2 FFF,-6.37077,4.1904e-06
2025-06-09,M2 FFF,-6.47486,2.27736e-06
2025-06-10,M2 FFF,-6.22734,3.86413e-06
2025-06-11,M2 FFF,-6.49007,5.90334e-05
2025-06-12,M2 FFF,-5.98866,8.06223e-06
2025-06-13,M2 FFF,-4.72256,3.11332e-05
2025-06-16,M2 FFF,-6.22748,2.42711e-06
2025-06-17,M2 FFF,-6.19642,3.51144e-06
2025-06-18,M2 FFF,-6.02447,2.2556e-05
2025-06-19,M2 FFF,-6.32242,2.23937e-06
2025-06-20,M2 FFF,-6.48274,1.62741e-06
2025-06-23,M2 FFF,-5.56822,1.14173e-05
2025-06-24,M2 FFF,-6.08616,3.92851e-06
2025-06-25,M2 FFF,-6.59496,1.72417e-06
2025-06-26,M2 FFF,-6.10489,2.13716e-06
2025-06-27,M2 FFF,-6.29973,1.66594e-06
2025-06-30,M2 FFF,-6.39002,1.983e-06
2025-07-01,M2 FFF,-6.35327,4.22182e-06
2025-07-02,M2 FFF,-6.50932,5.90355e-06
2025-07-03,M2 FFF,-6.50442,0.000263877
2025-07-04,M2 FFF,-6.82003,1.30505e-06
2025-07-07,M2 FFF,-6.31638,5.14775e-06
2025-07-08,M2 FFF,-6.37794,2.16488e-06
2025-07-09,M2 FFF,-6.67964,1.43895e-06
2025-07-10,M2 FFF,-6.83886,1.37648e-06
2025-07-11,M2 FFF,-6.53957,1.57841e-06
2025-07-14,M2 FFF,-6.55464,1.59841e-06
2025-07-15,M2 FFF,-6.78256,1.22989e-05
2025-07-16,M2 FFF,-5.43038,0.000149759
2025-07-17,M2 FFF,-6.64004,2.02227e-06
2025-07-18,M2 FFF,-6.77892,1.35914e-06
2025-07-21,M2 FFF,-6.81004,1.30725e-06
2025-07-22,M2 FFF,-6.84936,1.69477e-06
2025-07-23,M2 FFF,-6.50448,2.23102e-06
2025-07-24,M2 FFF,-6.64124,4.27705e-06
2025-07-25,M2 FFF,-6.7943,1.60274e-06
2025-07-28,M2 FFF,-6.31038,2.7304e-06
2025-07-29,M2 FFF,-6.2982,4.4883e-06
2025-07-30,M2 FFF,-6.0405,6.24939e-06
2025-07-31,M2 FFF,-6.12817,2.37601e-06
2025-08-01,M2 FFF,-5.16143,0.00338264
2025-08-04,M2 FFF,-6.07396,3.37123e-06
2025-08-05,M2 FFF,-6.37461,2.75796e-06
2025-08-06,M2 FFF,-6.48549,2.13486e-06
2025-08-07,M2 FFF,-6.19254,3.34753e-06
2025-08-08,M2 FFF,-6.51937,1.86481e-06
2025-08-11,M2 FFF,-6.64753,2.00483e-06
2025-08-12,M2 FFF,-6.44434,4.73575e-05
2025-08-13,M2 FFF,-6.64371,1.56723e-06
2025-08-14,M2 FFF,-6.62081,9.30719e-07
2025-08-15,M2 FFF,-6.77155,2.24546e-06
2025-08-18,M2 FFF,-6.71164,1.77463e-06
2025-08-19,M2 FFF,-6.63626,1.43973e-06
2025-08-20,M2 FFF,-6.64581,1.1757e-06
2025-08-21,M2 FFF,-6.77392,1.01584e-06
2025-08-22,M2 FFF,-6.08661,0.000268262
2025-08-25,M2 FFF,-6.64138,1.52774e-06
2025-08-26,M2 FFF,-6.1159,4.46496e-06
2025-08-27,M2 FFF,-6.59539,2.77985e-06
2025-08-28,M2 FFF,-6.7761,1.2638e-06
2025-08-29,M2 FFF,-6.65142,2.18883e-06
2025-09-01,M2 FFF,-6.85955,1.36786e-06
2025-09-02,M2 FFF,-6.46659,6.3903e-06
2025-09-03,M2 FFF,-6.64771,6.79742e-06
2025-09-04,M2 FFF,-6.79544,1.29876e-06
2025-09-05,M2 FFF,-6.69763,2.37219e-05
2025-09-08,M2 FFF,-6.78093,1.14981e-06
2025-09-09,M2 FFF,-6.76486,1.11671e-06
2025-09-10,M2 FFF,-6.7453,6.9154e-06
2025-09-11,M2 FFF,-6.79683,2.26191e-05
2025-09-12,M2 FFF,-6.92363,9.0599e-07
2025-09-15,M2 FFF,-6.97184,9.30642e-07
2025-09-16,M2 FFF,-6.75077,1.26495e-06
2025-09-17,M2 FFF,-5.24266,6.64032e-05
2025-09-18,M2 FFF,-6.40505,2.05232e-06
2025-09-19,M2 FFF,-6.61696,1.55638e-06
2025-09-22,M2 FFF,-6.83128,1.04359e-06
2025-09-23,M2 FFF,-6.76791,1.22001e-06
2025-09-24,M2 FFF,-6.88071,9.65603e-07
2025-09-25,M2 FFF,-6.81555,5.2217e-06
2025-09-26,M2 FFF,-6.78628,1.03596e-06
2025-09-29,M2 FFF,-6.79667,2.4045e-06
2025-09-30,M2 FFF,-6.81538,1.92956e-06
2025-10-01,M2 FFF,-6.25355,4.30258e-05
2025-10-02,M2 FFF,-6.83162,9.81767e-07
2025-10-03,M2 FFF,-7.05406,8.71417e-07
2025-10-06,M2 FFF,-6.26068,6.96099e-05
2025-10-07,M2 FFF,-6.95844,7.33505e-07
2025-10-08,M2 FFF,-6.75684,1.07076e-06
2025-10-09,M2 FFF,-6.7704,1.747e-06
2025-10-10,M2 FFF,-6.24732,9.78129e-06
2025-10-13,M2 FFF,-6.49437,1.30958e-06
2025-10-14,M2 FFF,-6.67065,1.65784e-06
2025-10-15,M2 FFF,-6.8676,7.69148e-07
2025-10-16,M2 FFF,-6.9328,7.69427e-07
2025-10-17,M2 FFF,-6.71703,1.13335e-06
2025-10-20,M2 FFF,-7.08692,6.8066e-07
2025-10-21,M2 FFF,-6.96699,6.83467e-07
2025-10-22,M2 FFF,-7.24431,6.50765e-07
2025-10-23,M2 FFF,-7.33672,4.96221e-07
2025-10-24,M2 FFF,-6.97244,1.54211e-05
2025-10-27,M2 FFF,-7.13695,5.83265e-07
2025-10-28,M2 FFF,-7.06865,7.05021e-07
2025-10-29,M2 FFF,-5.15966,0.000178329
2025-10-30,M2 FFF,-6.68852,7.88824e-07
2025-10-31,M2 FFF,-7.07592,8.79797e-07
2025-11-03,M2 FFF,-7.18494,5.19218e-07
2025-11-04,M2 FFF,-7.06946,6.16831e-07
2025-11-05,M2 FFF,-7.22231,5.12052e-07
2025-11-06,M2 FFF,-7.23706,4.86157e-07
2025-11-07,M2 FFF,-7.14436,1.13619e-06
2025-11-10,M2 FFF,-7.04437,5.06332e-07
2025-11-11,M2 FFF,-7.35306,4.35087e-07
2025-11-12,M2 FFF,-7.37989,3.61769e-07
2025-11-13,M2 FFF,-7.07461,8.57458e-07
2025-11-14,M2 FFF,-6.92791,6.01524e-07
2025-11-17,M2 FFF,-7.34763,4.14987e-07
2025-11-18,M2 FFF,-7.18425,6.25287e-07
2025-11-19,M2 FFF,-7.05358,4.94413e-07
2025-11-20,M2 FFF,-7.05513,9.95833e-07
2025-11-21,M2 FFF,-6.87663,1.4139e-06
2025-11-24,M2 FFF,-7.28453,3.52644e-07
2025-11-25,M2 FFF,-6.86334,1.80797e-06
2025-11-26,M2 FFF,-6.91584,5.11883e-07
2025-11-27,M2 FFF,-7.38676,3.48888e-07
2025-11-28,M2 FFF,-6.8805,7.62609e-07
2025-12-01,M2 FFF,-6.97351,4.93132e-07
2025-12-02,M2 FFF,-7.52542,8.74723e-07
2025-12-03,M2 FFF,-7.62467,2.73988e-07
2025-12-04,M2 FFF,-7.52212,2.25874e-07
2025-12-05,M2 FFF,-7.44458,5.49534e-07
2025-12-08,M2 FFF,-6.91835,9.25014e-07
2025-12-09,M2 FFF,-7.44407,7.1366e-07
2025-12-10,M2 FFF,-6.45127,3.39157e-06
2025-12-11,M2 FFF,-7.17361,5.01046e-07
2025-12-12,M2 FFF,-7.33042,2.95649e-07
2025-12-15,M2 FFF,-7.44579,3.46697e-07
2025-12-16,M2 FFF,-6.79348,1.20681e-06
2025-12-17,M2 FFF,-7.15425,4.6631e-07
2025-12-18,M2 FFF,-7.19584,1.40729e-06
2025-12-19,M2 FFF,-7.2417,4.06887e-07
2025-12-22,M2 FFF,-7.46538,2.07122e-07
2025-12-23,M2 FFF,-7.38919,1.97239e-07
2025-12-24,M2 FFF,-7.48074,2.62651e-07
2025-12-26,M2 FFF,-7.08056,4.20147e-07
2025-12-29,M2 FFF,-6.92814,7.14159e-07
2025-12-30,M2 FFF,-7.49138,2.72101e-07
2025-12-31,M2 FFF,-7.37626,4.96978e-07
2025-01-02,M3 FFF+intraday GARCH,-5.98408,5.85599e-05
2025-01-03,M3 FFF+intraday GARCH,-6.81284,8.29542e-07
2025-01-06,M3 FFF+intraday GARCH,-5.7532,0.000226607
2025-01-07,M3 FFF+intraday GARCH,-6.23551,1.65924e-05
2025-01-08,M3 FFF+intraday GARCH,-6.47864,6.17545e-06
2025-01-09,M3 FFF+intraday GARCH,-7.01648,5.9325e-07
2025-01-10,M3 FFF+intraday GARCH,-6.33865,0.0013542
2025-01-13,M3 FFF+intraday GARCH,-6.05076,1.34081e-05
2025-01-14,M3 FFF+intraday GARCH,-6.06052,2.86403e-06
2025-01-15,M3 FFF+intraday GARCH,-6.3773,5.98981e-05
2025-01-16,M3 FFF+intraday GARCH,-6.31184,1.19759e-05
2025-01-17,M3 FFF+intraday GARCH,-6.66208,3.14451e-06
2025-01-20,M3 FFF+intraday GARCH,-5.59954,0.00148701
2025-01-21,M3 FFF+intraday GARCH,-5.50245,0.000109656
2025-01-22,M3 FFF+intraday GARCH,-5.60501,9.00873e-06
2025-01-23,M3 FFF+intraday GARCH,-6.72754,1.71939e-06
2025-01-24,M3 FFF+intraday GARCH,-6.17415,3.4669e-06
2025-01-27,M3 FFF+intraday GARCH,-6.40998,2.0494e-06
2025-01-28,M3 FFF+intraday GARCH,-6.17892,4.09868e-06
2025-01-29,M3 FFF+intraday GARCH,-6.42128,4.64382e-06
2025-01-30,M3 FFF+intraday GARCH,-3.19399,9.62574e-05
2025-01-31,M3 FFF+intraday GARCH,-5.66526,2.31423e-05
2025-02-03,M3 FFF+intraday GARCH,-4.34731,0.000355243
2025-02-04,M3 FFF+intraday GARCH,-6.0216,5.24095e-06
2025-02-05,M3 FFF+intraday GARCH,-6.47473,2.04095e-06
2025-02-06,M3 FFF+intraday GARCH,-6.71168,1.06035e-06
2025-02-07,M3 FFF+intraday GARCH,-6.22904,8.34178e-05
2025-02-10,M3 FFF+intraday GARCH,-6.61727,3.0546e-06
2025-02-11,M3 FFF+intraday GARCH,-7.15004,1.12603e-06
2025-02-12,M3 FFF+intraday GARCH,-6.38548,9.9341e-05
2025-02-13,M3 FFF+intraday GARCH,-5.66982,2.52043e-05
2025-02-14,M3 FFF+intraday GARCH,-6.69312,7.13631e-07
2025-02-17,M3 FFF+intraday GARCH,-7.28448,3.62239e-07
2025-02-18,M3 FFF+intraday GARCH,-6.11551,1.8753e-06
2025-02-19,M3 FFF+intraday GARCH,-7.05274,7.31568e-07
2025-02-20,M3 FFF+intraday GARCH,-6.81386,7.06358e-07
2025-02-21,M3 FFF+intraday GARCH,-6.61339,3.96037e-06
2025-02-24,M3 FFF+intraday GARCH,-6.19087,3.09597e-06
2025-02-25,M3 FFF+intraday GARCH,-6.83946,9.70602e-07
2025-02-26,M3 FFF+intraday GARCH,-6.42587,1.1585e-05
2025-02-27,M3 FFF+intraday GARCH,-6.68017,4.23801e-06
2025-02-28,M3 FFF+intraday GARCH,-6.45042,4.36116e-06
2025-03-03,M3 FFF+intraday GARCH,-5.9911,3.66773e-06
2025-03-04,M3 FFF+intraday GARCH,-5.6059,9.44131e-06
2025-03-05,M3 FFF+intraday GARCH,-5.34191,1.43738e-05
2025-03-06,M3 FFF+intraday GARCH,-5.39248,4.61028e-05
2025-03-07,M3 FFF+intraday GARCH,-5.77196,3.82379e-05
2025-03-10,M3 FFF+intraday GARCH,-5.50608,3.8922e-05
2025-03-11,M3 FFF+intraday GARCH,-5.88309,8.31141e-06
2025-03-12,M3 FFF+intraday GARCH,-6.44245,2.68355e-06
2025-03-13,M3 FFF+intraday GARCH,-6.40361,3.52769e-06
2025-03-14,M3 FFF+intraday GARCH,-6.26746,6.62774e-06
2025-03-17,M3 FFF+intraday GARCH,-6.71578,5.28619e-07
2025-03-18,M3 FFF+intraday GARCH,-6.72983,2.49549e-06
2025-03-19,M3 FFF+intraday GARCH,-6.19704,1.40088e-05
2025-03-20,M3 FFF+intraday GARCH,-6.36655,2.35244e-06
2025-03-21,M3 FFF+intraday GARCH,-6.50882,2.03423e-06
2025-03-24,M3 FFF+intraday GARCH,-6.30237,2.95387e-06
2025-03-25,M3 FFF+intraday GARCH,-6.74209,9.4227e-07
2025-03-26,M3 FFF+intraday GARCH,-6.82102,2.43678e-06
2025-03-27,M3 FFF+intraday GARCH,-6.15585,3.04428e-06
2025-03-28,M3 FFF+intraday GARCH,-6.67507,1.86608e-06
2025-04-01,M3 FFF+intraday GARCH,-6.43979,5.52732e-06
2025-04-02,M3 FFF+intraday GARCH,-4.02501,9.43902e-05
2025-04-03,M3 FFF+intraday GARCH,-4.49954,0.000199045
2025-04-04,M3 FFF+intraday GARCH,-4.65895,5.03567e-05
2025-04-07,M3 FFF+intraday GARCH,-4.56518,4.5067e-05
2025-04-08,M3 FFF+intraday GARCH,-5.34226,1.4015e-05
2025-04-09,M3 FFF+intraday GARCH,-4.19189,0.00048407
2025-04-10,M3 FFF+intraday GARCH,-4.77849,3.49138e-05
2025-04-11,M3 FFF+intraday GARCH,-3.84527,0.00065525
2025-04-14,M3 FFF+intraday GARCH,-4.86034,1.83704e-05
2025-04-15,M3 FFF+intraday GARCH,-5.5183,1.20241e-05
2025-04-16,M3 FFF+intraday GARCH,-5.42814,1.1981e-05
2025-04-17,M3 FFF+intraday GARCH,-5.76984,6.3075e-06
2025-04-18,M3 FFF+intraday GARCH,-7.06018,1.62123e-06
2025-04-21,M3 FFF+intraday GARCH,-5.04587,2.87722e-05
2025-04-22,M3 FFF+intraday GARCH,-5.41618,1.05705e-05
2025-04-23,M3 FFF+intraday GARCH,-4.64009,8.40628e-05
2025-04-24,M3 FFF+intraday GARCH,-5.80233,3.61208e-06
2025-04-25,M3 FFF+intraday GARCH,-5.89787,2.92447e-06
2025-04-28,M3 FFF+intraday GARCH,-5.91836,4.68731e-06
2025-04-29,M3 FFF+intraday GARCH,-5.84846,6.83631e-06
2025-04-30,M3 FFF+intraday GARCH,-5.82262,3.73683e-06
2025-05-01,M3 FFF+intraday GARCH,-5.98407,4.19619e-06
2025-05-02,M3 FFF+intraday GARCH,-5.95853,1.10218e-05
2025-05-05,M3 FFF+intraday GARCH,-6.03981,2.49429e-06
2025-05-06,M3 FFF+intraday GARCH,-5.96083,2.79292e-06
2025-05-07,M3 FFF+intraday GARCH,-5.47353,1.18558e-05
2025-05-08,M3 FFF+intraday GARCH,-5.65222,8.33339e-06
2025-05-09,M3 FFF+intraday GARCH,-6.40134,1.1261e-06
2025-05-12,M3 FFF+intraday GARCH,-5.1927,5.75347e-05
2025-05-13,M3 FFF+intraday GARCH,-6.24007,2.07742e-06
2025-05-14,M3 FFF+intraday GARCH,-5.73572,8.73853e-06
2025-05-15,M3 FFF+intraday GARCH,-6.31888,3.05043e-06
2025-05-16,M3 FFF+intraday GARCH,-6.42655,1.65769e-06
2025-05-19,M3 FFF+intraday GARCH,-5.97309,4.30518e-06
2025-05-20,M3 FFF+intraday GARCH,-6.4058,1.69805e-06
2025-05-21,M3 FFF+intraday GARCH,-6.02517,3.78378e-06
2025-05-22,M3 FFF+intraday GARCH,-5.96955,5.96406e-06
2025-05-23,M3 FFF+intraday GARCH,-6.00872,6.56501e-05
2025-05-26,M3 FFF+intraday GARCH,-6.76168,1.01104e-06
2025-05-27,M3 FFF+intraday GARCH,-6.35137,1.48824e-06
2025-05-28,M3 FFF+intraday GARCH,-6.33429,2.66159e-06
2025-05-29,M3 FFF+intraday GARCH,-5.57198,4.20867e-05
2025-05-30,M3 FFF+intraday GARCH,-6.1939,4.30063e-06
2025-06-02,M3 FFF+intraday GARCH,-6.42601,2.32264e-06
2025-06-03,M3 FFF+intraday GARCH,-6.65485,1.84673e-06
2025-06-04,M3 FFF+intraday GARCH,-6.39717,8.00622e-06
2025-06-05,M3 FFF+intraday GARCH,-6.31345,6.5549e-06
2025-06-06,M3 FFF+intraday GARCH,-6.62388,3.46403e-06
2025-06-09,M3 FFF+intraday GARCH,-6.83696,6.60123e-07
2025-06-10,M3 FFF+intraday GARCH,-6.43618,2.8673e-06
2025-06-11,M3 FFF+intraday GARCH,-6.70311,6.83834e-05
2025-06-12,M3 FFF+intraday GARCH,-6.05717,6.79622e-06
2025-06-13,M3 FFF+intraday GARCH,-5.29342,2.94611e-05
2025-06-16,M3 FFF+intraday GARCH,-6.33175,1.65003e-06
2025-06-17,M3 FFF+intraday GARCH,-6.28666,2.68398e-06
2025-06-18,M3 FFF+intraday GARCH,-6.09953,2.22101e-05
2025-06-19,M3 FFF+intraday GARCH,-6.43196,1.22124e-06
2025-06-20,M3 FFF+intraday GARCH,-6.67526,1.00589e-06
2025-06-23,M3 FFF+intraday GARCH,-5.62953,1.15929e-05
2025-06-24,M3 FFF+intraday GARCH,-6.13125,3.44693e-06
2025-06-25,M3 FFF+intraday GARCH,-6.77493,7.47818e-07
2025-06-26,M3 FFF+intraday GARCH,-6.06275,1.97892e-06
2025-06-27,M3 FFF+intraday GARCH,-6.29509,1.78388e-06
2025-06-30,M3 FFF+intraday GARCH,-6.44129,1.37862e-06
2025-07-01,M3 FFF+intraday GARCH,-6.36833,3.97121e-06
2025-07-02,M3 FFF+intraday GARCH,-6.5571,7.47495e-06
2025-07-03,M3 FFF+intraday GARCH,-6.51709,0.000278003
2025-07-04,M3 FFF+intraday GARCH,-7.13171,3.96076e-07
2025-07-07,M3 FFF+intraday GARCH,-6.39917,4.43988e-06
2025-07-08,M3 FFF+intraday GARCH,-6.42395,1.74739e-06
2025-07-09,M3 FFF+intraday GARCH,-6.8061,9.7479e-07
2025-07-10,M3 FFF+intraday GARCH,-7.05171,8.45784e-07
2025-07-11,M3 FFF+intraday GARCH,-6.61138,1.23905e-06
2025-07-14,M3 FFF+intraday GARCH,-6.75847,1.08016e-06
2025-07-15,M3 FFF+intraday GARCH,-6.88716,1.39171e-05
2025-07-16,M3 FFF+intraday GARCH,-6.41675,0.000142057
2025-07-17,M3 FFF+intraday GARCH,-6.63604,1.89335e-06
2025-07-18,M3 FFF+intraday GARCH,-6.76406,1.16474e-06
2025-07-21,M3 FFF+intraday GARCH,-6.84365,1.02751e-06
2025-07-22,M3 FFF+intraday GARCH,-6.9777,1.34611e-06
2025-07-23,M3 FFF+intraday GARCH,-6.56813,1.80236e-06
2025-07-24,M3 FFF+intraday GARCH,-6.70747,4.10604e-06
2025-07-25,M3 FFF+intraday GARCH,-6.84188,1.35939e-06
2025-07-28,M3 FFF+intraday GARCH,-6.34501,3.23587e-06
2025-07-29,M3 FFF+intraday GARCH,-6.35401,4.26569e-06
2025-07-30,M3 FFF+intraday GARCH,-6.32476,5.66916e-06
2025-07-31,M3 FFF+intraday GARCH,-6.05206,2.21536e-06
2025-08-01,M3 FFF+intraday GARCH,-5.47893,0.00339933
2025-08-04,M3 FFF+intraday GARCH,-6.02223,3.13339e-06
2025-08-05,M3 FFF+intraday GARCH,-6.51608,2.28558e-06
2025-08-06,M3 FFF+intraday GARCH,-6.70058,1.25287e-06
2025-08-07,M3 FFF+intraday GARCH,-6.19123,3.11363e-06
2025-08-08,M3 FFF+intraday GARCH,-6.72918,6.33476e-07
2025-08-11,M3 FFF+intraday GARCH,-7.00764,8.74861e-07
2025-08-12,M3 FFF+intraday GARCH,-6.67365,5.32984e-05
2025-08-13,M3 FFF+intraday GARCH,-6.96265,4.75841e-07
2025-08-14,M3 FFF+intraday GARCH,-6.87091,7.22205e-07
2025-08-15,M3 FFF+intraday GARCH,-7.24554,1.42425e-06
2025-08-18,M3 FFF+intraday GARCH,-7.04115,8.39542e-07
2025-08-19,M3 FFF+intraday GARCH,-6.89963,4.60566e-07
2025-08-20,M3 FFF+intraday GARCH,-6.81082,9.54297e-07
2025-08-21,M3 FFF+intraday GARCH,-7.03908,9.69224e-07
2025-08-22,M3 FFF+intraday GARCH,-5.26479,0.000273215
2025-08-25,M3 FFF+intraday GARCH,-6.85758,5.15687e-07
2025-08-26,M3 FFF+intraday GARCH,-6.06965,3.82346e-06
2025-08-27,M3 FFF+intraday GARCH,-6.74056,2.15629e-06
2025-08-28,M3 FFF+intraday GARCH,-7.14084,5.20335e-07
2025-08-29,M3 FFF+intraday GARCH,-6.86107,1.43273e-06
2025-09-01,M3 FFF+intraday GARCH,-7.39232,2.69765e-07
2025-09-02,M3 FFF+intraday GARCH,-6.55397,6.4663e-06
2025-09-03,M3 FFF+intraday GARCH,-6.76617,6.71566e-06
2025-09-04,M3 FFF+intraday GARCH,-7.00971,8.25546e-07
2025-09-05,M3 FFF+intraday GARCH,-6.83964,2.66077e-05
2025-09-08,M3 FFF+intraday GARCH,-6.95107,4.59331e-07
2025-09-09,M3 FFF+intraday GARCH,-6.92255,7.38928e-07
2025-09-10,M3 FFF+intraday GARCH,-6.89966,7.96892e-06
2025-09-11,M3 FFF+intraday GARCH,-7.068,2.36539e-05
2025-09-12,M3 FFF+intraday GARCH,-7.16832,4.39035e-07
2025-09-15,M3 FFF+intraday GARCH,-7.28513,3.72198e-07
2025-09-16,M3 FFF+intraday GARCH,-6.83697,1.14181e-06
2025-09-17,M3 FFF+intraday GARCH,-5.97951,5.84786e-05
2025-09-18,M3 FFF+intraday GARCH,-6.35415,2.7571e-06
2025-09-19,M3 FFF+intraday GARCH,-6.61077,1.43343e-06
2025-09-22,M3 FFF+intraday GARCH,-7.04584,4.94899e-07
2025-09-23,M3 FFF+intraday GARCH,-6.83692,8.1523e-07
2025-09-24,M3 FFF+intraday GARCH,-7.09799,4.52317e-07
2025-09-25,M3 FFF+intraday GARCH,-7.01927,6.41944e-06
2025-09-26,M3 FFF+intraday GARCH,-6.95897,5.89401e-07
2025-09-29,M3 FFF+intraday GARCH,-6.91994,2.28917e-06
2025-09-30,M3 FFF+intraday GARCH,-6.98454,1.61086e-06
2025-10-01,M3 FFF+intraday GARCH,-6.21017,5.47547e-05
2025-10-02,M3 FFF+intraday GARCH,-6.90549,6.76136e-07
2025-10-03,M3 FFF+intraday GARCH,-7.31788,3.39628e-07
2025-10-06,M3 FFF+intraday GARCH,-6.29341,7.11824e-05
2025-10-07,M3 FFF+intraday GARCH,-7.07239,4.7459e-07
2025-10-08,M3 FFF+intraday GARCH,-6.7788,8.34426e-07
2025-10-09,M3 FFF+intraday GARCH,-6.79154,1.58957e-06
2025-10-10,M3 FFF+intraday GARCH,-6.36711,9.29504e-06
2025-10-13,M3 FFF+intraday GARCH,-6.61353,1.26866e-06
2025-10-14,M3 FFF+intraday GARCH,-6.67821,1.47872e-06
2025-10-15,M3 FFF+intraday GARCH,-6.95175,4.77409e-07
2025-10-16,M3 FFF+intraday GARCH,-7.03843,4.20911e-07
2025-10-17,M3 FFF+intraday GARCH,-6.71385,9.44838e-07
2025-10-20,M3 FFF+intraday GARCH,-7.29854,2.04925e-07
2025-10-21,M3 FFF+intraday GARCH,-7.0444,5.45895e-07
2025-10-22,M3 FFF+intraday GARCH,-7.52997,3.35484e-07
2025-10-23,M3 FFF+intraday GARCH,-7.75404,1.09273e-07
2025-10-24,M3 FFF+intraday GARCH,-7.07247,1.67452e-05
2025-10-27,M3 FFF+intraday GARCH,-7.27784,2.42221e-07
2025-10-28,M3 FFF+intraday GARCH,-7.13273,4.86251e-07
2025-10-29,M3 FFF+intraday GARCH,-6.1036,0.000177716
2025-10-30,M3 FFF+intraday GARCH,-6.63688,9.15269e-07
2025-10-31,M3 FFF+intraday GARCH,-7.13602,7.53077e-07
2025-11-03,M3 FFF+intraday GARCH,-7.278,3.52669e-07
2025-11-04,M3 FFF+intraday GARCH,-7.07779,5.12056e-07
2025-11-05,M3 FFF+intraday GARCH,-7.33977,3.86486e-07
2025-11-06,M3 FFF+intraday GARCH,-7.31481,3.71074e-07
2025-11-07,M3 FFF+intraday GARCH,-7.17483,1.09125e-06
2025-11-10,M3 FFF+intraday GARCH,-7.14092,3.74744e-07
2025-11-11,M3 FFF+intraday GARCH,-7.48685,4.42123e-07
2025-11-12,M3 FFF+intraday GARCH,-7.50309,1.91024e-07
2025-11-13,M3 FFF+intraday GARCH,-7.08969,7.693e-07
2025-11-14,M3 FFF+intraday GARCH,-6.93135,7.66096e-07
2025-11-17,M3 FFF+intraday GARCH,-7.4422,2.59623e-07
2025-11-18,M3 FFF+intraday GARCH,-7.16465,5.86311e-07
2025-11-19,M3 FFF+intraday GARCH,-7.01677,5.1467e-07
2025-11-20,M3 FFF+intraday GARCH,-7.01539,1.12663e-06
2025-11-21,M3 FFF+intraday GARCH,-6.88327,2.20154e-06
2025-11-24,M3 FFF+intraday GARCH,-7.25245,3.62054e-07
2025-11-25,M3 FFF+intraday GARCH,-6.88506,2.00073e-06
2025-11-26,M3 FFF+intraday GARCH,-6.9434,5.29731e-07
2025-11-27,M3 FFF+intraday GARCH,-7.60334,2.04059e-07
2025-11-28,M3 FFF+intraday GARCH,-6.99062,8.12757e-07
2025-12-01,M3 FFF+intraday GARCH,-7.04468,5.38785e-07
2025-12-02,M3 FFF+intraday GARCH,-7.6101,8.12941e-07
2025-12-03,M3 FFF+intraday GARCH,-7.72175,2.56438e-07
2025-12-04,M3 FFF+intraday GARCH,-7.55831,1.85011e-07
2025-12-05,M3 FFF+intraday GARCH,-7.47006,5.47437e-07
2025-12-08,M3 FFF+intraday GARCH,-6.77746,9.70563e-07
2025-12-09,M3 FFF+intraday GARCH,-7.4146,7.26122e-07
2025-12-10,M3 FFF+intraday GARCH,-7.10158,2.83993e-06
2025-12-11,M3 FFF+intraday GARCH,-7.10551,4.96405e-07
2025-12-12,M3 FFF+intraday GARCH,-7.33943,2.38692e-07
2025-12-15,M3 FFF+intraday GARCH,-7.4527,3.08616e-07
2025-12-16,M3 FFF+intraday GARCH,-6.87628,1.19625e-06
2025-12-17,M3 FFF+intraday GARCH,-7.13169,6.76143e-07
2025-12-18,M3 FFF+intraday GARCH,-7.1955,1.36878e-06
2025-12-19,M3 FFF+intraday GARCH,-7.15734,4.2601e-07
2025-12-22,M3 FFF+intraday GARCH,-7.47309,2.27658e-07
2025-12-23,M3 FFF+intraday GARCH,-7.35204,1.84524e-07
2025-12-24,M3 FFF+intraday GARCH,-7.64123,1.88793e-07
2025-12-26,M3 FFF+intraday GARCH,-7.02795,4.89167e-07
2025-12-29,M3 FFF+intraday GARCH,-6.99463,7.5259e-07
2025-12-30,M3 FFF+intraday GARCH,-7.49599,2.89822e-07
2025-12-31,M3 FFF+intraday GARCH,-7.34616,4.98258e-07
2025-01-02,M4 raw intraday GARCH,-6.00796,6.22382e-05
2025-01-03,M4 raw intraday GARCH,-6.75368,8.55029e-07
2025-01-06,M4 raw intraday GARCH,-5.69151,0.00024255
2025-01-07,M4 raw intraday GARCH,-5.98312,1.75403e-05
2025-01-08,M4 raw intraday GARCH,-6.48367,4.18755e-06
2025-01-09,M4 raw intraday GARCH,-6.9715,6.40338e-07
2025-01-10,M4 raw intraday GARCH,-4.64861,0.00151335
2025-01-13,M4 raw intraday GARCH,-6.0114,1.43992e-05
2025-01-14,M4 raw intraday GARCH,-6.03419,3.44301e-06
2025-01-15,M4 raw intraday GARCH,-5.87838,7.32507e-05
2025-01-16,M4 raw intraday GARCH,-6.26961,1.31353e-05
2025-01-17,M4 raw intraday GARCH,-6.60469,3.27473e-06
2025-01-20,M4 raw intraday GARCH,-2.47009,0.00164675
2025-01-21,M4 raw intraday GARCH,-5.54834,0.000117505
2025-01-22,M4 raw intraday GARCH,-5.82161,9.30022e-06
2025-01-23,M4 raw intraday GARCH,-6.68103,1.96697e-06
2025-01-24,M4 raw intraday GARCH,-6.17034,3.24722e-06
2025-01-27,M4 raw intraday GARCH,-6.35399,1.57134e-06
2025-01-28,M4 raw intraday GARCH,-6.25976,3.97744e-06
2025-01-29,M4 raw intraday GARCH,-6.31836,4.86802e-06
2025-01-30,M4 raw intraday GARCH,-4.06589,0.000102593
2025-01-31,M4 raw intraday GARCH,-5.74517,2.37905e-05
2025-02-03,M4 raw intraday GARCH,-4.44942,0.000380321
2025-02-04,M4 raw intraday GARCH,-6.08723,5.5776e-06
2025-02-05,M4 raw intraday GARCH,-6.40223,1.99026e-06
2025-02-06,M4 raw intraday GARCH,-6.63168,1.15031e-06
2025-02-07,M4 raw intraday GARCH,-6.31255,8.87589e-05
2025-02-10,M4 raw intraday GARCH,-6.64206,3.10035e-06
2025-02-11,M4 raw intraday GARCH,-7.07587,1.24305e-06
2025-02-12,M4 raw intraday GARCH,-5.70398,0.000115945
2025-02-13,M4 raw intraday GARCH,-5.64513,2.69123e-05
2025-02-14,M4 raw intraday GARCH,-6.653,8.04724e-07
2025-02-17,M4 raw intraday GARCH,-7.27993,2.31318e-07
2025-02-18,M4 raw intraday GARCH,-6.0748,1.89816e-06
2025-02-19,M4 raw intraday GARCH,-6.98846,6.62574e-07
2025-02-20,M4 raw intraday GARCH,-6.74858,6.63703e-07
2025-02-21,M4 raw intraday GARCH,-6.48938,4.19146e-06
2025-02-24,M4 raw intraday GARCH,-6.16124,3.16092e-06
2025-02-25,M4 raw intraday GARCH,-6.78649,1.14283e-06
2025-02-26,M4 raw intraday GARCH,-6.45752,1.19518e-05
2025-02-27,M4 raw intraday GARCH,-6.64973,4.47395e-06
2025-02-28,M4 raw intraday GARCH,-6.44873,4.48972e-06
2025-03-03,M4 raw intraday GARCH,-6.00017,3.58253e-06
2025-03-04,M4 raw intraday GARCH,-5.59917,9.11907e-06
2025-03-05,M4 raw intraday GARCH,-5.27152,1.50947e-05
2025-03-06,M4 raw intraday GARCH,-5.33622,3.94719e-05
2025-03-07,M4 raw intraday GARCH,-5.64272,4.54564e-05
2025-03-10,M4 raw intraday GARCH,-5.56165,3.17471e-05
2025-03-11,M4 raw intraday GARCH,-5.76125,8.29538e-06
2025-03-12,M4 raw intraday GARCH,-6.37403,3.28585e-06
2025-03-13,M4 raw intraday GARCH,-6.42308,3.43867e-06
2025-03-14,M4 raw intraday GARCH,-6.23855,4.25689e-06
2025-03-17,M4 raw intraday GARCH,-6.70783,5.07966e-07
2025-03-18,M4 raw intraday GARCH,-6.72516,2.66382e-06
2025-03-19,M4 raw intraday GARCH,-6.17837,1.50595e-05
2025-03-20,M4 raw intraday GARCH,-6.3533,2.1527e-06
2025-03-21,M4 raw intraday GARCH,-6.46978,1.93259e-06
2025-03-24,M4 raw intraday GARCH,-6.24694,3.05757e-06
2025-03-25,M4 raw intraday GARCH,-6.68319,8.65916e-07
2025-03-26,M4 raw intraday GARCH,-6.83153,2.54378e-06
2025-03-27,M4 raw intraday GARCH,-6.01394,2.73406e-06
2025-03-28,M4 raw intraday GARCH,-6.59182,2.16003e-06
2025-04-01,M4 raw intraday GARCH,-6.41424,5.35386e-06
2025-04-02,M4 raw intraday GARCH,-5.17335,9.4666e-05
2025-04-03,M4 raw intraday GARCH,-4.53525,0.00018433
2025-04-04,M4 raw intraday GARCH,-4.63014,6.14132e-05
2025-04-07,M4 raw intraday GARCH,-4.51014,4.85917e-05
2025-04-08,M4 raw intraday GARCH,-5.27554,1.55847e-05
2025-04-09,M4 raw intraday GARCH,-4.26588,0.000507172
2025-04-10,M4 raw intraday GARCH,-4.74099,4.26505e-05
2025-04-11,M4 raw intraday GARCH,-3.76475,0.000678575
2025-04-14,M4 raw intraday GARCH,-4.81155,1.98469e-05
2025-04-15,M4 raw intraday GARCH,-5.46589,1.24096e-05
2025-04-16,M4 raw intraday GARCH,-5.37764,1.26342e-05
2025-04-17,M4 raw intraday GARCH,-5.70269,6.45341e-06
2025-04-18,M4 raw intraday GARCH,-7.05726,1.69274e-06
2025-04-21,M4 raw intraday GARCH,-5.14938,2.83698e-05
2025-04-22,M4 raw intraday GARCH,-5.37843,9.90834e-06
2025-04-23,M4 raw intraday GARCH,-4.72655,8.60529e-05
2025-04-24,M4 raw intraday GARCH,-5.78761,3.59576e-06
2025-04-25,M4 raw intraday GARCH,-5.86142,2.92364e-06
2025-04-28,M4 raw intraday GARCH,-5.87097,5.06226e-06
2025-04-29,M4 raw intraday GARCH,-5.80996,7.13169e-06
2025-04-30,M4 raw intraday GARCH,-5.77336,3.98513e-06
2025-05-01,M4 raw intraday GARCH,-5.93174,5.11251e-06
2025-05-02,M4 raw intraday GARCH,-5.9004,1.33565e-05
2025-05-05,M4 raw intraday GARCH,-6.0093,2.32331e-06
2025-05-06,M4 raw intraday GARCH,-5.93051,2.77714e-06
2025-05-07,M4 raw intraday GARCH,-5.45257,1.23771e-05
2025-05-08,M4 raw intraday GARCH,-5.65225,8.5076e-06
2025-05-09,M4 raw intraday GARCH,-6.36493,1.0945e-06
2025-05-12,M4 raw intraday GARCH,-5.14374,5.96809e-05
2025-05-13,M4 raw intraday GARCH,-6.16071,2.22004e-06
2025-05-14,M4 raw intraday GARCH,-5.65979,8.63887e-06
2025-05-15,M4 raw intraday GARCH,-6.19792,3.68578e-06
2025-05-16,M4 raw intraday GARCH,-6.36705,1.70658e-06
2025-05-19,M4 raw intraday GARCH,-5.90347,4.2288e-06
2025-05-20,M4 raw intraday GARCH,-6.3687,1.93685e-06
2025-05-21,M4 raw intraday GARCH,-6.00067,3.72457e-06
2025-05-22,M4 raw intraday GARCH,-5.89166,6.41353e-06
2025-05-23,M4 raw intraday GARCH,-6.0518,4.38415e-05
2025-05-26,M4 raw intraday GARCH,-6.76974,1.05665e-06
2025-05-27,M4 raw intraday GARCH,-6.34586,1.49479e-06
2025-05-28,M4 raw intraday GARCH,-6.34599,2.74268e-06
2025-05-29,M4 raw intraday GARCH,-5.63555,4.49518e-05
2025-05-30,M4 raw intraday GARCH,-6.13037,4.55769e-06
2025-06-02,M4 raw intraday GARCH,-6.36387,2.49627e-06
2025-06-03,M4 raw intraday GARCH,-6.5708,1.93834e-06
2025-06-04,M4 raw intraday GARCH,-6.34977,7.5961e-06
2025-06-05,M4 raw intraday GARCH,-6.26189,7.0907e-06
2025-06-06,M4 raw intraday GARCH,-6.55424,3.63013e-06
2025-06-09,M4 raw intraday GARCH,-6.80634,5.86191e-07
2025-06-10,M4 raw intraday GARCH,-6.36981,2.97107e-06
2025-06-11,M4 raw intraday GARCH,-5.63717,7.9446e-05
2025-06-12,M4 raw intraday GARCH,-5.99874,1.16985e-05
2025-06-13,M4 raw intraday GARCH,-5.39643,2.84447e-05
2025-06-16,M4 raw intraday GARCH,-6.29803,1.79081e-06
2025-06-17,M4 raw intraday GARCH,-6.28118,2.83244e-06
2025-06-18,M4 raw intraday GARCH,-6.01634,2.37419e-05
2025-06-19,M4 raw intraday GARCH,-6.40014,1.12439e-06
2025-06-20,M4 raw intraday GARCH,-6.61687,1.24778e-06
2025-06-23,M4 raw intraday GARCH,-5.65795,1.22423e-05
2025-06-24,M4 raw intraday GARCH,-6.12941,3.67065e-06
2025-06-25,M4 raw intraday GARCH,-6.73121,7.25349e-07
2025-06-26,M4 raw intraday GARCH,-6.02563,2.19486e-06
2025-06-27,M4 raw intraday GARCH,-6.19939,3.09105e-06
2025-06-30,M4 raw intraday GARCH,-6.41136,1.38457e-06
2025-07-01,M4 raw intraday GARCH,-6.36527,3.93964e-06
2025-07-02,M4 raw intraday GARCH,-6.50028,6.24451e-06
2025-07-03,M4 raw intraday GARCH,-4.82252,0.000310517
2025-07-04,M4 raw intraday GARCH,-7.1335,3.49745e-07
2025-07-07,M4 raw intraday GARCH,-6.41867,4.61399e-06
2025-07-08,M4 raw intraday GARCH,-6.4191,1.80213e-06
2025-07-09,M4 raw intraday GARCH,-6.73831,8.11552e-07
2025-07-10,M4 raw intraday GARCH,-6.9996,8.77393e-07
2025-07-11,M4 raw intraday GARCH,-6.59937,1.32831e-06
2025-07-14,M4 raw intraday GARCH,-6.78048,1.06401e-06
2025-07-15,M4 raw intraday GARCH,-6.6345,1.52102e-05
2025-07-16,M4 raw intraday GARCH,-6.34728,0.000152239
2025-07-17,M4 raw intraday GARCH,-6.60143,1.85304e-06
2025-07-18,M4 raw intraday GARCH,-6.72099,1.08364e-06
2025-07-21,M4 raw intraday GARCH,-6.78413,9.98089e-07
2025-07-22,M4 raw intraday GARCH,-6.95234,1.40361e-06
2025-07-23,M4 raw intraday GARCH,-6.57555,1.76036e-06
2025-07-24,M4 raw intraday GARCH,-6.65522,4.46561e-06
2025-07-25,M4 raw intraday GARCH,-6.79217,1.37418e-06
2025-07-28,M4 raw intraday GARCH,-6.27179,2.76765e-06
2025-07-29,M4 raw intraday GARCH,-6.31235,4.25388e-06
2025-07-30,M4 raw intraday GARCH,-6.3085,6.73926e-06
2025-07-31,M4 raw intraday GARCH,-6.05294,2.15424e-06
2025-08-01,M4 raw intraday GARCH,-3.40305,0.00383275
2025-08-04,M4 raw intraday GARCH,-5.95729,3.02984e-06
2025-08-05,M4 raw intraday GARCH,-6.43984,2.11656e-06
2025-08-06,M4 raw intraday GARCH,-6.67299,1.18734e-06
2025-08-07,M4 raw intraday GARCH,-6.20179,3.4891e-06
2025-08-08,M4 raw intraday GARCH,-6.70871,5.5525e-07
2025-08-11,M4 raw intraday GARCH,-6.96276,8.98565e-07
2025-08-12,M4 raw intraday GARCH,-6.27425,6.12873e-05
2025-08-13,M4 raw intraday GARCH,-6.88885,4.53624e-07
2025-08-14,M4 raw intraday GARCH,-6.80202,1.19217e-06
2025-08-15,M4 raw intraday GARCH,-7.20572,1.5281e-06
2025-08-18,M4 raw intraday GARCH,-6.98714,6.97772e-07
2025-08-19,M4 raw intraday GARCH,-6.87604,5.00247e-07
2025-08-20,M4 raw intraday GARCH,-6.65437,1.36492e-06
2025-08-21,M4 raw intraday GARCH,-6.89411,1.34667e-06
2025-08-22,M4 raw intraday GARCH,-5.20259,0.000295209
2025-08-25,M4 raw intraday GARCH,-6.76928,5.06893e-07
2025-08-26,M4 raw intraday GARCH,-5.90249,3.96763e-06
2025-08-27,M4 raw intraday GARCH,-6.71871,2.26256e-06
2025-08-28,M4 raw intraday GARCH,-7.07853,5.38632e-07
2025-08-29,M4 raw intraday GARCH,-6.87217,1.53128e-06
2025-09-01,M4 raw intraday GARCH,-7.36714,2.32299e-07
2025-09-02,M4 raw intraday GARCH,-6.47773,6.61067e-06
2025-09-03,M4 raw intraday GARCH,-6.65011,7.18675e-06
2025-09-04,M4 raw intraday GARCH,-6.93051,8.79901e-07
2025-09-05,M4 raw intraday GARCH,-6.42718,3.30875e-05
2025-09-08,M4 raw intraday GARCH,-6.85759,4.56593e-07
2025-09-09,M4 raw intraday GARCH,-6.83306,8.80856e-07
2025-09-10,M4 raw intraday GARCH,-6.68667,1.09778e-05
2025-09-11,M4 raw intraday GARCH,-6.87499,3.02265e-05
2025-09-12,M4 raw intraday GARCH,-7.09734,4.99485e-07
2025-09-15,M4 raw intraday GARCH,-7.27415,3.12551e-07
2025-09-16,M4 raw intraday GARCH,-6.81423,1.07406e-06
2025-09-17,M4 raw intraday GARCH,-6.04728,6.19129e-05
2025-09-18,M4 raw intraday GARCH,-6.18431,3.55661e-06
2025-09-19,M4 raw intraday GARCH,-6.49255,1.27687e-06
2025-09-22,M4 raw intraday GARCH,-6.99899,4.4834e-07
2025-09-23,M4 raw intraday GARCH,-6.78115,7.34466e-07
2025-09-24,M4 raw intraday GARCH,-7.05193,4.11431e-07
2025-09-25,M4 raw intraday GARCH,-6.73307,8.76646e-06
2025-09-26,M4 raw intraday GARCH,-6.93439,5.42115e-07
2025-09-29,M4 raw intraday GARCH,-6.87211,2.08398e-06
2025-09-30,M4 raw intraday GARCH,-6.91322,1.76382e-06
2025-10-01,M4 raw intraday GARCH,-6.14426,4.72227e-05
2025-10-02,M4 raw intraday GARCH,-6.83502,5.91258e-07
2025-10-03,M4 raw intraday GARCH,-7.25099,3.17448e-07
2025-10-06,M4 raw intraday GARCH,-6.18975,7.74492e-05
2025-10-07,M4 raw intraday GARCH,-7.0145,3.35221e-07
2025-10-08,M4 raw intraday GARCH,-6.71004,7.69101e-07
2025-10-09,M4 raw intraday GARCH,-6.73733,1.69676e-06
2025-10-10,M4 raw intraday GARCH,-6.36879,9.52899e-06
2025-10-13,M4 raw intraday GARCH,-6.56252,1.2691e-06
2025-10-14,M4 raw intraday GARCH,-6.65395,1.49736e-06
2025-10-15,M4 raw intraday GARCH,-6.95283,4.48201e-07
2025-10-16,M4 raw intraday GARCH,-6.98858,3.92254e-07
2025-10-17,M4 raw intraday GARCH,-6.66462,8.15095e-07
2025-10-20,M4 raw intraday GARCH,-7.28434,1.38627e-07
2025-10-21,M4 raw intraday GARCH,-7.03844,4.10155e-07
2025-10-22,M4 raw intraday GARCH,-7.43629,2.79861e-07
2025-10-23,M4 raw intraday GARCH,-7.69276,9.28581e-08
2025-10-24,M4 raw intraday GARCH,-6.73779,2.04439e-05
2025-10-27,M4 raw intraday GARCH,-7.24493,1.91234e-07
2025-10-28,M4 raw intraday GARCH,-7.1311,4.69096e-07
2025-10-29,M4 raw intraday GARCH,-6.40205,0.000193251
2025-10-30,M4 raw intraday GARCH,-6.67533,7.42545e-07
2025-10-31,M4 raw intraday GARCH,-7.13584,7.39181e-07
2025-11-03,M4 raw intraday GARCH,-7.22609,3.67942e-07
2025-11-04,M4 raw intraday GARCH,-7.02579,3.68086e-07
2025-11-05,M4 raw intraday GARCH,-7.2687,4.2809e-07
2025-11-06,M4 raw intraday GARCH,-7.275,3.59669e-07
2025-11-07,M4 raw intraday GARCH,-7.0574,1.12943e-06
2025-11-10,M4 raw intraday GARCH,-7.11317,3.27041e-07
2025-11-11,M4 raw intraday GARCH,-7.41853,2.85401e-07
2025-11-12,M4 raw intraday GARCH,-7.45463,1.3649e-07
2025-11-13,M4 raw intraday GARCH,-7.05267,6.90343e-07
2025-11-14,M4 raw intraday GARCH,-6.92674,5.17149e-07
2025-11-17,M4 raw intraday GARCH,-7.38412,2.15016e-07
2025-11-18,M4 raw intraday GARCH,-7.19165,5.52126e-07
2025-11-19,M4 raw intraday GARCH,-7.01585,4.64157e-07
2025-11-20,M4 raw intraday GARCH,-6.93497,1.36274e-06
2025-11-21,M4 raw intraday GARCH,-6.87819,1.3606e-06
2025-11-24,M4 raw intraday GARCH,-7.22532,2.58782e-07
2025-11-25,M4 raw intraday GARCH,-6.80601,2.09121e-06
2025-11-26,M4 raw intraday GARCH,-6.86455,7.14661e-07
2025-11-27,M4 raw intraday GARCH,-7.55675,1.80186e-07
2025-11-28,M4 raw intraday GARCH,-6.99726,7.49025e-07
2025-12-01,M4 raw intraday GARCH,-6.99966,4.36826e-07
2025-12-02,M4 raw intraday GARCH,-7.54312,8.3829e-07
2025-12-03,M4 raw intraday GARCH,-7.6644,1.95908e-07
2025-12-04,M4 raw intraday GARCH,-7.50037,1.79425e-07
2025-12-05,M4 raw intraday GARCH,-7.45951,5.04007e-07
2025-12-08,M4 raw intraday GARCH,-6.91584,9.11295e-07
2025-12-09,M4 raw intraday GARCH,-7.33603,6.80883e-07
2025-12-10,M4 raw intraday GARCH,-7.00365,2.85459e-06
2025-12-11,M4 raw intraday GARCH,-7.04241,5.09909e-07
2025-12-12,M4 raw intraday GARCH,-7.29074,1.9598e-07
2025-12-15,M4 raw intraday GARCH,-7.38909,3.23449e-07
2025-12-16,M4 raw intraday GARCH,-6.81045,1.42007e-06
2025-12-17,M4 raw intraday GARCH,-7.13855,4.19683e-07
2025-12-18,M4 raw intraday GARCH,-7.0729,1.66978e-06
2025-12-19,M4 raw intraday GARCH,-7.21149,3.86959e-07
2025-12-22,M4 raw intraday GARCH,-7.43752,1.80949e-07
2025-12-23,M4 raw intraday GARCH,-7.28378,1.79272e-07
2025-12-24,M4 raw intraday GARCH,-7.60196,1.50804e-07
2025-12-26,M4 raw intraday GARCH,-6.98911,3.72913e-07
2025-12-29,M4 raw intraday GARCH,-7.0356,7.09391e-07
2025-12-30,M4 raw intraday GARCH,-7.45439,2.21017e-07
2025-12-31,M4 raw intraday GARCH,-7.25263,6.93507e-07
