day,model,qlike,mse
2023-01-01,M0 flat,-3.57905,0.000671134
2023-01-02,M0 flat,-3.51011,0.000769864
2023-01-03,M0 flat,-3.54856,0.000608014
2023-01-04,M0 flat,-3.4711,0.00059392
2023-01-05,M0 flat,-3.57644,0.000612686
2023-01-06,M0 flat,-3.47896,0.000752514
2023-01-07,M0 flat,-3.63005,0.000644765
2023-01-08,M0 flat,-3.5817,0.000682778
2023-01-09,M0 flat,-3.44453,0.000528256
2023-01-10,M0 flat,-3.50112,0.000537372
2023-01-11,M0 flat,-2.94175,0.0461245
2023-01-12,M0 flat,-1.32576,0.261786
2023-01-13,M0 flat,-2.62602,0.0143887
2023-01-14,M0 flat,-1.15332,0.197133
2023-01-15,M0 flat,-2.5252,0.0143543
2023-01-16,M0 flat,-2.19305,0.0589083
2023-01-17,M0 flat,-2.59786,0.00740444
2023-01-18,M0 flat,-2.17977,0.0375655
2023-01-19,M0 flat,-3.00713,0.00117481
2023-01-20,M0 flat,-2.48755,0.0187371
2023-01-21,M0 flat,-2.01943,0.0715237
2023-01-22,M0 flat,-2.54898,0.0103266
2023-01-23,M0 flat,-2.41024,0.0434323
2023-01-24,M0 flat,-2.72061,0.00369485
2023-01-25,M0 flat,-2.31121,0.0224227
2023-01-26,M0 flat,-2.91131,0.0014851
2023-01-27,M0 flat,-2.77339,0.00529301
2023-01-28,M0 flat,-3.2648,0.000983157
2023-01-29,M0 flat,-2.8458,0.00296838
2023-01-30,M0 flat,-2.81247,0.00374082
2023-01-31,M0 flat,-2.942,0.00206773
2023-02-01,M0 flat,-2.80367,0.00570715
2023-02-02,M0 flat,-2.56111,0.0145736
2023-02-03,M0 flat,-2.98604,0.00143784
2023-02-04,M0 flat,-3.27251,0.000945359
2023-02-05,M0 flat,-3.21773,0.000905356
2023-02-06,M0 flat,-3.08105,0.00145647
2023-02-07,M0 flat,-2.94952,0.00514721
2023-02-08,M0 flat,-3.16087,0.000846184
2023-02-09,M0 flat,-2.73802,0.00440604
2023-02-10,M0 flat,-2.99284,0.00120003
2023-02-11,M0 flat,-3.18372,0.00137589
2023-02-12,M0 flat,-3.17595,0.00104894
2023-02-13,M0 flat,-2.97581,0.0012958
2023-02-14,M0 flat,-2.82239,0.00596403
2023-02-15,M0 flat,-2.41279,0.0326015
2023-02-16,M0 flat,-1.93403,0.067548
2023-02-17,M0 flat,-1.95383,0.0236596
2023-02-18,M0 flat,-2.71039,0.00262594
2023-02-19,M0 flat,-2.60626,0.00444166
2023-02-20,M0 flat,-2.45665,0.00661635
2023-02-21,M0 flat,-2.54866,0.00303606
2023-02-22,M0 flat,-2.50988,0.00255844
2023-02-23,M0 flat,-2.52275,0.00372568
2023-02-24,M0 flat,-2.50599,0.0192305
2023-02-25,M0 flat,-3.01129,0.00127179
2023-02-26,M0 flat,-3.00144,0.00135538
2023-02-27,M0 flat,-2.8176,0.00580456
2023-02-28,M0 flat,-2.96233,0.00182833
2023-03-01,M0 flat,-2.71523,0.00652924
2023-03-02,M0 flat,-3.09483,0.00104874
2023-03-03,M0 flat,-2.47465,0.0460229
2023-03-04,M0 flat,-3.1642,0.00141302
2023-03-05,M0 flat,-2.96235,0.0064893
2023-03-06,M0 flat,-3.1923,0.0011863
2023-03-07,M0 flat,-2.93174,0.00454041
2023-03-08,M0 flat,-3.01293,0.00202005
2023-03-09,M0 flat,-2.27342,0.034465
2023-03-10,M0 flat,-2.00435,0.0115476
2023-03-11,M0 flat,-2.32405,0.00891837
2023-03-12,M0 flat,-1.83262,0.0770465
2023-03-13,M0 flat,-0.900416,0.128516
2023-03-14,M0 flat,-0.670736,0.23668
2023-03-15,M0 flat,-1.65905,0.022209
2023-03-16,M0 flat,-2.04614,0.0150303
2023-03-17,M0 flat,-1.57413,0.0246842
2023-03-18,M0 flat,-1.92681,0.026834
2023-03-19,M0 flat,-2.14596,0.00815034
2023-03-20,M0 flat,-1.98228,0.011805
2023-03-21,M0 flat,-2.3145,0.00758192
2023-03-22,M0 flat,-1.71229,0.0598743
2023-03-23,M0 flat,-2.14057,0.0310142
2023-03-25,M0 flat,-2.69025,0.00243092
2023-03-26,M0 flat,-2.70904,0.00336611
2023-03-27,M0 flat,-2.41765,0.0197302
2023-03-28,M0 flat,-2.56169,0.00444703
2023-03-29,M0 flat,-2.55501,0.0106259
2023-03-30,M0 flat,-2.34141,0.0251865
2023-03-31,M0 flat,-2.61387,0.0046683
2023-04-01,M0 flat,-3.02961,0.00161072
2023-04-02,M0 flat,-3.09612,0.00117034
2023-04-03,M0 flat,-2.47821,0.0091283
2023-04-04,M0 flat,-2.91044,0.00123377
2023-04-05,M0 flat,-2.79549,0.00384785
2023-04-06,M0 flat,-3.16388,0.000834452
2023-04-07,M0 flat,-3.30301,0.000799442
2023-04-08,M0 flat,-3.42575,0.000836362
2023-04-09,M0 flat,-3.30253,0.00116276
2023-04-10,M0 flat,-2.85821,0.0133359
2023-04-11,M0 flat,-2.80461,0.00368802
2023-04-12,M0 flat,-2.84281,0.0135493
2023-04-13,M0 flat,-3.13709,0.00117114
2023-04-14,M0 flat,-2.80894,0.00917675
2023-04-15,M0 flat,-3.3467,0.000830496
2023-04-16,M0 flat,-3.32674,0.00111986
2023-04-17,M0 flat,-3.04468,0.00739237
2023-04-18,M0 flat,-3.03958,0.00121905
2023-04-19,M0 flat,-2.6499,0.0103988
2023-04-20,M0 flat,-2.69968,0.00189084
2023-04-21,M0 flat,-2.70113,0.00318725
2023-04-22,M0 flat,-2.99702,0.00144401
2023-04-23,M0 flat,-2.844,0.00438663
2023-04-24,M0 flat,-2.75786,0.00260662
2023-04-25,M0 flat,-2.89753,0.00185548
2023-04-26,M0 flat,-0.725606,0.138823
2023-04-27,M0 flat,-1.35855,0.053294
2023-04-28,M0 flat,-2.80837,0.00819994
2023-04-29,M0 flat,-3.24028,0.00112279
2023-04-30,M0 flat,-2.82775,0.00699895
2023-05-01,M0 flat,-2.45268,0.0248115
2023-05-02,M0 flat,-2.79859,0.00305434
2023-05-03,M0 flat,-2.74131,0.0023304
2023-05-04,M0 flat,-2.96035,0.0018107
2023-05-05,M0 flat,-2.80341,0.00510456
2023-05-06,M0 flat,-2.92091,0.0060012
2023-05-07,M0 flat,-3.08596,0.00103584
2023-05-08,M0 flat,-2.46042,0.0230428
2023-05-09,M0 flat,-3.03173,0.00113741
2023-05-10,M0 flat,-1.70063,0.136049
2023-05-11,M0 flat,-2.8981,0.00158884
2023-05-12,M0 flat,-2.62886,0.0100791
2023-05-13,M0 flat,-3.17894,0.00136141
2023-05-14,M0 flat,-3.29503,0.000832757
2023-05-15,M0 flat,-3.1021,0.00125572
2023-05-16,M0 flat,-3.17565,0.000926992
2023-05-17,M0 flat,-3.13912,0.00105427
2023-05-18,M0 flat,-2.95779,0.00329052
2023-05-19,M0 flat,-3.14849,0.00257662
2023-05-20,M0 flat,-3.46959,0.000753275
2023-05-21,M0 flat,-3.33681,0.000961005
2023-05-22,M0 flat,-3.28398,0.000914923
2023-05-23,M0 flat,-3.33505,0.000774049
2023-05-24,M0 flat,-3.06262,0.00212542
2023-05-25,M0 flat,-3.10123,0.00219362
2023-05-26,M0 flat,-3.25951,0.000933196
2023-05-27,M0 flat,-3.4406,0.00078051
2023-05-28,M0 flat,-3.07656,0.00516899
2023-05-29,M0 flat,-3.06197,0.00123791
2023-05-30,M0 flat,-3.08656,0.00108164
2023-05-31,M0 flat,-3.10445,0.0021116
2023-06-01,M0 flat,-3.01909,0.00354575
2023-06-02,M0 flat,-3.1498,0.00111875
2023-06-03,M0 flat,-3.37213,0.000850227
2023-06-04,M0 flat,-3.32668,0.000946602
2023-06-05,M0 flat,-2.38587,0.0415923
2023-06-06,M0 flat,-2.48667,0.0100891
2023-06-07,M0 flat,-2.45696,0.00424454
2023-06-08,M0 flat,-2.84837,0.00173213
2023-06-09,M0 flat,-2.95879,0.00173104
2023-06-10,M0 flat,-2.33779,0.0279367
2023-06-11,M0 flat,-3.0084,0.00153776
2023-06-12,M0 flat,-3.02236,0.00196007
2023-06-13,M0 flat,-3.02512,0.00204173
2023-06-14,M0 flat,-2.64483,0.025755
2023-06-15,M0 flat,-2.95496,0.00257886
2023-06-16,M0 flat,-2.89353,0.0060649
2023-06-17,M0 flat,-3.05555,0.00857733
2023-06-18,M0 flat,-3.21242,0.00105084
2023-06-19,M0 flat,-2.99574,0.00517575
2023-06-20,M0 flat,-2.61161,0.0100964
2023-06-21,M0 flat,-2.09315,0.0131581
2023-06-22,M0 flat,-2.53388,0.00317176
2023-06-23,M0 flat,-2.4201,0.0114106
2023-06-24,M0 flat,-2.90271,0.00169567
2023-06-25,M0 flat,-2.95501,0.00130616
2023-06-26,M0 flat,-2.7861,0.00233518
2023-06-27,M0 flat,-2.88809,0.00321848
2023-06-28,M0 flat,-2.93636,0.00219911
2023-06-29,M0 flat,-3.01895,0.00175403
2023-06-30,M0 flat,-1.60388,0.203678
2023-07-01,M0 flat,-3.34582,0.00088837
2023-07-02,M0 flat,-3.16305,0.00358921
2023-07-03,M0 flat,-3.21605,0.0011062
2023-07-04,M0 flat,-3.30074,0.000702962
2023-07-05,M0 flat,-3.29148,0.000708475
2023-07-06,M0 flat,-2.7405,0.00470839
2023-07-07,M0 flat,-3.14728,0.00185207
2023-07-08,M0 flat,-3.42454,0.000788376
2023-07-09,M0 flat,-3.4437,0.00073034
2023-07-10,M0 flat,-3.13819,0.00296794
2023-07-11,M0 flat,-3.31238,0.000717413
2023-07-12,M0 flat,-3.27386,0.000994642
2023-07-13,M0 flat,-2.86104,0.00308217
2023-07-14,M0 flat,-2.88596,0.0040715
2023-07-15,M0 flat,-3.33005,0.00105972
2023-07-16,M0 flat,-3.32545,0.000944491
2023-07-17,M0 flat,-3.04976,0.00263145
2023-07-18,M0 flat,-3.20903,0.000887886
2023-07-19,M0 flat,-3.3183,0.000691116
2023-07-20,M0 flat,-3.24813,0.00103445
2023-07-21,M0 flat,-3.40009,0.000668172
2023-07-22,M0 flat,-3.50889,0.000722083
2023-07-23,M0 flat,-3.46654,0.000737068
2023-07-24,M0 flat,-3.09917,0.0148661
2023-07-25,M0 flat,-3.37288,0.000813464
2023-07-26,M0 flat,-3.29489,0.000821654
2023-07-27,M0 flat,-3.44037,0.00066416
2023-07-28,M0 flat,-3.47076,0.000663781
2023-07-29,M0 flat,-3.56754,0.000722437
2023-07-30,M0 flat,-3.50231,0.000715514
2023-07-31,M0 flat,-3.45552,0.000878283
2023-08-01,M0 flat,-3.26964,0.00149803
2023-08-02,M0 flat,-3.19019,0.0031069
2023-08-03,M0 flat,-3.41716,0.000602381
2023-08-04,M0 flat,-3.46121,0.000638448
2023-08-05,M0 flat,-3.58822,0.000685666
2023-08-06,M0 flat,-3.58519,0.000665413
2023-08-07,M0 flat,-3.41985,0.00072496
2023-08-08,M0 flat,-3.24335,0.00142637
2023-08-09,M0 flat,-3.32849,0.000684941
2023-08-10,M0 flat,-3.47896,0.000606255
2023-08-11,M0 flat,-3.54256,0.000653228
2023-08-12,M0 flat,-3.62647,0.000678007
2023-08-13,M0 flat,-3.62322,0.000653518
2023-08-14,M0 flat,-3.49501,0.000602932
2023-08-15,M0 flat,-3.51619,0.00128975
2023-08-16,M0 flat,-3.47258,0.000660652
2023-08-17,M0 flat,9.6087,23.8305
2023-08-18,M0 flat,-2.43291,0.00570162
2023-08-19,M0 flat,-2.95023,0.00166395
2023-08-20,M0 flat,-3.07099,0.0015589
2023-08-21,M0 flat,-3.08597,0.00125145
2023-08-22,M0 flat,-2.98984,0.00307811
2023-08-23,M0 flat,-2.91133,0.00225893
2023-08-24,M0 flat,-3.1762,0.00088689
2023-08-25,M0 flat,-3.23516,0.000887578
2023-08-26,M0 flat,-3.42253,0.000937818
2023-08-27,M0 flat,-3.45094,0.00086501
2023-08-28,M0 flat,-3.3535,0.000941682
2023-08-29,M0 flat,-2.06796,0.0854886
2023-08-30,M0 flat,-2.98385,0.00125732
2023-08-31,M0 flat,-2.81753,0.00353947
2023-09-01,M0 flat,-2.75258,0.00546209
2023-09-02,M0 flat,-3.12376,0.00157396
2023-09-03,M0 flat,-3.14772,0.00141438
2023-09-04,M0 flat,-3.18062,0.00113891
2023-09-05,M0 flat,-3.21482,0.00102105
2023-09-06,M0 flat,-3.17016,0.00113872
2023-09-07,M0 flat,-3.13553,0.0033129
2023-09-08,M0 flat,-3.17646,0.00140224
2023-09-09,M0 flat,-3.43249,0.000920547
2023-09-10,M0 flat,-3.37354,0.000833782
2023-09-11,M0 flat,-3.07804,0.00189749
2023-09-12,M0 flat,-2.63601,0.0135316
2023-09-13,M0 flat,-3.10423,0.00119967
2023-09-14,M0 flat,-3.08014,0.00117137
2023-09-15,M0 flat,-3.25241,0.000917242
2023-09-16,M0 flat,-3.40049,0.000749271
2023-09-17,M0 flat,-3.46685,0.000754617
2023-09-18,M0 flat,-3.04015,0.00193115
2023-09-19,M0 flat,-3.06911,0.00124363
2023-09-20,M0 flat,-3.09818,0.00425815
2023-09-21,M0 flat,-3.34438,0.000634042
2023-09-22,M0 flat,-3.39879,0.00071372
2023-09-23,M0 flat,-3.53791,0.000761305
2023-09-24,M0 flat,-3.45143,0.001118
2023-09-25,M0 flat,-3.32345,0.000603501
2023-09-26,M0 flat,-3.46052,0.000591642
2023-09-27,M0 flat,-3.35189,0.000717144
2023-09-28,M0 flat,-3.10395,0.000942512
2023-09-29,M0 flat,-3.1954,0.00123861
2023-09-30,M0 flat,-3.52233,0.000692453
2023-10-01,M0 flat,-2.73032,0.0987986
2023-10-02,M0 flat,-2.52443,0.00972883
2023-10-03,M0 flat,-3.17569,0.00108028
2023-10-04,M0 flat,-3.15556,0.00104573
2023-10-05,M0 flat,-3.11337,0.00158545
2023-10-06,M0 flat,-2.77289,0.00787509
2023-10-07,M0 flat,-3.4257,0.000775791
2023-10-08,M0 flat,-3.34874,0.000759287
2023-10-09,M0 flat,-3.21974,0.00121387
2023-10-10,M0 flat,-3.33975,0.000731439
2023-10-11,M0 flat,-3.06727,0.00757461
2023-10-12,M0 flat,-3.3739,0.000640675
2023-10-13,M0 flat,-3.31239,0.00150573
2023-10-14,M0 flat,-3.53941,0.000712866
2023-10-15,M0 flat,-3.48749,0.000668597
2023-10-16,M0 flat,1.2099,1.67667
2023-10-17,M0 flat,-2.96558,0.00109532
2023-10-18,M0 flat,-3.05419,0.00407918
2023-10-19,M0 flat,-3.0932,0.00178302
2023-10-20,M0 flat,-2.74792,0.00227404
2023-10-21,M0 flat,-3.17059,0.000935756
2023-10-22,M0 flat,-3.21673,0.000895178
2023-10-23,M0 flat,1.11642,2.01223
2023-10-24,M0 flat,-1.23166,0.0473919
2023-10-25,M0 flat,-2.30647,0.00401134
2023-10-26,M0 flat,-2.59474,0.00304594
2023-10-27,M0 flat,-2.7851,0.00219117
2023-10-28,M0 flat,-2.96342,0.00237193
2023-10-29,M0 flat,-3.02374,0.00153917
2023-10-30,M0 flat,-2.95812,0.0015788
2023-10-31,M0 flat,-3.05138,0.00106664
2023-11-01,M0 flat,-2.68662,0.00673926
2023-11-02,M0 flat,-2.85782,0.00260828
2023-11-03,M0 flat,-3.00812,0.0010134
2023-11-04,M0 flat,-3.24567,0.00106003
2023-11-05,M0 flat,-3.01956,0.00473949
2023-11-06,M0 flat,-3.20507,0.00061722
2023-11-07,M0 flat,-2.97843,0.00273629
2023-11-08,M0 flat,-3.13346,0.00106538
2023-11-09,M0 flat,-1.83839,0.0233547
2023-11-10,M0 flat,-2.82124,0.00239581
2023-11-11,M0 flat,-3.25361,0.000779056
2023-11-12,M0 flat,-3.34011,0.000794493
2023-11-13,M0 flat,-3.10171,0.00102817
2023-11-14,M0 flat,-2.63145,0.0191345
2023-11-15,M0 flat,-2.35091,0.0231553
2023-11-16,M0 flat,-2.4579,0.00423714
2023-11-17,M0 flat,-2.55586,0.00899779
2023-11-18,M0 flat,-3.05357,0.00153528
2023-11-19,M0 flat,-3.03428,0.00217688
2023-11-20,M0 flat,-2.73268,0.00433554
2023-11-21,M0 flat,-2.64159,0.00557933
2023-11-22,M0 flat,-2.71421,0.00215091
2023-11-23,M0 flat,-2.93546,0.00155814
2023-11-24,M0 flat,-2.72201,0.00278354
2023-11-25,M0 flat,-3.18849,0.00141967
2023-11-26,M0 flat,-3.13903,0.00120973
2023-11-27,M0 flat,-3.01352,0.00101422
2023-11-28,M0 flat,-2.99597,0.00137485
2023-11-29,M0 flat,-3.09823,0.000796856
2023-11-30,M0 flat,-3.21702,0.000820547
2023-12-01,M0 flat,-3.12141,0.000929841
2023-12-02,M0 flat,-3.10654,0.00400757
2023-12-03,M0 flat,-3.21843,0.000906284
2023-12-04,M0 flat,-2.443,0.00480666
2023-12-05,M0 flat,-2.49571,0.00903428
2023-12-06,M0 flat,-2.61228,0.00218144
2023-12-07,M0 flat,-2.86306,0.00136854
2023-12-08,M0 flat,-2.95964,0.00132132
2023-12-09,M0 flat,-3.08082,0.00134407
2023-12-10,M0 flat,-3.20813,0.00107778
2023-12-11,M0 flat,-1.47694,0.122606
2023-12-12,M0 flat,-2.46314,0.00309718
2023-12-13,M0 flat,-2.46938,0.00721593
2023-12-14,M0 flat,-2.50816,0.0125029
2023-12-15,M0 flat,-2.91851,0.00109199
2023-12-16,M0 flat,-3.0572,0.00116286
2023-12-17,M0 flat,-2.93844,0.00176743
2023-12-18,M0 flat,-2.62844,0.00260913
2023-12-19,M0 flat,-2.78597,0.0015118
2023-12-20,M0 flat,-2.6556,0.00184247
2023-12-21,M0 flat,-2.90045,0.00117002
2023-12-22,M0 flat,-2.96574,0.00133608
2023-12-23,M0 flat,-3.25411,0.000890556
2023-12-24,M0 flat,-3.08861,0.00509995
2023-12-25,M0 flat,-3.12148,0.00184555
2023-12-26,M0 flat,-2.93382,0.00362765
2023-12-27,M0 flat,-3.01642,0.000844092
2023-12-28,M0 flat,-2.98465,0.000749642
2023-12-29,M0 flat,-2.89016,0.00130075
2023-12-30,M0 flat,-3.17552,0.000752056
2023-12-31,M0 flat,-3.18077,0.000684483
2023-01-01,M1 hist. profile,-3.62101,0.000744029
2023-01-02,M1 hist. profile,-3.52049,0.000865946
2023-01-03,M1 hist. profile,-3.59589,0.000663726
2023-01-04,M1 hist. profile,-3.49106,0.000674209
2023-01-05,M1 hist. profile,-3.62233,0.000673097
2023-01-06,M1 hist. profile,-3.5398,0.000774605
2023-01-07,M1 hist. profile,-3.67191,0.000714772
2023-01-08,M1 hist. profile,-3.62859,0.00074212
2023-01-09,M1 hist. profile,-3.48073,0.00058317
2023-01-10,M1 hist. profile,-3.54737,0.000585173
2023-01-11,M1 hist. profile,-3.04108,0.0460916
2023-01-12,M1 hist. profile,-1.2456,0.261943
2023-01-13,M1 hist. profile,-2.64861,0.0144254
2023-01-14,M1 hist. profile,-1.09931,0.197317
2023-01-15,M1 hist. profile,-2.59796,0.0142814
2023-01-16,M1 hist. profile,-2.17331,0.0591837
2023-01-17,M1 hist. profile,-2.64735,0.00743409
2023-01-18,M1 hist. profile,-2.25852,0.0374017
2023-01-19,M1 hist. profile,-3.05744,0.00124177
2023-01-20,M1 hist. profile,-2.59767,0.0185436
2023-01-21,M1 hist. profile,-2.02936,0.0718356
2023-01-22,M1 hist. profile,-2.5575,0.0106123
2023-01-23,M1 hist. profile,-2.5,0.043274
2023-01-24,M1 hist. profile,-2.77433,0.00374243
2023-01-25,M1 hist. profile,-2.4037,0.022249
2023-01-26,M1 hist. profile,-2.94846,0.00154766
2023-01-27,M1 hist. profile,-2.78472,0.00534815
2023-01-28,M1 hist. profile,-3.30227,0.00109385
2023-01-29,M1 hist. profile,-2.86241,0.0030174
2023-01-30,M1 hist. profile,-2.83957,0.00383534
2023-01-31,M1 hist. profile,-2.99621,0.00212159
2023-02-01,M1 hist. profile,-2.83659,0.00576472
2023-02-02,M1 hist. profile,-2.53405,0.0147745
2023-02-03,M1 hist. profile,-3.04869,0.00140473
2023-02-04,M1 hist. profile,-3.31523,0.00103585
2023-02-05,M1 hist. profile,-3.26525,0.000975565
2023-02-06,M1 hist. profile,-3.09878,0.00156615
2023-02-07,M1 hist. profile,-2.94664,0.00529168
2023-02-08,M1 hist. profile,-3.20888,0.000897748
2023-02-09,M1 hist. profile,-2.77189,0.00442606
2023-02-10,M1 hist. profile,-3.03567,0.0012983
2023-02-11,M1 hist. profile,-3.22183,0.00151776
2023-02-12,M1 hist. profile,-3.22468,0.00114084
2023-02-13,M1 hist. profile,-2.9879,0.0014275
2023-02-14,M1 hist. profile,-2.93837,0.00581489
2023-02-15,M1 hist. profile,-2.54052,0.0324376
2023-02-16,M1 hist. profile,-2.13571,0.0657171
2023-02-17,M1 hist. profile,-2.09261,0.0227935
2023-02-18,M1 hist. profile,-2.74096,0.00295736
2023-02-19,M1 hist. profile,-2.66823,0.00447875
2023-02-20,M1 hist. profile,-2.44961,0.00682557
2023-02-21,M1 hist. profile,-2.56739,0.00319227
2023-02-22,M1 hist. profile,-2.51022,0.00273045
2023-02-23,M1 hist. profile,-2.55732,0.00374671
2023-02-24,M1 hist. profile,-2.65674,0.0186051
2023-02-25,M1 hist. profile,-3.05209,0.00139567
2023-02-26,M1 hist. profile,-3.03816,0.00147463
2023-02-27,M1 hist. profile,-2.91026,0.00567782
2023-02-28,M1 hist. profile,-3.00698,0.00185523
2023-03-01,M1 hist. profile,-2.71088,0.00660264
2023-03-02,M1 hist. profile,-3.13958,0.00108845
2023-03-03,M1 hist. profile,-2.30605,0.0464104
2023-03-04,M1 hist. profile,-3.20688,0.00156355
2023-03-05,M1 hist. profile,-2.92633,0.00678509
2023-03-06,M1 hist. profile,-3.21051,0.00134783
2023-03-07,M1 hist. profile,-3.0361,0.00429159
2023-03-08,M1 hist. profile,-3.06379,0.00202511
2023-03-09,M1 hist. profile,-2.33291,0.0344323
2023-03-10,M1 hist. profile,-2.05941,0.0113595
2023-03-11,M1 hist. profile,-2.15881,0.00956096
2023-03-12,M1 hist. profile,-1.82216,0.0772275
2023-03-13,M1 hist. profile,-1.19836,0.124771
2023-03-14,M1 hist. profile,-0.902729,0.232392
2023-03-15,M1 hist. profile,-1.73963,0.0214651
2023-03-16,M1 hist. profile,-2.04972,0.0153341
2023-03-17,M1 hist. profile,-1.54109,0.0250169
2023-03-18,M1 hist. profile,-1.97052,0.0268771
2023-03-19,M1 hist. profile,-2.21569,0.00796865
2023-03-20,M1 hist. profile,-1.94904,0.0124031
2023-03-21,M1 hist. profile,-2.31277,0.00811448
2023-03-22,M1 hist. profile,-1.79499,0.0595264
2023-03-23,M1 hist. profile,-2.22565,0.0305835
2023-03-25,M1 hist. profile,-2.72329,0.00270504
2023-03-26,M1 hist. profile,-2.73924,0.00357633
2023-03-27,M1 hist. profile,-2.52337,0.0193164
2023-03-28,M1 hist. profile,-2.5713,0.00466631
2023-03-29,M1 hist. profile,-2.47872,0.0110357
2023-03-30,M1 hist. profile,-2.30472,0.0254545
2023-03-31,M1 hist. profile,-2.62005,0.00467687
2023-04-01,M1 hist. profile,-3.05311,0.00178731
2023-04-02,M1 hist. profile,-3.15645,0.00120158
2023-04-03,M1 hist. profile,-2.51385,0.00916277
2023-04-04,M1 hist. profile,-2.94932,0.00127742
2023-04-05,M1 hist. profile,-2.89305,0.00363476
2023-04-06,M1 hist. profile,-3.19283,0.00091669
2023-04-07,M1 hist. profile,-3.32453,0.000908117
2023-04-08,M1 hist. profile,-3.45448,0.00094043
2023-04-09,M1 hist. profile,-3.32919,0.00126135
2023-04-10,M1 hist. profile,-2.96598,0.013233
2023-04-11,M1 hist. profile,-2.78901,0.00380261
2023-04-12,M1 hist. profile,-2.96018,0.0132724
2023-04-13,M1 hist. profile,-3.17036,0.00121178
2023-04-14,M1 hist. profile,-2.86635,0.00912431
2023-04-15,M1 hist. profile,-3.38506,0.00091973
2023-04-16,M1 hist. profile,-3.35306,0.00122975
2023-04-17,M1 hist. profile,-3.09015,0.00744083
2023-04-18,M1 hist. profile,-3.07072,0.00128476
2023-04-19,M1 hist. profile,-2.6357,0.0105549
2023-04-20,M1 hist. profile,-2.73595,0.00195126
2023-04-21,M1 hist. profile,-2.72715,0.00328582
2023-04-22,M1 hist. profile,-3.04546,0.00153529
2023-04-23,M1 hist. profile,-2.89121,0.00448901
2023-04-24,M1 hist. profile,-2.7583,0.00275581
2023-04-25,M1 hist. profile,-2.94099,0.00188177
2023-04-26,M1 hist. profile,-0.887143,0.138057
2023-04-27,M1 hist. profile,-1.21604,0.0534973
2023-04-28,M1 hist. profile,-2.88149,0.00813354
2023-04-29,M1 hist. profile,-3.27441,0.00126007
2023-04-30,M1 hist. profile,-2.95339,0.00676965
2023-05-01,M1 hist. profile,-2.38649,0.0250119
2023-05-02,M1 hist. profile,-2.85789,0.00306671
2023-05-03,M1 hist. profile,-2.79685,0.00233502
2023-05-04,M1 hist. profile,-3.0185,0.00179252
2023-05-05,M1 hist. profile,-2.88115,0.00495077
2023-05-06,M1 hist. profile,-3.00106,0.00593548
2023-05-07,M1 hist. profile,-3.10367,0.00116164
2023-05-08,M1 hist. profile,-2.3767,0.0232887
2023-05-09,M1 hist. profile,-3.07122,0.00120453
2023-05-10,M1 hist. profile,-1.92772,0.135503
2023-05-11,M1 hist. profile,-2.96159,0.00156146
2023-05-12,M1 hist. profile,-2.46284,0.0103838
2023-05-13,M1 hist. profile,-3.18965,0.00149317
2023-05-14,M1 hist. profile,-3.35158,0.000832213
2023-05-15,M1 hist. profile,-3.07272,0.00138113
2023-05-16,M1 hist. profile,-3.19295,0.00100977
2023-05-17,M1 hist. profile,-3.17961,0.00109906
2023-05-18,M1 hist. profile,-2.98925,0.00331565
2023-05-19,M1 hist. profile,-3.20806,0.00257568
2023-05-20,M1 hist. profile,-3.51144,0.000834535
2023-05-21,M1 hist. profile,-3.3709,0.00102697
2023-05-22,M1 hist. profile,-3.34962,0.00090798
2023-05-23,M1 hist. profile,-3.33188,0.000886247
2023-05-24,M1 hist. profile,-3.10927,0.00210178
2023-05-25,M1 hist. profile,-3.10025,0.00232016
2023-05-26,M1 hist. profile,-3.30116,0.000986728
2023-05-27,M1 hist. profile,-3.48111,0.000867525
2023-05-28,M1 hist. profile,-3.08753,0.00524358
2023-05-29,M1 hist. profile,-3.08537,0.00131557
2023-05-30,M1 hist. profile,-3.1351,0.00111963
2023-05-31,M1 hist. profile,-3.12225,0.0022178
2023-06-01,M1 hist. profile,-3.00506,0.00367108
2023-06-02,M1 hist. profile,-3.18327,0.00119092
2023-06-03,M1 hist. profile,-3.4142,0.000940094
2023-06-04,M1 hist. profile,-3.37236,0.0010217
2023-06-05,M1 hist. profile,-2.6782,0.0408162
2023-06-06,M1 hist. profile,-2.55162,0.0100046
2023-06-07,M1 hist. profile,-2.49722,0.00420099
2023-06-08,M1 hist. profile,-2.89264,0.00185064
2023-06-09,M1 hist. profile,-2.98912,0.00189508
2023-06-10,M1 hist. profile,-2.16559,0.0285196
2023-06-11,M1 hist. profile,-3.04243,0.00168918
2023-06-12,M1 hist. profile,-3.01133,0.00216713
2023-06-13,M1 hist. profile,-3.08174,0.00204934
2023-06-14,M1 hist. profile,-2.8148,0.0254402
2023-06-15,M1 hist. profile,-2.98028,0.00269583
2023-06-16,M1 hist. profile,-2.9558,0.00606285
2023-06-17,M1 hist. profile,-3.0022,0.00885012
2023-06-18,M1 hist. profile,-3.25107,0.00114838
2023-06-19,M1 hist. profile,-3.06706,0.00517677
2023-06-20,M1 hist. profile,-2.63973,0.0101665
2023-06-21,M1 hist. profile,-2.20322,0.0128347
2023-06-22,M1 hist. profile,-2.57949,0.00321629
2023-06-23,M1 hist. profile,-2.51574,0.0112237
2023-06-24,M1 hist. profile,-2.9465,0.00181531
2023-06-25,M1 hist. profile,-2.98152,0.00147242
2023-06-26,M1 hist. profile,-2.81281,0.00243314
2023-06-27,M1 hist. profile,-2.97192,0.00312604
2023-06-28,M1 hist. profile,-2.97822,0.00220758
2023-06-29,M1 hist. profile,-3.05445,0.00185337
2023-06-30,M1 hist. profile,-1.7811,0.203202
2023-07-01,M1 hist. profile,-3.38626,0.000988893
2023-07-02,M1 hist. profile,-3.19519,0.00368923
2023-07-03,M1 hist. profile,-3.27525,0.00110144
2023-07-04,M1 hist. profile,-3.32513,0.000802189
2023-07-05,M1 hist. profile,-3.34434,0.000747649
2023-07-06,M1 hist. profile,-2.79264,0.00469571
2023-07-07,M1 hist. profile,-3.18382,0.00188584
2023-07-08,M1 hist. profile,-3.45866,0.000884579
2023-07-09,M1 hist. profile,-3.4921,0.000797396
2023-07-10,M1 hist. profile,-3.16451,0.00303292
2023-07-11,M1 hist. profile,-3.36113,0.000755572
2023-07-12,M1 hist. profile,-3.31513,0.00103333
2023-07-13,M1 hist. profile,-2.89124,0.0031247
2023-07-14,M1 hist. profile,-2.89105,0.00416559
2023-07-15,M1 hist. profile,-3.37133,0.00117786
2023-07-16,M1 hist. profile,-3.35658,0.00105849
2023-07-17,M1 hist. profile,-3.08373,0.00271808
2023-07-18,M1 hist. profile,-3.25312,0.000940723
2023-07-19,M1 hist. profile,-3.35463,0.000774333
2023-07-20,M1 hist. profile,-3.27544,0.00111564
2023-07-21,M1 hist. profile,-3.4404,0.000737763
2023-07-22,M1 hist. profile,-3.54853,0.000800353
2023-07-23,M1 hist. profile,-3.49668,0.000823225
2023-07-24,M1 hist. profile,-3.09481,0.0149519
2023-07-25,M1 hist. profile,-3.42546,0.00086357
2023-07-26,M1 hist. profile,-3.32462,0.000910144
2023-07-27,M1 hist. profile,-3.48266,0.000729463
2023-07-28,M1 hist. profile,-3.51319,0.000729865
2023-07-29,M1 hist. profile,-3.6107,0.000798664
2023-07-30,M1 hist. profile,-3.56225,0.000744404
2023-07-31,M1 hist. profile,-3.4861,0.000952067
2023-08-01,M1 hist. profile,-3.28438,0.00157968
2023-08-02,M1 hist. profile,-3.22239,0.00317058
2023-08-03,M1 hist. profile,-3.45579,0.000663117
2023-08-04,M1 hist. profile,-3.50793,0.00069278
2023-08-05,M1 hist. profile,-3.63241,0.000757032
2023-08-06,M1 hist. profile,-3.63011,0.000734027
2023-08-07,M1 hist. profile,-3.4721,0.000764631
2023-08-08,M1 hist. profile,-3.28964,0.00145556
2023-08-09,M1 hist. profile,-3.37911,0.00072436
2023-08-10,M1 hist. profile,-3.52589,0.000651565
2023-08-11,M1 hist. profile,-3.59476,0.000696798
2023-08-12,M1 hist. profile,-3.66998,0.000749089
2023-08-13,M1 hist. profile,-3.66812,0.000720858
2023-08-14,M1 hist. profile,-3.53701,0.000652543
2023-08-15,M1 hist. profile,-3.55175,0.00136152
2023-08-16,M1 hist. profile,-3.51844,0.000711465
2023-08-17,M1 hist. profile,11.3321,23.8325
2023-08-18,M1 hist. profile,-2.44614,0.00583068
2023-08-19,M1 hist. profile,-2.9952,0.00179004
2023-08-20,M1 hist. profile,-3.12395,0.0016336
2023-08-21,M1 hist. profile,-3.13374,0.00133724
2023-08-22,M1 hist. profile,-3.01682,0.00323535
2023-08-23,M1 hist. profile,-2.97833,0.00222388
2023-08-24,M1 hist. profile,-3.22427,0.00095218
2023-08-25,M1 hist. profile,-3.29164,0.00092505
2023-08-26,M1 hist. profile,-3.46326,0.0010424
2023-08-27,M1 hist. profile,-3.49534,0.000955728
2023-08-28,M1 hist. profile,-3.38909,0.00103001
2023-08-29,M1 hist. profile,-2.3645,0.0849694
2023-08-30,M1 hist. profile,-3.0294,0.00133218
2023-08-31,M1 hist. profile,-2.87641,0.00358626
2023-09-01,M1 hist. profile,-2.79881,0.00546609
2023-09-02,M1 hist. profile,-3.16805,0.00172453
2023-09-03,M1 hist. profile,-3.19699,0.00153305
2023-09-04,M1 hist. profile,-3.22145,0.00124156
2023-09-05,M1 hist. profile,-3.25317,0.00112302
2023-09-06,M1 hist. profile,-3.2127,0.00121719
2023-09-07,M1 hist. profile,-3.17247,0.00340437
2023-09-08,M1 hist. profile,-3.22292,0.0014625
2023-09-09,M1 hist. profile,-3.47552,0.00101627
2023-09-10,M1 hist. profile,-3.4168,0.000913494
2023-09-11,M1 hist. profile,-3.17686,0.00179349
2023-09-12,M1 hist. profile,-2.59197,0.013687
2023-09-13,M1 hist. profile,-3.12163,0.00127139
2023-09-14,M1 hist. profile,-3.10854,0.00124635
2023-09-15,M1 hist. profile,-3.28951,0.00100888
2023-09-16,M1 hist. profile,-3.43872,0.000835429
2023-09-17,M1 hist. profile,-3.50771,0.000839449
2023-09-18,M1 hist. profile,-3.06683,0.00199094
2023-09-19,M1 hist. profile,-3.12922,0.00125009
2023-09-20,M1 hist. profile,-3.12015,0.00432019
2023-09-21,M1 hist. profile,-3.38638,0.000685964
2023-09-22,M1 hist. profile,-3.43979,0.000784492
2023-09-23,M1 hist. profile,-3.57965,0.000844373
2023-09-24,M1 hist. profile,-3.48661,0.0012054
2023-09-25,M1 hist. profile,-3.35727,0.000653266
2023-09-26,M1 hist. profile,-3.49866,0.000662093
2023-09-27,M1 hist. profile,-3.4128,0.000730114
2023-09-28,M1 hist. profile,-3.17034,0.000913338
2023-09-29,M1 hist. profile,-3.23147,0.00127185
2023-09-30,M1 hist. profile,-3.56843,0.000762089
2023-10-01,M1 hist. profile,-2.8674,0.0986955
2023-10-02,M1 hist. profile,-2.56149,0.00971202
2023-10-03,M1 hist. profile,-3.23078,0.0010973
2023-10-04,M1 hist. profile,-3.17828,0.00113827
2023-10-05,M1 hist. profile,-3.20769,0.00148697
2023-10-06,M1 hist. profile,-2.88367,0.00771138
2023-10-07,M1 hist. profile,-3.46228,0.000869337
2023-10-08,M1 hist. profile,-3.39742,0.000806858
2023-10-09,M1 hist. profile,-3.26422,0.00126678
2023-10-10,M1 hist. profile,-3.40394,0.000733289
2023-10-11,M1 hist. profile,-3.03979,0.00771025
2023-10-12,M1 hist. profile,-3.41216,0.000714693
2023-10-13,M1 hist. profile,-3.36631,0.00155194
2023-10-14,M1 hist. profile,-3.57956,0.000792428
2023-10-15,M1 hist. profile,-3.54085,0.00072017
2023-10-16,M1 hist. profile,0.919194,1.67611
2023-10-17,M1 hist. profile,-2.9826,0.00119474
2023-10-18,M1 hist. profile,-3.03864,0.00425416
2023-10-19,M1 hist. profile,-3.14948,0.00177999
2023-10-20,M1 hist. profile,-2.7222,0.00239303
2023-10-21,M1 hist. profile,-3.21166,0.00100799
2023-10-22,M1 hist. profile,-3.2189,0.00104265
2023-10-23,M1 hist. profile,1.68009,2.01314
2023-10-24,M1 hist. profile,-1.15436,0.0477355
2023-10-25,M1 hist. profile,-2.33879,0.00417267
2023-10-26,M1 hist. profile,-2.64712,0.00313372
2023-10-27,M1 hist. profile,-2.81802,0.0024077
2023-10-28,M1 hist. profile,-2.99822,0.0025888
2023-10-29,M1 hist. profile,-3.06518,0.00170401
2023-10-30,M1 hist. profile,-2.99139,0.00170532
2023-10-31,M1 hist. profile,-3.08301,0.00120355
2023-11-01,M1 hist. profile,-2.78299,0.00658067
2023-11-02,M1 hist. profile,-2.88711,0.00265104
2023-11-03,M1 hist. profile,-3.02133,0.00113832
2023-11-04,M1 hist. profile,-3.26968,0.00118086
2023-11-05,M1 hist. profile,-3.07007,0.00478191
2023-11-06,M1 hist. profile,-3.24304,0.00067566
2023-11-07,M1 hist. profile,-3.01694,0.00279053
2023-11-08,M1 hist. profile,-3.19386,0.00108111
2023-11-09,M1 hist. profile,-1.96642,0.0230531
2023-11-10,M1 hist. profile,-2.89774,0.00230974
2023-11-11,M1 hist. profile,-3.27784,0.000880544
2023-11-12,M1 hist. profile,-3.37263,0.000876257
2023-11-13,M1 hist. profile,-3.11354,0.00112535
2023-11-14,M1 hist. profile,-2.72027,0.0190611
2023-11-15,M1 hist. profile,-2.28563,0.0233479
2023-11-16,M1 hist. profile,-2.5163,0.00414513
2023-11-17,M1 hist. profile,-2.6286,0.00882122
2023-11-18,M1 hist. profile,-3.09591,0.00169466
2023-11-19,M1 hist. profile,-3.08478,0.00228683
2023-11-20,M1 hist. profile,-2.79536,0.00430015
2023-11-21,M1 hist. profile,-2.73493,0.00538802
2023-11-22,M1 hist. profile,-2.76049,0.00219189
2023-11-23,M1 hist. profile,-2.98228,0.00169326
2023-11-24,M1 hist. profile,-2.77986,0.00282978
2023-11-25,M1 hist. profile,-3.22832,0.00157879
2023-11-26,M1 hist. profile,-3.1997,0.00127469
2023-11-27,M1 hist. profile,-3.05961,0.00104901
2023-11-28,M1 hist. profile,-3.04461,0.00139107
2023-11-29,M1 hist. profile,-3.15181,0.000789407
2023-11-30,M1 hist. profile,-3.25495,0.000884309
2023-12-01,M1 hist. profile,-3.1589,0.000991239
2023-12-02,M1 hist. profile,-3.12972,0.00412505
2023-12-03,M1 hist. profile,-3.27157,0.000948247
2023-12-04,M1 hist. profile,-2.32755,0.00502726
2023-12-05,M1 hist. profile,-2.52022,0.00904865
2023-12-06,M1 hist. profile,-2.61774,0.00237648
2023-12-07,M1 hist. profile,-2.89793,0.00150802
2023-12-08,M1 hist. profile,-3.00404,0.00139349
2023-12-09,M1 hist. profile,-3.11881,0.00146515
2023-12-10,M1 hist. profile,-3.24782,0.0012011
2023-12-11,M1 hist. profile,-1.14068,0.123226
2023-12-12,M1 hist. profile,-2.50839,0.00306533
2023-12-13,M1 hist. profile,-2.48994,0.00721095
2023-12-14,M1 hist. profile,-2.59771,0.012275
2023-12-15,M1 hist. profile,-2.96856,0.00115606
2023-12-16,M1 hist. profile,-3.09502,0.00129193
2023-12-17,M1 hist. profile,-2.95827,0.00189414
2023-12-18,M1 hist. profile,-2.62716,0.00271903
2023-12-19,M1 hist. profile,-2.80255,0.00161813
2023-12-20,M1 hist. profile,-2.71994,0.00173595
2023-12-21,M1 hist. profile,-2.91899,0.00126634
2023-12-22,M1 hist. profile,-2.96252,0.00150436
2023-12-23,M1 hist. profile,-3.28675,0.00100818
2023-12-24,M1 hist. profile,-3.10416,0.00521743
2023-12-25,M1 hist. profile,-3.17871,0.00187905
2023-12-26,M1 hist. profile,-2.93387,0.00375789
2023-12-27,M1 hist. profile,-3.03922,0.000927416
2023-12-28,M1 hist. profile,-3.01367,0.000813174
2023-12-29,M1 hist. profile,-2.88454,0.00141879
2023-12-30,M1 hist. profile,-3.20505,0.000832929
2023-12-31,M1 hist. profile,-3.19391,0.000790815
2023-01-01,M2 FFF,-3.78699,0.000474469
2023-01-02,M2 FFF,-3.67608,0.000612584
2023-01-03,M2 FFF,-3.75738,0.000416141
2023-01-04,M2 FFF,-3.635,0.000443718
2023-01-05,M2 FFF,-3.7917,0.000417903
2023-01-06,M2 FFF,-3.69507,0.000557064
2023-01-07,M2 FFF,-3.84934,0.000451232
2023-01-08,M2 FFF,-3.7974,0.000496978
2023-01-09,M2 FFF,-3.6268,0.000366652
2023-01-10,M2 FFF,-3.70606,0.00035647
2023-01-11,M2 FFF,-3.04229,0.0460591
2023-01-12,M2 FFF,-1.30309,0.261854
2023-01-13,M2 FFF,-2.73242,0.0142168
2023-01-14,M2 FFF,-1.09964,0.197165
2023-01-15,M2 FFF,-2.56906,0.0142922
2023-01-16,M2 FFF,-2.10806,0.0592283
2023-01-17,M2 FFF,-2.71992,0.00701605
2023-01-18,M2 FFF,-2.32937,0.0371374
2023-01-19,M2 FFF,-3.11736,0.000956247
2023-01-20,M2 FFF,-2.57788,0.0185865
2023-01-21,M2 FFF,-2.02886,0.0716113
2023-01-22,M2 FFF,-2.61306,0.0101321
2023-01-23,M2 FFF,-2.55641,0.0428916
2023-01-24,M2 FFF,-2.80645,0.0035061
2023-01-25,M2 FFF,-2.39355,0.0222781
2023-01-26,M2 FFF,-3.02037,0.00126588
2023-01-27,M2 FFF,-2.8335,0.00519069
2023-01-28,M2 FFF,-3.40522,0.000773463
2023-01-29,M2 FFF,-2.88539,0.00292314
2023-01-30,M2 FFF,-2.89051,0.0036287
2023-01-31,M2 FFF,-3.05753,0.00185248
2023-02-01,M2 FFF,-2.91774,0.00553427
2023-02-02,M2 FFF,-2.64693,0.0144344
2023-02-03,M2 FFF,-3.12233,0.00119918
2023-02-04,M2 FFF,-3.42648,0.000722411
2023-02-05,M2 FFF,-3.38404,0.000684155
2023-02-06,M2 FFF,-3.20944,0.00128306
2023-02-07,M2 FFF,-3.07548,0.00500433
2023-02-08,M2 FFF,-3.32206,0.000638968
2023-02-09,M2 FFF,-2.75262,0.00438234
2023-02-10,M2 FFF,-3.10521,0.000982343
2023-02-11,M2 FFF,-3.31076,0.00116187
2023-02-12,M2 FFF,-3.31892,0.000819217
2023-02-13,M2 FFF,-3.04837,0.00119699
2023-02-14,M2 FFF,-3.0206,0.00563785
2023-02-15,M2 FFF,-2.54043,0.0324378
2023-02-16,M2 FFF,-2.04217,0.0668795
2023-02-17,M2 FFF,-2.06181,0.0230164
2023-02-18,M2 FFF,-2.72276,0.00277709
2023-02-19,M2 FFF,-2.67123,0.00428057
2023-02-20,M2 FFF,-2.47866,0.00658157
2023-02-21,M2 FFF,-2.58022,0.0029866
2023-02-22,M2 FFF,-2.5292,0.00252064
2023-02-23,M2 FFF,-2.60016,0.00352452
2023-02-24,M2 FFF,-2.62388,0.0189621
2023-02-25,M2 FFF,-3.11172,0.00108515
2023-02-26,M2 FFF,-3.11145,0.00116638
2023-02-27,M2 FFF,-2.95193,0.0055505
2023-02-28,M2 FFF,-3.09314,0.00161757
2023-03-01,M2 FFF,-2.72075,0.00651019
2023-03-02,M2 FFF,-3.21895,0.000864194
2023-03-03,M2 FFF,-2.25132,0.0463339
2023-03-04,M2 FFF,-3.28502,0.00119581
2023-03-05,M2 FFF,-2.98809,0.00646597
2023-03-06,M2 FFF,-3.31801,0.000994868
2023-03-07,M2 FFF,-3.11356,0.00424514
2023-03-08,M2 FFF,-3.14108,0.00184191
2023-03-09,M2 FFF,-2.36377,0.0343668
2023-03-10,M2 FFF,-2.09721,0.0111438
2023-03-11,M2 FFF,-2.20209,0.00929447
2023-03-12,M2 FFF,-1.8988,0.076953
2023-03-13,M2 FFF,-1.17403,0.126303
2023-03-14,M2 FFF,-0.939961,0.231799
2023-03-15,M2 FFF,-1.74468,0.0211808
2023-03-16,M2 FFF,-2.05136,0.0151559
2023-03-17,M2 FFF,-1.57486,0.0246778
2023-03-18,M2 FFF,-1.88684,0.027873
2023-03-19,M2 FFF,-2.1349,0.00862597
2023-03-20,M2 FFF,-1.92984,0.0125018
2023-03-21,M2 FFF,-2.29698,0.00793217
2023-03-22,M2 FFF,-1.78244,0.0595681
2023-03-23,M2 FFF,-2.24716,0.0303735
2023-03-25,M2 FFF,-2.71766,0.00247533
2023-03-26,M2 FFF,-2.77213,0.00320164
2023-03-27,M2 FFF,-2.55594,0.0191817
2023-03-28,M2 FFF,-2.6287,0.00428904
2023-03-29,M2 FFF,-2.52863,0.0107428
2023-03-30,M2 FFF,-2.24778,0.0254365
2023-03-31,M2 FFF,-2.68163,0.00449321
2023-04-01,M2 FFF,-3.10142,0.00148489
2023-04-02,M2 FFF,-3.22846,0.000935173
2023-04-03,M2 FFF,-2.49945,0.00908965
2023-04-04,M2 FFF,-3.00849,0.0010768
2023-04-05,M2 FFF,-2.92915,0.00362346
2023-04-06,M2 FFF,-3.29306,0.000658822
2023-04-07,M2 FFF,-3.44363,0.000621451
2023-04-08,M2 FFF,-3.59003,0.000641614
2023-04-09,M2 FFF,-3.46373,0.000987104
2023-04-10,M2 FFF,-2.98956,0.0132071
2023-04-11,M2 FFF,-2.81866,0.00366215
2023-04-12,M2 FFF,-2.97918,0.013297
2023-04-13,M2 FFF,-3.26272,0.000981252
2023-04-14,M2 FFF,-2.9201,0.00900701
2023-04-15,M2 FFF,-3.50585,0.000625292
2023-04-16,M2 FFF,-3.49835,0.000911254
2023-04-17,M2 FFF,-3.17682,0.00724896
2023-04-18,M2 FFF,-3.16776,0.00104976
2023-04-19,M2 FFF,-2.61018,0.0104694
2023-04-20,M2 FFF,-2.78364,0.00169845
2023-04-21,M2 FFF,-2.77519,0.00305186
2023-04-22,M2 FFF,-3.09237,0.00124897
2023-04-23,M2 FFF,-2.94229,0.00418548
2023-04-24,M2 FFF,-2.83779,0.00245106
2023-04-25,M2 FFF,-2.99166,0.00171275
2023-04-26,M2 FFF,-0.762856,0.13879
2023-04-27,M2 FFF,-1.17777,0.0535485
2023-04-28,M2 FFF,-2.93997,0.00791099
2023-04-29,M2 FFF,-3.37713,0.000909379
2023-04-30,M2 FFF,-3.00504,0.00670629
2023-05-01,M2 FFF,-2.38566,0.0249024
2023-05-02,M2 FFF,-2.95223,0.0027305
2023-05-03,M2 FFF,-2.8503,0.00214485
2023-05-04,M2 FFF,-3.07585,0.00160872
2023-05-05,M2 FFF,-2.8932,0.00495034
2023-05-06,M2 FFF,-3.05794,0.00577021
2023-05-07,M2 FFF,-3.19647,0.000878039
2023-05-08,M2 FFF,-2.37179,0.0231739
2023-05-09,M2 FFF,-3.14956,0.000949357
2023-05-10,M2 FFF,-1.79556,0.13594
2023-05-11,M2 FFF,-3.05234,0.00136647
2023-05-12,M2 FFF,-2.63066,0.0100816
2023-05-13,M2 FFF,-3.31057,0.00119802
2023-05-14,M2 FFF,-3.46913,0.000618847
2023-05-15,M2 FFF,-3.17848,0.00116245
2023-05-16,M2 FFF,-3.29982,0.000786525
2023-05-17,M2 FFF,-3.28237,0.000903296
2023-05-18,M2 FFF,-3.10128,0.003138
2023-05-19,M2 FFF,-3.3432,0.0023368
2023-05-20,M2 FFF,-3.66329,0.000547954
2023-05-21,M2 FFF,-3.52201,0.000767597
2023-05-22,M2 FFF,-3.45973,0.000720629
2023-05-23,M2 FFF,-3.44769,0.000652928
2023-05-24,M2 FFF,-3.18391,0.00197475
2023-05-25,M2 FFF,-3.18633,0.00208228
2023-05-26,M2 FFF,-3.42939,0.000721518
2023-05-27,M2 FFF,-3.62752,0.000567291
2023-05-28,M2 FFF,-3.20436,0.00504521
2023-05-29,M2 FFF,-3.16747,0.00107698
2023-05-30,M2 FFF,-3.21836,0.000882137
2023-05-31,M2 FFF,-3.19589,0.00198022
2023-06-01,M2 FFF,-3.08438,0.00344907
2023-06-02,M2 FFF,-3.28713,0.000933931
2023-06-03,M2 FFF,-3.5467,0.000630468
2023-06-04,M2 FFF,-3.49454,0.000748886
2023-06-05,M2 FFF,-2.58104,0.0413436
2023-06-06,M2 FFF,-2.63949,0.00975318
2023-06-07,M2 FFF,-2.53966,0.00397916
2023-06-08,M2 FFF,-2.92865,0.00153497
2023-06-09,M2 FFF,-3.03474,0.00157605
2023-06-10,M2 FFF,-2.24211,0.0281705
2023-06-11,M2 FFF,-3.12155,0.00133752
2023-06-12,M2 FFF,-3.08837,0.00185308
2023-06-13,M2 FFF,-3.15226,0.00183085
2023-06-14,M2 FFF,-2.76166,0.0256143
2023-06-15,M2 FFF,-3.0665,0.00241371
2023-06-16,M2 FFF,-3.05667,0.00578474
2023-06-17,M2 FFF,-3.11633,0.0084925
2023-06-18,M2 FFF,-3.35435,0.000844973
2023-06-19,M2 FFF,-3.13724,0.00499222
2023-06-20,M2 FFF,-2.71829,0.00996379
2023-06-21,M2 FFF,-2.17724,0.0129332
2023-06-22,M2 FFF,-2.59778,0.00296276
2023-06-23,M2 FFF,-2.5516,0.0109695
2023-06-24,M2 FFF,-2.98626,0.00151106
2023-06-25,M2 FFF,-3.02784,0.00117213
2023-06-26,M2 FFF,-2.87952,0.00213995
2023-06-27,M2 FFF,-3.01946,0.00295953
2023-06-28,M2 FFF,-3.06511,0.00197936
2023-06-29,M2 FFF,-3.14776,0.00154926
2023-06-30,M2 FFF,-1.80496,0.203122
2023-07-01,M2 FFF,-3.5084,0.000670301
2023-07-02,M2 FFF,-3.34395,0.00334897
2023-07-03,M2 FFF,-3.38664,0.000898447
2023-07-04,M2 FFF,-3.43917,0.000539459
2023-07-05,M2 FFF,-3.45933,0.000512189
2023-07-06,M2 FFF,-2.841,0.00457125
2023-07-07,M2 FFF,-3.29122,0.00167546
2023-07-08,M2 FFF,-3.59641,0.000589456
2023-07-09,M2 FFF,-3.63161,0.000521371
2023-07-10,M2 FFF,-3.27317,0.00283369
2023-07-11,M2 FFF,-3.48908,0.000528209
2023-07-12,M2 FFF,-3.459,0.000799287
2023-07-13,M2 FFF,-3.01264,0.00293752
2023-07-14,M2 FFF,-2.99274,0.00395421
2023-07-15,M2 FFF,-3.4838,0.000833497
2023-07-16,M2 FFF,-3.46834,0.000747725
2023-07-17,M2 FFF,-3.18855,0.00246746
2023-07-18,M2 FFF,-3.37018,0.000685628
2023-07-19,M2 FFF,-3.47616,0.000507004
2023-07-20,M2 FFF,-3.4038,0.000856942
2023-07-21,M2 FFF,-3.5769,0.000481783
2023-07-22,M2 FFF,-3.69923,0.000529835
2023-07-23,M2 FFF,-3.6569,0.000552113
2023-07-24,M2 FFF,-3.13313,0.0148304
2023-07-25,M2 FFF,-3.55259,0.00059619
2023-07-26,M2 FFF,-3.44174,0.000658969
2023-07-27,M2 FFF,-3.62363,0.000468816
2023-07-28,M2 FFF,-3.66349,0.000463434
2023-07-29,M2 FFF,-3.77463,0.000516847
2023-07-30,M2 FFF,-3.71212,0.000514947
2023-07-31,M2 FFF,-3.64361,0.000703598
2023-08-01,M2 FFF,-3.37864,0.00139196
2023-08-02,M2 FFF,-3.33866,0.00296268
2023-08-03,M2 FFF,-3.59384,0.000421964
2023-08-04,M2 FFF,-3.65603,0.000447151
2023-08-05,M2 FFF,-3.80108,0.000483688
2023-08-06,M2 FFF,-3.79914,0.000468091
2023-08-07,M2 FFF,-3.62256,0.000540392
2023-08-08,M2 FFF,-3.42996,0.00126465
2023-08-09,M2 FFF,-3.51912,0.000498186
2023-08-10,M2 FFF,-3.68206,0.000409573
2023-08-11,M2 FFF,-3.75449,0.000455084
2023-08-12,M2 FFF,-3.84651,0.000478221
2023-08-13,M2 FFF,-3.84348,0.000457451
2023-08-14,M2 FFF,-3.68351,0.000431218
2023-08-15,M2 FFF,-3.7231,0.00111064
2023-08-16,M2 FFF,-3.67445,0.000484425
2023-08-17,M2 FFF,10.924,23.8322
2023-08-18,M2 FFF,-2.48316,0.00555095
2023-08-19,M2 FFF,-3.02937,0.00150226
2023-08-20,M2 FFF,-3.17859,0.00133935
2023-08-21,M2 FFF,-3.20725,0.00101676
2023-08-22,M2 FFF,-3.11565,0.00287543
2023-08-23,M2 FFF,-3.04321,0.00204632
2023-08-24,M2 FFF,-3.32564,0.000659992
2023-08-25,M2 FFF,-3.39712,0.000651155
2023-08-26,M2 FFF,-3.59423,0.000716981
2023-08-27,M2 FFF,-3.63643,0.000641171
2023-08-28,M2 FFF,-3.52546,0.000746603
2023-08-29,M2 FFF,-2.40352,0.0849874
2023-08-30,M2 FFF,-3.09383,0.00102694
2023-08-31,M2 FFF,-2.95315,0.00329447
2023-09-01,M2 FFF,-2.86095,0.00518172
2023-09-02,M2 FFF,-3.22963,0.00136726
2023-09-03,M2 FFF,-3.27519,0.00117823
2023-09-04,M2 FFF,-3.31376,0.000912456
2023-09-05,M2 FFF,-3.35278,0.000802603
2023-09-06,M2 FFF,-3.33539,0.000894938
2023-09-07,M2 FFF,-3.29086,0.00311283
2023-09-08,M2 FFF,-3.28605,0.0012616
2023-09-09,M2 FFF,-3.61124,0.000694353
2023-09-10,M2 FFF,-3.54858,0.000627579
2023-09-11,M2 FFF,-3.25341,0.00168037
2023-09-12,M2 FFF,-2.53657,0.0136435
2023-09-13,M2 FFF,-3.23557,0.00101718
2023-09-14,M2 FFF,-3.21382,0.000992822
2023-09-15,M2 FFF,-3.40722,0.000726011
2023-09-16,M2 FFF,-3.56501,0.000555742
2023-09-17,M2 FFF,-3.65399,0.000547294
2023-09-18,M2 FFF,-3.14773,0.00182114
2023-09-19,M2 FFF,-3.22176,0.00107518
2023-09-20,M2 FFF,-3.21624,0.00413466
2023-09-21,M2 FFF,-3.50239,0.000469773
2023-09-22,M2 FFF,-3.57082,0.000523171
2023-09-23,M2 FFF,-3.73689,0.000552694
2023-09-24,M2 FFF,-3.64516,0.000928447
2023-09-25,M2 FFF,-3.47879,0.000443997
2023-09-26,M2 FFF,-3.65146,0.000403144
2023-09-27,M2 FFF,-3.55351,0.00051834
2023-09-28,M2 FFF,-3.2613,0.000793754
2023-09-29,M2 FFF,-3.34398,0.00106396
2023-09-30,M2 FFF,-3.72579,0.000486553
2023-10-01,M2 FFF,-2.81947,0.0987474
2023-10-02,M2 FFF,-2.62169,0.00959263
2023-10-03,M2 FFF,-3.33316,0.000868867
2023-10-04,M2 FFF,-3.28544,0.000889931
2023-10-05,M2 FFF,-3.30834,0.00133573
2023-10-06,M2 FFF,-2.96542,0.00762575
2023-10-07,M2 FFF,-3.59877,0.000574831
2023-10-08,M2 FFF,-3.52457,0.000558272
2023-10-09,M2 FFF,-3.36199,0.00106451
2023-10-10,M2 FFF,-3.5363,0.000514637
2023-10-11,M2 FFF,-3.06601,0.00754507
2023-10-12,M2 FFF,-3.54759,0.000449285
2023-10-13,M2 FFF,-3.48852,0.00132451
2023-10-14,M2 FFF,-3.73828,0.000511158
2023-10-15,M2 FFF,-3.68917,0.000473768
2023-10-16,M2 FFF,0.785859,1.67589
2023-10-17,M2 FFF,-3.06406,0.000933312
2023-10-18,M2 FFF,-3.11416,0.00400114
2023-10-19,M2 FFF,-3.22089,0.00160679
2023-10-20,M2 FFF,-2.71715,0.00229019
2023-10-21,M2 FFF,-3.3085,0.000739832
2023-10-22,M2 FFF,-3.33079,0.00074532
2023-10-23,M2 FFF,1.58042,2.01302
2023-10-24,M2 FFF,-1.26019,0.0469615
2023-10-25,M2 FFF,-2.33313,0.00397047
2023-10-26,M2 FFF,-2.64949,0.00286902
2023-10-27,M2 FFF,-2.83828,0.00209843
2023-10-28,M2 FFF,-3.04077,0.00221866
2023-10-29,M2 FFF,-3.12475,0.00133801
2023-10-30,M2 FFF,-3.06454,0.00136398
2023-10-31,M2 FFF,-3.16239,0.00086762
2023-11-01,M2 FFF,-2.84705,0.00644692
2023-11-02,M2 FFF,-2.94494,0.00243828
2023-11-03,M2 FFF,-3.10186,0.000874771
2023-11-04,M2 FFF,-3.37611,0.000883063
2023-11-05,M2 FFF,-3.14824,0.00457581
2023-11-06,M2 FFF,-3.34183,0.0004458
2023-11-07,M2 FFF,-3.09816,0.00260865
2023-11-08,M2 FFF,-3.28247,0.000907347
2023-11-09,M2 FFF,-1.8196,0.0233362
2023-11-10,M2 FFF,-2.93015,0.00225616
2023-11-11,M2 FFF,-3.38149,0.000621685
2023-11-12,M2 FFF,-3.49703,0.000612183
2023-11-13,M2 FFF,-3.20955,0.000909059
2023-11-14,M2 FFF,-2.7516,0.0190034
2023-11-15,M2 FFF,-2.4221,0.0230962
2023-11-16,M2 FFF,-2.54872,0.00401573
2023-11-17,M2 FFF,-2.62856,0.00879391
2023-11-18,M2 FFF,-3.15243,0.00133718
2023-11-19,M2 FFF,-3.14183,0.00198654
2023-11-20,M2 FFF,-2.85113,0.00409671
2023-11-21,M2 FFF,-2.78094,0.0053214
2023-11-22,M2 FFF,-2.80668,0.00194152
2023-11-23,M2 FFF,-3.01678,0.00138501
2023-11-24,M2 FFF,-2.83247,0.00253069
2023-11-25,M2 FFF,-3.30634,0.00120502
2023-11-26,M2 FFF,-3.28133,0.000962676
2023-11-27,M2 FFF,-3.13393,0.000819543
2023-11-28,M2 FFF,-3.12456,0.0011897
2023-11-29,M2 FFF,-3.22161,0.0006213
2023-11-30,M2 FFF,-3.3665,0.000614669
2023-12-01,M2 FFF,-3.23452,0.000788688
2023-12-02,M2 FFF,-3.25102,0.00383261
2023-12-03,M2 FFF,-3.37389,0.000699675
2023-12-04,M2 FFF,-2.40297,0.00485935
2023-12-05,M2 FFF,-2.59824,0.00884741
2023-12-06,M2 FFF,-2.66112,0.00207528
2023-12-07,M2 FFF,-2.94783,0.00120464
2023-12-08,M2 FFF,-3.06626,0.00111718
2023-12-09,M2 FFF,-3.19183,0.00114783
2023-12-10,M2 FFF,-3.33777,0.000867949
2023-12-11,M2 FFF,-0.938708,0.123386
2023-12-12,M2 FFF,-2.52544,0.00294399
2023-12-13,M2 FFF,-2.51581,0.00711502
2023-12-14,M2 FFF,-2.65987,0.0120269
2023-12-15,M2 FFF,-3.0272,0.00087402
2023-12-16,M2 FFF,-3.16528,0.000960252
2023-12-17,M2 FFF,-3.02609,0.00162622
2023-12-18,M2 FFF,-2.67977,0.00251603
2023-12-19,M2 FFF,-2.85883,0.00137929
2023-12-20,M2 FFF,-2.76418,0.00163066
2023-12-21,M2 FFF,-2.98721,0.00100735
2023-12-22,M2 FFF,-3.02536,0.00124256
2023-12-23,M2 FFF,-3.38562,0.000702067
2023-12-24,M2 FFF,-3.21622,0.00493893
2023-12-25,M2 FFF,-3.27504,0.00163025
2023-12-26,M2 FFF,-3.02092,0.00352374
2023-12-27,M2 FFF,-3.12486,0.000693697
2023-12-28,M2 FFF,-3.08752,0.000601493
2023-12-29,M2 FFF,-2.9643,0.00119759
2023-12-30,M2 FFF,-3.30206,0.000581455
2023-12-31,M2 FFF,-3.29777,0.000539391
2023-01-01,M3 FFF+intraday GARCH,-5.15541,1.75477e-05
2023-01-02,M3 FFF+intraday GARCH,-4.54292,0.000244507
2023-01-03,M3 FFF+intraday GARCH,-4.83361,4.31393e-05
2023-01-04,M3 FFF+intraday GARCH,-4.35924,0.000142915
2023-01-05,M3 FFF+intraday GARCH,-4.99885,2.6309e-05
2023-01-06,M3 FFF+intraday GARCH,-4.55617,0.000299615
2023-01-07,M3 FFF+intraday GARCH,-5.35663,1.52782e-05
2023-01-08,M3 FFF+intraday GARCH,-5.10795,0.000120174
2023-01-09,M3 FFF+intraday GARCH,-4.21354,0.000122903
2023-01-10,M3 FFF+intraday GARCH,-4.47897,7.40543e-05
2023-01-11,M3 FFF+intraday GARCH,-3.92624,0.0475671
2023-01-12,M3 FFF+intraday GARCH,-2.07254,0.273218
2023-01-13,M3 FFF+intraday GARCH,-2.89285,0.0150786
2023-01-14,M3 FFF+intraday GARCH,-1.64839,0.202677
2023-01-15,M3 FFF+intraday GARCH,-2.91781,0.0140725
2023-01-16,M3 FFF+intraday GARCH,-1.23753,0.0627281
2023-01-17,M3 FFF+intraday GARCH,-3.05355,0.00672748
2023-01-18,M3 FFF+intraday GARCH,-2.88235,0.0355715
2023-01-19,M3 FFF+intraday GARCH,-3.77374,0.00020813
2023-01-20,M3 FFF+intraday GARCH,-3.15915,0.0177489
2023-01-21,M3 FFF+intraday GARCH,-2.39605,0.0747834
2023-01-22,M3 FFF+intraday GARCH,-2.92349,0.0102429
2023-01-23,M3 FFF+intraday GARCH,-2.87647,0.044702
2023-01-24,M3 FFF+intraday GARCH,-3.08911,0.00311546
2023-01-25,M3 FFF+intraday GARCH,-2.96189,0.0213441
2023-01-26,M3 FFF+intraday GARCH,-3.33861,0.00103022
2023-01-27,M3 FFF+intraday GARCH,-2.96898,0.0052408
2023-01-28,M3 FFF+intraday GARCH,-4.42125,5.45208e-05
2023-01-29,M3 FFF+intraday GARCH,-3.11383,0.0027839
2023-01-30,M3 FFF+intraday GARCH,-3.03501,0.00364344
2023-01-31,M3 FFF+intraday GARCH,-3.48728,0.00147496
2023-02-01,M3 FFF+intraday GARCH,-3.59832,0.00488434
2023-02-02,M3 FFF+intraday GARCH,-2.85271,0.0150393
2023-02-03,M3 FFF+intraday GARCH,-3.50438,0.000944266
2023-02-04,M3 FFF+intraday GARCH,-4.38048,0.000123166
2023-02-05,M3 FFF+intraday GARCH,-4.11767,0.000300184
2023-02-06,M3 FFF+intraday GARCH,-3.48171,0.00109969
2023-02-07,M3 FFF+intraday GARCH,-3.60591,0.00471558
2023-02-08,M3 FFF+intraday GARCH,-3.8716,0.00033644
2023-02-09,M3 FFF+intraday GARCH,-2.95901,0.00429968
2023-02-10,M3 FFF+intraday GARCH,-3.65273,0.000350703
2023-02-11,M3 FFF+intraday GARCH,-4.46545,0.000288487
2023-02-12,M3 FFF+intraday GARCH,-4.28603,0.000158135
2023-02-13,M3 FFF+intraday GARCH,-3.32143,0.000943584
2023-02-14,M3 FFF+intraday GARCH,-3.50277,0.00519979
2023-02-15,M3 FFF+intraday GARCH,-3.12526,0.0331238
2023-02-16,M3 FFF+intraday GARCH,-2.3739,0.0685538
2023-02-17,M3 FFF+intraday GARCH,-2.23473,0.0234201
2023-02-18,M3 FFF+intraday GARCH,-3.70799,0.000399218
2023-02-19,M3 FFF+intraday GARCH,-3.46382,0.00303125
2023-02-20,M3 FFF+intraday GARCH,-2.80336,0.0061799
2023-02-21,M3 FFF+intraday GARCH,-2.7198,0.00271163
2023-02-22,M3 FFF+intraday GARCH,-2.5669,0.0023761
2023-02-23,M3 FFF+intraday GARCH,-2.73787,0.00344977
2023-02-24,M3 FFF+intraday GARCH,-2.74837,0.01949
2023-02-25,M3 FFF+intraday GARCH,-3.7818,0.000292281
2023-02-26,M3 FFF+intraday GARCH,-3.65529,0.000635054
2023-02-27,M3 FFF+intraday GARCH,-3.20333,0.00561954
2023-02-28,M3 FFF+intraday GARCH,-3.42781,0.00141283
2023-03-01,M3 FFF+intraday GARCH,-2.41489,0.00688904
2023-03-02,M3 FFF+intraday GARCH,-3.56086,0.000544946
2023-03-03,M3 FFF+intraday GARCH,-3.38226,0.0443194
2023-03-04,M3 FFF+intraday GARCH,-4.68455,0.000113549
2023-03-05,M3 FFF+intraday GARCH,-3.65711,0.00601522
2023-03-06,M3 FFF+intraday GARCH,-4.16741,0.000347987
2023-03-07,M3 FFF+intraday GARCH,-3.72476,0.00374236
2023-03-08,M3 FFF+intraday GARCH,-3.351,0.00171514
2023-03-09,M3 FFF+intraday GARCH,-3.03783,0.0342476
2023-03-10,M3 FFF+intraday GARCH,-2.1333,0.0111382
2023-03-11,M3 FFF+intraday GARCH,-2.53894,0.00865313
2023-03-12,M3 FFF+intraday GARCH,-2.54105,0.076822
2023-03-13,M3 FFF+intraday GARCH,-1.53201,0.115084
2023-03-14,M3 FFF+intraday GARCH,-1.17184,0.217027
2023-03-15,M3 FFF+intraday GARCH,-1.88849,0.0211756
2023-03-16,M3 FFF+intraday GARCH,-2.09829,0.0152036
2023-03-17,M3 FFF+intraday GARCH,-1.46307,0.0252234
2023-03-18,M3 FFF+intraday GARCH,-2.2428,0.0253263
2023-03-19,M3 FFF+intraday GARCH,-2.56138,0.00638241
2023-03-20,M3 FFF+intraday GARCH,-1.99902,0.0119388
2023-03-21,M3 FFF+intraday GARCH,-2.53159,0.00672429
2023-03-22,M3 FFF+intraday GARCH,-2.63458,0.0502287
2023-03-23,M3 FFF+intraday GARCH,-2.5487,0.0310126
2023-03-25,M3 FFF+intraday GARCH,-3.40116,0.000622561
2023-03-26,M3 FFF+intraday GARCH,-3.08989,0.00224811
2023-03-27,M3 FFF+intraday GARCH,-2.88657,0.019399
2023-03-28,M3 FFF+intraday GARCH,-2.87901,0.00394666
2023-03-29,M3 FFF+intraday GARCH,-2.61868,0.0108079
2023-03-30,M3 FFF+intraday GARCH,-2.46446,0.0261807
2023-03-31,M3 FFF+intraday GARCH,-2.7381,0.00454279
2023-04-01,M3 FFF+intraday GARCH,-3.92461,0.000587986
2023-04-02,M3 FFF+intraday GARCH,-3.97874,0.000282702
2023-04-03,M3 FFF+intraday GARCH,-2.43355,0.0096548
2023-04-04,M3 FFF+intraday GARCH,-3.18463,0.000930786
2023-04-05,M3 FFF+intraday GARCH,-3.14688,0.00362513
2023-04-06,M3 FFF+intraday GARCH,-3.69681,0.000320529
2023-04-07,M3 FFF+intraday GARCH,-4.15957,0.00016064
2023-04-08,M3 FFF+intraday GARCH,-4.7091,8.50567e-05
2023-04-09,M3 FFF+intraday GARCH,-4.10832,0.00069221
2023-04-10,M3 FFF+intraday GARCH,-3.17208,0.0138486
2023-04-11,M3 FFF+intraday GARCH,-3.08524,0.00347396
2023-04-12,M3 FFF+intraday GARCH,-2.99129,0.0141752
2023-04-13,M3 FFF+intraday GARCH,-3.72924,0.00057988
2023-04-14,M3 FFF+intraday GARCH,-2.65542,0.00947129
2023-04-15,M3 FFF+intraday GARCH,-4.49665,5.38665e-05
2023-04-16,M3 FFF+intraday GARCH,-4.29678,0.000495325
2023-04-17,M3 FFF+intraday GARCH,-3.49977,0.0075789
2023-04-18,M3 FFF+intraday GARCH,-3.38118,0.000914663
2023-04-19,M3 FFF+intraday GARCH,-2.89689,0.0102785
2023-04-20,M3 FFF+intraday GARCH,-2.94827,0.00149619
2023-04-21,M3 FFF+intraday GARCH,-3.03823,0.0027787
2023-04-22,M3 FFF+intraday GARCH,-3.94566,0.000191503
2023-04-23,M3 FFF+intraday GARCH,-3.15961,0.00390253
2023-04-24,M3 FFF+intraday GARCH,-3.07007,0.0022416
2023-04-25,M3 FFF+intraday GARCH,-3.28417,0.00143713
2023-04-26,M3 FFF+intraday GARCH,-2.31576,0.115702
2023-04-27,M3 FFF+intraday GARCH,-1.57773,0.0519521
2023-04-28,M3 FFF+intraday GARCH,-3.10615,0.00829787
2023-04-29,M3 FFF+intraday GARCH,-4.43565,0.000118615
2023-04-30,M3 FFF+intraday GARCH,-3.69616,0.00643535
2023-05-01,M3 FFF+intraday GARCH,-2.22863,0.0259388
2023-05-02,M3 FFF+intraday GARCH,-3.35215,0.00243097
2023-05-03,M3 FFF+intraday GARCH,-2.98771,0.00208157
2023-05-04,M3 FFF+intraday GARCH,-3.31937,0.00141261
2023-05-05,M3 FFF+intraday GARCH,-2.82783,0.00515001
2023-05-06,M3 FFF+intraday GARCH,-3.15841,0.00600508
2023-05-07,M3 FFF+intraday GARCH,-3.63425,0.000462624
2023-05-08,M3 FFF+intraday GARCH,-2.29575,0.0245231
2023-05-09,M3 FFF+intraday GARCH,-3.49425,0.000638025
2023-05-10,M3 FFF+intraday GARCH,-2.57643,0.140276
2023-05-11,M3 FFF+intraday GARCH,-3.31282,0.00128759
2023-05-12,M3 FFF+intraday GARCH,-2.45478,0.0105939
2023-05-13,M3 FFF+intraday GARCH,-3.84891,0.000844092
2023-05-14,M3 FFF+intraday GARCH,-4.18429,0.000246763
2023-05-15,M3 FFF+intraday GARCH,-3.48761,0.000936295
2023-05-16,M3 FFF+intraday GARCH,-3.55967,0.000614572
2023-05-17,M3 FFF+intraday GARCH,-3.46729,0.000825629
2023-05-18,M3 FFF+intraday GARCH,-3.16837,0.00316581
2023-05-19,M3 FFF+intraday GARCH,-4.06674,0.00184424
2023-05-20,M3 FFF+intraday GARCH,-4.89889,7.31196e-05
2023-05-21,M3 FFF+intraday GARCH,-4.09695,0.0005051
2023-05-22,M3 FFF+intraday GARCH,-3.94838,0.000493254
2023-05-23,M3 FFF+intraday GARCH,-3.97393,0.000361621
2023-05-24,M3 FFF+intraday GARCH,-3.41905,0.00194013
2023-05-25,M3 FFF+intraday GARCH,-3.63705,0.00179058
2023-05-26,M3 FFF+intraday GARCH,-4.07806,0.000393451
2023-05-27,M3 FFF+intraday GARCH,-4.75566,7.19207e-05
2023-05-28,M3 FFF+intraday GARCH,-3.52916,0.00517641
2023-05-29,M3 FFF+intraday GARCH,-3.59238,0.000676406
2023-05-30,M3 FFF+intraday GARCH,-3.50474,0.000601143
2023-05-31,M3 FFF+intraday GARCH,-3.52614,0.00178373
2023-06-01,M3 FFF+intraday GARCH,-3.28383,0.00339271
2023-06-02,M3 FFF+intraday GARCH,-3.74108,0.000630734
2023-06-03,M3 FFF+intraday GARCH,-4.67178,7.02422e-05
2023-06-04,M3 FFF+intraday GARCH,-4.4745,0.000298995
2023-06-05,M3 FFF+intraday GARCH,-3.37993,0.0391368
2023-06-06,M3 FFF+intraday GARCH,-2.80603,0.00991449
2023-06-07,M3 FFF+intraday GARCH,-2.73671,0.00375085
2023-06-08,M3 FFF+intraday GARCH,-3.52311,0.000602442
2023-06-09,M3 FFF+intraday GARCH,-3.6915,0.000691042
2023-06-10,M3 FFF+intraday GARCH,-2.47313,0.0289354
2023-06-11,M3 FFF+intraday GARCH,-3.88335,0.00064599
2023-06-12,M3 FFF+intraday GARCH,-3.58077,0.00134424
2023-06-13,M3 FFF+intraday GARCH,-3.53376,0.00158631
2023-06-14,M3 FFF+intraday GARCH,-3.67398,0.024655
2023-06-15,M3 FFF+intraday GARCH,-3.45497,0.00215049
2023-06-16,M3 FFF+intraday GARCH,-3.55897,0.00580195
2023-06-17,M3 FFF+intraday GARCH,-3.38614,0.00847043
2023-06-18,M3 FFF+intraday GARCH,-4.14958,0.000266209
2023-06-19,M3 FFF+intraday GARCH,-3.82761,0.00491182
2023-06-20,M3 FFF+intraday GARCH,-3.01688,0.0102099
2023-06-21,M3 FFF+intraday GARCH,-2.37646,0.0122159
2023-06-22,M3 FFF+intraday GARCH,-2.83384,0.00246864
2023-06-23,M3 FFF+intraday GARCH,-2.96436,0.0104947
2023-06-24,M3 FFF+intraday GARCH,-3.75015,0.000461408
2023-06-25,M3 FFF+intraday GARCH,-3.60942,0.000327822
2023-06-26,M3 FFF+intraday GARCH,-3.10517,0.00190792
2023-06-27,M3 FFF+intraday GARCH,-3.42481,0.00271549
2023-06-28,M3 FFF+intraday GARCH,-3.26582,0.00187369
2023-06-29,M3 FFF+intraday GARCH,-3.54664,0.00126841
2023-06-30,M3 FFF+intraday GARCH,-1.85536,0.208446
2023-07-01,M3 FFF+intraday GARCH,-4.66107,4.54888e-05
2023-07-02,M3 FFF+intraday GARCH,-4.0479,0.0031173
2023-07-03,M3 FFF+intraday GARCH,-3.902,0.000639303
2023-07-04,M3 FFF+intraday GARCH,-3.98928,0.000153373
2023-07-05,M3 FFF+intraday GARCH,-4.082,0.000185269
2023-07-06,M3 FFF+intraday GARCH,-3.04127,0.00465772
2023-07-07,M3 FFF+intraday GARCH,-3.55567,0.00152267
2023-07-08,M3 FFF+intraday GARCH,-4.63682,6.84007e-05
2023-07-09,M3 FFF+intraday GARCH,-4.69014,5.5678e-05
2023-07-10,M3 FFF+intraday GARCH,-3.68105,0.00277856
2023-07-11,M3 FFF+intraday GARCH,-3.9898,0.000290508
2023-07-12,M3 FFF+intraday GARCH,-3.93266,0.000634962
2023-07-13,M3 FFF+intraday GARCH,-3.36368,0.00285739
2023-07-14,M3 FFF+intraday GARCH,-3.41427,0.00357318
2023-07-15,M3 FFF+intraday GARCH,-4.91185,2.50332e-05
2023-07-16,M3 FFF+intraday GARCH,-4.61463,9.02912e-05
2023-07-17,M3 FFF+intraday GARCH,-3.76564,0.00221083
2023-07-18,M3 FFF+intraday GARCH,-3.85578,0.000423823
2023-07-19,M3 FFF+intraday GARCH,-4.05831,0.000132824
2023-07-20,M3 FFF+intraday GARCH,-3.85865,0.000635887
2023-07-21,M3 FFF+intraday GARCH,-4.32814,0.000115928
2023-07-22,M3 FFF+intraday GARCH,-4.87241,6.65504e-05
2023-07-23,M3 FFF+intraday GARCH,-4.59291,0.000186
2023-07-24,M3 FFF+intraday GARCH,-3.55368,0.0157882
2023-07-25,M3 FFF+intraday GARCH,-4.52046,0.000144271
2023-07-26,M3 FFF+intraday GARCH,-4.10528,0.000328029
2023-07-27,M3 FFF+intraday GARCH,-4.50366,4.65516e-05
2023-07-28,M3 FFF+intraday GARCH,-4.65423,4.74066e-05
2023-07-29,M3 FFF+intraday GARCH,-5.30433,1.67859e-05
2023-07-30,M3 FFF+intraday GARCH,-4.89877,0.000138618
2023-07-31,M3 FFF+intraday GARCH,-4.35446,0.000408031
2023-08-01,M3 FFF+intraday GARCH,-3.82292,0.00118582
2023-08-02,M3 FFF+intraday GARCH,-3.53089,0.00303674
2023-08-03,M3 FFF+intraday GARCH,-4.27714,8.93909e-05
2023-08-04,M3 FFF+intraday GARCH,-4.51645,0.000105899
2023-08-05,M3 FFF+intraday GARCH,-5.28686,1.6942e-05
2023-08-06,M3 FFF+intraday GARCH,-5.20807,3.10248e-05
2023-08-07,M3 FFF+intraday GARCH,-4.33295,0.000306478
2023-08-08,M3 FFF+intraday GARCH,-3.94062,0.00119879
2023-08-09,M3 FFF+intraday GARCH,-4.02503,0.000310241
2023-08-10,M3 FFF+intraday GARCH,-4.57316,8.14323e-05
2023-08-11,M3 FFF+intraday GARCH,-4.89693,7.45297e-05
2023-08-12,M3 FFF+intraday GARCH,-5.49519,1.38031e-05
2023-08-13,M3 FFF+intraday GARCH,-5.39214,1.69358e-05
2023-08-14,M3 FFF+intraday GARCH,-4.52517,0.000132218
2023-08-15,M3 FFF+intraday GARCH,-4.51634,0.000861469
2023-08-16,M3 FFF+intraday GARCH,-4.39042,0.000225709
2023-08-17,M3 FFF+intraday GARCH,1.27365,24.9593
2023-08-18,M3 FFF+intraday GARCH,-2.6166,0.0116896
2023-08-19,M3 FFF+intraday GARCH,-3.98371,0.000183708
2023-08-20,M3 FFF+intraday GARCH,-4.41642,0.000150189
2023-08-21,M3 FFF+intraday GARCH,-4.10856,0.00016341
2023-08-22,M3 FFF+intraday GARCH,-3.90761,0.0024611
2023-08-23,M3 FFF+intraday GARCH,-3.39078,0.00188429
2023-08-24,M3 FFF+intraday GARCH,-4.01171,0.000170606
2023-08-25,M3 FFF+intraday GARCH,-4.20164,0.000170643
2023-08-26,M3 FFF+intraday GARCH,-5.1214,2.28666e-05
2023-08-27,M3 FFF+intraday GARCH,-5.12944,2.19647e-05
2023-08-28,M3 FFF+intraday GARCH,-4.2653,0.000368193
2023-08-29,M3 FFF+intraday GARCH,-2.95805,0.0834415
2023-08-30,M3 FFF+intraday GARCH,-3.70471,0.000369564
2023-08-31,M3 FFF+intraday GARCH,-3.54585,0.00308385
2023-09-01,M3 FFF+intraday GARCH,-3.71733,0.00465264
2023-09-02,M3 FFF+intraday GARCH,-4.74665,3.38073e-05
2023-09-03,M3 FFF+intraday GARCH,-4.55932,0.000199994
2023-09-04,M3 FFF+intraday GARCH,-4.34463,0.00012002
2023-09-05,M3 FFF+intraday GARCH,-4.2515,0.000137347
2023-09-06,M3 FFF+intraday GARCH,-4.26927,0.000435067
2023-09-07,M3 FFF+intraday GARCH,-4.09557,0.00281285
2023-09-08,M3 FFF+intraday GARCH,-3.81654,0.000922663
2023-09-09,M3 FFF+intraday GARCH,-5.16601,1.98835e-05
2023-09-10,M3 FFF+intraday GARCH,-4.61481,0.000144603
2023-09-11,M3 FFF+intraday GARCH,-3.51284,0.00160109
2023-09-12,M3 FFF+intraday GARCH,-2.65701,0.0143861
2023-09-13,M3 FFF+intraday GARCH,-3.62295,0.000772247
2023-09-14,M3 FFF+intraday GARCH,-3.68658,0.000705864
2023-09-15,M3 FFF+intraday GARCH,-4.05421,0.000328545
2023-09-16,M3 FFF+intraday GARCH,-4.52716,5.02633e-05
2023-09-17,M3 FFF+intraday GARCH,-4.88438,2.62019e-05
2023-09-18,M3 FFF+intraday GARCH,-3.39935,0.00171372
2023-09-19,M3 FFF+intraday GARCH,-3.57939,0.000995466
2023-09-20,M3 FFF+intraday GARCH,-3.38042,0.00426982
2023-09-21,M3 FFF+intraday GARCH,-4.03695,0.000194507
2023-09-22,M3 FFF+intraday GARCH,-4.34752,0.000113845
2023-09-23,M3 FFF+intraday GARCH,-5.26252,1.62505e-05
2023-09-24,M3 FFF+intraday GARCH,-4.87587,0.000563326
2023-09-25,M3 FFF+intraday GARCH,-3.91623,0.00019607
2023-09-26,M3 FFF+intraday GARCH,-4.44644,4.91262e-05
2023-09-27,M3 FFF+intraday GARCH,-4.19652,0.000310591
2023-09-28,M3 FFF+intraday GARCH,-3.48428,0.000729339
2023-09-29,M3 FFF+intraday GARCH,-3.74361,0.000884414
2023-09-30,M3 FFF+intraday GARCH,-4.99407,2.4667e-05
2023-10-01,M3 FFF+intraday GARCH,-2.77144,0.104919
2023-10-02,M3 FFF+intraday GARCH,-2.60984,0.0100943
2023-10-03,M3 FFF+intraday GARCH,-3.70757,0.000640747
2023-10-04,M3 FFF+intraday GARCH,-3.70451,0.00064232
2023-10-05,M3 FFF+intraday GARCH,-3.89566,0.00114873
2023-10-06,M3 FFF+intraday GARCH,-3.18374,0.00786787
2023-10-07,M3 FFF+intraday GARCH,-4.68807,4.62478e-05
2023-10-08,M3 FFF+intraday GARCH,-4.24829,0.000209334
2023-10-09,M3 FFF+intraday GARCH,-3.76499,0.000905919
2023-10-10,M3 FFF+intraday GARCH,-4.23905,0.000229452
2023-10-11,M3 FFF+intraday GARCH,-3.13948,0.00781871
2023-10-12,M3 FFF+intraday GARCH,-4.221,8.44448e-05
2023-10-13,M3 FFF+intraday GARCH,-4.01071,0.00109407
2023-10-14,M3 FFF+intraday GARCH,-5.06914,2.17612e-05
2023-10-15,M3 FFF+intraday GARCH,-4.83694,8.54734e-05
2023-10-16,M3 FFF+intraday GARCH,1.95068,1.72849
2023-10-17,M3 FFF+intraday GARCH,-3.2773,0.000707783
2023-10-18,M3 FFF+intraday GARCH,-3.28242,0.00393215
2023-10-19,M3 FFF+intraday GARCH,-3.59131,0.00141511
2023-10-20,M3 FFF+intraday GARCH,-2.99164,0.00218338
2023-10-21,M3 FFF+intraday GARCH,-3.93395,0.000265721
2023-10-22,M3 FFF+intraday GARCH,-3.96628,0.000259275
2023-10-23,M3 FFF+intraday GARCH,-1.6642,2.0834
2023-10-24,M3 FFF+intraday GARCH,-1.3826,0.0582164
2023-10-25,M3 FFF+intraday GARCH,-2.44002,0.00328425
2023-10-26,M3 FFF+intraday GARCH,-3.23321,0.00164632
2023-10-27,M3 FFF+intraday GARCH,-3.48397,0.000784375
2023-10-28,M3 FFF+intraday GARCH,-4.2339,0.000819975
2023-10-29,M3 FFF+intraday GARCH,-4.19592,0.000231646
2023-10-30,M3 FFF+intraday GARCH,-3.62117,0.000746855
2023-10-31,M3 FFF+intraday GARCH,-3.7145,0.000262234
2023-11-01,M3 FFF+intraday GARCH,-3.40235,0.00619959
2023-11-02,M3 FFF+intraday GARCH,-3.10133,0.00240502
2023-11-03,M3 FFF+intraday GARCH,-3.37625,0.000587675
2023-11-04,M3 FFF+intraday GARCH,-4.21811,0.000331511
2023-11-05,M3 FFF+intraday GARCH,-3.54204,0.00447762
2023-11-06,M3 FFF+intraday GARCH,-3.66645,0.000215587
2023-11-07,M3 FFF+intraday GARCH,-3.32713,0.00256659
2023-11-08,M3 FFF+intraday GARCH,-3.74108,0.000697029
2023-11-09,M3 FFF+intraday GARCH,-2.24355,0.0218958
2023-11-10,M3 FFF+intraday GARCH,-3.02198,0.0023082
2023-11-11,M3 FFF+intraday GARCH,-3.92059,0.000231773
2023-11-12,M3 FFF+intraday GARCH,-4.2546,0.000194223
2023-11-13,M3 FFF+intraday GARCH,-3.46225,0.00074277
2023-11-14,M3 FFF+intraday GARCH,-3.07477,0.0196669
2023-11-15,M3 FFF+intraday GARCH,-2.65207,0.0210723
2023-11-16,M3 FFF+intraday GARCH,-2.69517,0.00391786
2023-11-17,M3 FFF+intraday GARCH,-2.79915,0.00883617
2023-11-18,M3 FFF+intraday GARCH,-4.27932,0.000104079
2023-11-19,M3 FFF+intraday GARCH,-4.0776,0.00112241
2023-11-20,M3 FFF+intraday GARCH,-3.17447,0.00388417
2023-11-21,M3 FFF+intraday GARCH,-3.30574,0.00510973
2023-11-22,M3 FFF+intraday GARCH,-3.02581,0.00170696
2023-11-23,M3 FFF+intraday GARCH,-3.86122,0.000165003
2023-11-24,M3 FFF+intraday GARCH,-3.41207,0.00210202
2023-11-25,M3 FFF+intraday GARCH,-4.82069,2.946e-05
2023-11-26,M3 FFF+intraday GARCH,-4.33014,0.000250544
2023-11-27,M3 FFF+intraday GARCH,-3.46303,0.000485788
2023-11-28,M3 FFF+intraday GARCH,-3.51452,0.000907587
2023-11-29,M3 FFF+intraday GARCH,-3.58399,0.000308483
2023-11-30,M3 FFF+intraday GARCH,-3.94441,0.000236487
2023-12-01,M3 FFF+intraday GARCH,-3.54121,0.000552102
2023-12-02,M3 FFF+intraday GARCH,-4.115,0.00328062
2023-12-03,M3 FFF+intraday GARCH,-4.10418,0.000279815
2023-12-04,M3 FFF+intraday GARCH,-2.40161,0.00518683
2023-12-05,M3 FFF+intraday GARCH,-3.01133,0.00804833
2023-12-06,M3 FFF+intraday GARCH,-2.79505,0.00176181
2023-12-07,M3 FFF+intraday GARCH,-3.49623,0.000592159
2023-12-08,M3 FFF+intraday GARCH,-3.54068,0.000556028
2023-12-09,M3 FFF+intraday GARCH,-3.88981,0.000441255
2023-12-10,M3 FFF+intraday GARCH,-4.36651,6.98655e-05
2023-12-11,M3 FFF+intraday GARCH,-2.0961,0.124903
2023-12-12,M3 FFF+intraday GARCH,-2.61896,0.00284349
2023-12-13,M3 FFF+intraday GARCH,-2.43362,0.00744129
2023-12-14,M3 FFF+intraday GARCH,-2.95304,0.0115974
2023-12-15,M3 FFF+intraday GARCH,-3.45222,0.000344548
2023-12-16,M3 FFF+intraday GARCH,-3.9025,0.00014192
2023-12-17,M3 FFF+intraday GARCH,-3.3343,0.00125663
2023-12-18,M3 FFF+intraday GARCH,-2.73213,0.00258512
2023-12-19,M3 FFF+intraday GARCH,-3.05734,0.00116165
2023-12-20,M3 FFF+intraday GARCH,-2.83256,0.00160191
2023-12-21,M3 FFF+intraday GARCH,-3.20219,0.000709348
2023-12-22,M3 FFF+intraday GARCH,-3.31619,0.000885606
2023-12-23,M3 FFF+intraday GARCH,-4.21155,8.4459e-05
2023-12-24,M3 FFF+intraday GARCH,-3.63391,0.0047729
2023-12-25,M3 FFF+intraday GARCH,-3.712,0.00142398
2023-12-26,M3 FFF+intraday GARCH,-3.27198,0.00341581
2023-12-27,M3 FFF+intraday GARCH,-3.30098,0.000523368
2023-12-28,M3 FFF+intraday GARCH,-3.23813,0.000449408
2023-12-29,M3 FFF+intraday GARCH,-3.14671,0.00105499
2023-12-30,M3 FFF+intraday GARCH,-3.71721,0.000243019
2023-12-31,M3 FFF+intraday GARCH,-3.65197,0.000250557
2023-01-01,M4 raw intraday GARCH,-5.23949,1.36693e-05
2023-01-02,M4 raw intraday GARCH,-4.63009,0.000241922
2023-01-03,M4 raw intraday GARCH,-4.86781,4.11817e-05
2023-01-04,M4 raw intraday GARCH,-4.41033,0.00014077
2023-01-05,M4 raw intraday GARCH,-5.02801,2.34164e-05
2023-01-06,M4 raw intraday GARCH,-4.5396,0.000299485
2023-01-07,M4 raw intraday GARCH,-5.4616,1.13658e-05
2023-01-08,M4 raw intraday GARCH,-5.15852,0.000117888
2023-01-09,M4 raw intraday GARCH,-4.2081,0.000123859
2023-01-10,M4 raw intraday GARCH,-4.48251,7.34763e-05
2023-01-11,M4 raw intraday GARCH,-3.95282,0.0477593
2023-01-12,M4 raw intraday GARCH,-2.06495,0.275691
2023-01-13,M4 raw intraday GARCH,-2.87963,0.0152344
2023-01-14,M4 raw intraday GARCH,-1.63656,0.206767
2023-01-15,M4 raw intraday GARCH,-2.91561,0.0143528
2023-01-16,M4 raw intraday GARCH,-1.27379,0.0632411
2023-01-17,M4 raw intraday GARCH,-3.02698,0.00687314
2023-01-18,M4 raw intraday GARCH,-2.89468,0.0361607
2023-01-19,M4 raw intraday GARCH,-3.77467,0.000208326
2023-01-20,M4 raw intraday GARCH,-3.15996,0.0179373
2023-01-21,M4 raw intraday GARCH,-2.39207,0.0745892
2023-01-22,M4 raw intraday GARCH,-2.90598,0.0103428
2023-01-23,M4 raw intraday GARCH,-2.86648,0.045294
2023-01-24,M4 raw intraday GARCH,-3.07905,0.00314178
2023-01-25,M4 raw intraday GARCH,-2.9525,0.0215958
2023-01-26,M4 raw intraday GARCH,-3.31906,0.00103289
2023-01-27,M4 raw intraday GARCH,-3.00066,0.00532679
2023-01-28,M4 raw intraday GARCH,-4.46027,5.09461e-05
2023-01-29,M4 raw intraday GARCH,-3.12206,0.00281572
2023-01-30,M4 raw intraday GARCH,-3.01847,0.00365285
2023-01-31,M4 raw intraday GARCH,-3.47582,0.0014912
2023-02-01,M4 raw intraday GARCH,-3.59504,0.00493063
2023-02-02,M4 raw intraday GARCH,-2.85211,0.0154136
2023-02-03,M4 raw intraday GARCH,-3.48357,0.000962248
2023-02-04,M4 raw intraday GARCH,-4.40401,0.000119748
2023-02-05,M4 raw intraday GARCH,-4.10402,0.000300348
2023-02-06,M4 raw intraday GARCH,-3.47595,0.00111478
2023-02-07,M4 raw intraday GARCH,-3.6094,0.0047613
2023-02-08,M4 raw intraday GARCH,-3.85593,0.000346174
2023-02-09,M4 raw intraday GARCH,-2.95821,0.00433107
2023-02-10,M4 raw intraday GARCH,-3.64183,0.000351511
2023-02-11,M4 raw intraday GARCH,-4.51373,0.000286814
2023-02-12,M4 raw intraday GARCH,-4.30024,0.000156659
2023-02-13,M4 raw intraday GARCH,-3.33804,0.000944957
2023-02-14,M4 raw intraday GARCH,-3.4741,0.00534476
2023-02-15,M4 raw intraday GARCH,-3.09907,0.0334053
2023-02-16,M4 raw intraday GARCH,-2.33485,0.0697336
2023-02-17,M4 raw intraday GARCH,-2.20311,0.0238661
2023-02-18,M4 raw intraday GARCH,-3.73451,0.00039013
2023-02-19,M4 raw intraday GARCH,-3.47764,0.00308166
2023-02-20,M4 raw intraday GARCH,-2.79877,0.00626123
2023-02-21,M4 raw intraday GARCH,-2.72039,0.00272423
2023-02-22,M4 raw intraday GARCH,-2.55882,0.00240248
2023-02-23,M4 raw intraday GARCH,-2.72968,0.00343898
2023-02-24,M4 raw intraday GARCH,-2.73942,0.0197936
2023-02-25,M4 raw intraday GARCH,-3.7871,0.000288653
2023-02-26,M4 raw intraday GARCH,-3.65649,0.00063747
2023-02-27,M4 raw intraday GARCH,-3.19166,0.00570425
2023-02-28,M4 raw intraday GARCH,-3.41531,0.00143279
2023-03-01,M4 raw intraday GARCH,-2.42218,0.00694078
2023-03-02,M4 raw intraday GARCH,-3.55292,0.000551141
2023-03-03,M4 raw intraday GARCH,-3.41702,0.0455153
2023-03-04,M4 raw intraday GARCH,-4.75243,0.000108778
2023-03-05,M4 raw intraday GARCH,-3.74539,0.00611026
2023-03-06,M4 raw intraday GARCH,-4.20344,0.000348844
2023-03-07,M4 raw intraday GARCH,-3.67262,0.00384748
2023-03-08,M4 raw intraday GARCH,-3.31565,0.00173911
2023-03-09,M4 raw intraday GARCH,-3.02526,0.0346032
2023-03-10,M4 raw intraday GARCH,-2.11542,0.0113994
2023-03-11,M4 raw intraday GARCH,-2.55091,0.00868625
2023-03-12,M4 raw intraday GARCH,-2.52465,0.0777689
2023-03-13,M4 raw intraday GARCH,-1.51653,0.117952
2023-03-14,M4 raw intraday GARCH,-1.13765,0.218434
2023-03-15,M4 raw intraday GARCH,-1.87196,0.0213895
2023-03-16,M4 raw intraday GARCH,-2.08241,0.0152928
2023-03-17,M4 raw intraday GARCH,-1.48102,0.0255377
2023-03-18,M4 raw intraday GARCH,-2.23721,0.0257892
2023-03-19,M4 raw intraday GARCH,-2.53695,0.00644141
2023-03-20,M4 raw intraday GARCH,-2.00622,0.011996
2023-03-21,M4 raw intraday GARCH,-2.52322,0.00675421
2023-03-22,M4 raw intraday GARCH,-2.63699,0.0505632
2023-03-23,M4 raw intraday GARCH,-2.52763,0.031541
2023-03-25,M4 raw intraday GARCH,-3.40723,0.000618862
2023-03-26,M4 raw intraday GARCH,-3.05354,0.00226319
2023-03-27,M4 raw intraday GARCH,-2.86704,0.019781
2023-03-28,M4 raw intraday GARCH,-2.87296,0.00395632
2023-03-29,M4 raw intraday GARCH,-2.62511,0.0108991
2023-03-30,M4 raw intraday GARCH,-2.46123,0.0263543
2023-03-31,M4 raw intraday GARCH,-2.69955,0.00460389
2023-04-01,M4 raw intraday GARCH,-3.95739,0.000592228
2023-04-02,M4 raw intraday GARCH,-3.96771,0.000283229
2023-04-03,M4 raw intraday GARCH,-2.44411,0.00976234
2023-04-04,M4 raw intraday GARCH,-3.17217,0.000933401
2023-04-05,M4 raw intraday GARCH,-3.11267,0.00371067
2023-04-06,M4 raw intraday GARCH,-3.68369,0.000325292
2023-04-07,M4 raw intraday GARCH,-4.19755,0.000156303
2023-04-08,M4 raw intraday GARCH,-4.79605,8.04624e-05
2023-04-09,M4 raw intraday GARCH,-4.10433,0.000696473
2023-04-10,M4 raw intraday GARCH,-3.15737,0.0140005
2023-04-11,M4 raw intraday GARCH,-3.08577,0.00350712
2023-04-12,M4 raw intraday GARCH,-2.87189,0.014196
2023-04-13,M4 raw intraday GARCH,-3.73929,0.000584245
2023-04-14,M4 raw intraday GARCH,-2.59224,0.0096806
2023-04-15,M4 raw intraday GARCH,-4.53015,5.18864e-05
2023-04-16,M4 raw intraday GARCH,-4.26886,0.00049635
2023-04-17,M4 raw intraday GARCH,-3.48337,0.00759721
2023-04-18,M4 raw intraday GARCH,-3.3606,0.000916012
2023-04-19,M4 raw intraday GARCH,-2.89988,0.0103598
2023-04-20,M4 raw intraday GARCH,-2.9429,0.00150166
2023-04-21,M4 raw intraday GARCH,-3.01614,0.002814
2023-04-22,M4 raw intraday GARCH,-3.96146,0.000190623
2023-04-23,M4 raw intraday GARCH,-3.11225,0.00398905
2023-04-24,M4 raw intraday GARCH,-3.06289,0.00231321
2023-04-25,M4 raw intraday GARCH,-3.28369,0.00144822
2023-04-26,M4 raw intraday GARCH,-2.29961,0.116998
2023-04-27,M4 raw intraday GARCH,-1.55721,0.0532231
2023-04-28,M4 raw intraday GARCH,-3.05901,0.00836907
2023-04-29,M4 raw intraday GARCH,-4.46664,0.000114806
2023-04-30,M4 raw intraday GARCH,-3.68674,0.00654539
2023-05-01,M4 raw intraday GARCH,-2.3102,0.0263777
2023-05-02,M4 raw intraday GARCH,-3.33552,0.00249526
2023-05-03,M4 raw intraday GARCH,-2.9606,0.00211029
2023-05-04,M4 raw intraday GARCH,-3.30478,0.00142483
2023-05-05,M4 raw intraday GARCH,-2.84651,0.00521295
2023-05-06,M4 raw intraday GARCH,-3.1301,0.00608097
2023-05-07,M4 raw intraday GARCH,-3.63225,0.000465979
2023-05-08,M4 raw intraday GARCH,-2.34604,0.0248546
2023-05-09,M4 raw intraday GARCH,-3.49651,0.000642837
2023-05-10,M4 raw intraday GARCH,-2.55015,0.142012
2023-05-11,M4 raw intraday GARCH,-3.29648,0.00130969
2023-05-12,M4 raw intraday GARCH,-2.46041,0.0106813
2023-05-13,M4 raw intraday GARCH,-3.85208,0.000848144
2023-05-14,M4 raw intraday GARCH,-4.17725,0.000251066
2023-05-15,M4 raw intraday GARCH,-3.49095,0.00095674
2023-05-16,M4 raw intraday GARCH,-3.55385,0.000625328
2023-05-17,M4 raw intraday GARCH,-3.45361,0.000829725
2023-05-18,M4 raw intraday GARCH,-3.13553,0.00320494
2023-05-19,M4 raw intraday GARCH,-4.06463,0.00191203
2023-05-20,M4 raw intraday GARCH,-4.93053,6.97383e-05
2023-05-21,M4 raw intraday GARCH,-4.06819,0.000512883
2023-05-22,M4 raw intraday GARCH,-3.93124,0.000503094
2023-05-23,M4 raw intraday GARCH,-4.00697,0.000362224
2023-05-24,M4 raw intraday GARCH,-3.42203,0.00196346
2023-05-25,M4 raw intraday GARCH,-3.65028,0.00182478
2023-05-26,M4 raw intraday GARCH,-4.07556,0.0004021
2023-05-27,M4 raw intraday GARCH,-4.78056,6.8444e-05
2023-05-28,M4 raw intraday GARCH,-3.52323,0.00523177
2023-05-29,M4 raw intraday GARCH,-3.58908,0.000701848
2023-05-30,M4 raw intraday GARCH,-3.5078,0.000604427
2023-05-31,M4 raw intraday GARCH,-3.53584,0.00179288
2023-06-01,M4 raw intraday GARCH,-3.29635,0.00342728
2023-06-02,M4 raw intraday GARCH,-3.73312,0.000648065
2023-06-03,M4 raw intraday GARCH,-4.70403,6.77313e-05
2023-06-04,M4 raw intraday GARCH,-4.50185,0.000299424
2023-06-05,M4 raw intraday GARCH,-3.35871,0.0399992
2023-06-06,M4 raw intraday GARCH,-2.67778,0.00997677
2023-06-07,M4 raw intraday GARCH,-2.7249,0.00379996
2023-06-08,M4 raw intraday GARCH,-3.51992,0.000603619
2023-06-09,M4 raw intraday GARCH,-3.71467,0.000693202
2023-06-10,M4 raw intraday GARCH,-2.51701,0.0290875
2023-06-11,M4 raw intraday GARCH,-3.8956,0.000650873
2023-06-12,M4 raw intraday GARCH,-3.61924,0.00135001
2023-06-13,M4 raw intraday GARCH,-3.52604,0.00158949
2023-06-14,M4 raw intraday GARCH,-3.67637,0.0249174
2023-06-15,M4 raw intraday GARCH,-3.4434,0.00216869
2023-06-16,M4 raw intraday GARCH,-3.53382,0.00588551
2023-06-17,M4 raw intraday GARCH,-3.42009,0.00852215
2023-06-18,M4 raw intraday GARCH,-4.14142,0.000266893
2023-06-19,M4 raw intraday GARCH,-3.81499,0.00494933
2023-06-20,M4 raw intraday GARCH,-3.00091,0.0103097
2023-06-21,M4 raw intraday GARCH,-2.36759,0.0125088
2023-06-22,M4 raw intraday GARCH,-2.81556,0.00249287
2023-06-23,M4 raw intraday GARCH,-2.94026,0.0106969
2023-06-24,M4 raw intraday GARCH,-3.76117,0.00046759
2023-06-25,M4 raw intraday GARCH,-3.61709,0.000326342
2023-06-26,M4 raw intraday GARCH,-3.07984,0.00195054
2023-06-27,M4 raw intraday GARCH,-3.39943,0.00274196
2023-06-28,M4 raw intraday GARCH,-3.23202,0.00188912
2023-06-29,M4 raw intraday GARCH,-3.53109,0.00127788
2023-06-30,M4 raw intraday GARCH,-1.72582,0.210084
2023-07-01,M4 raw intraday GARCH,-4.70659,4.0792e-05
2023-07-02,M4 raw intraday GARCH,-4.02532,0.00316977
2023-07-03,M4 raw intraday GARCH,-3.89166,0.000649072
2023-07-04,M4 raw intraday GARCH,-4.01267,0.000150303
2023-07-05,M4 raw intraday GARCH,-4.07519,0.000180635
2023-07-06,M4 raw intraday GARCH,-3.02007,0.00470354
2023-07-07,M4 raw intraday GARCH,-3.50274,0.00155306
2023-07-08,M4 raw intraday GARCH,-4.6819,6.44304e-05
2023-07-09,M4 raw intraday GARCH,-4.71461,5.34377e-05
2023-07-10,M4 raw intraday GARCH,-3.67972,0.00281868
2023-07-11,M4 raw intraday GARCH,-3.98176,0.000295295
2023-07-12,M4 raw intraday GARCH,-3.91754,0.000640178
2023-07-13,M4 raw intraday GARCH,-3.34016,0.00290123
2023-07-14,M4 raw intraday GARCH,-3.4177,0.0036066
2023-07-15,M4 raw intraday GARCH,-4.99516,2.01771e-05
2023-07-16,M4 raw intraday GARCH,-4.69257,8.6693e-05
2023-07-17,M4 raw intraday GARCH,-3.75386,0.00221992
2023-07-18,M4 raw intraday GARCH,-3.84443,0.000427536
2023-07-19,M4 raw intraday GARCH,-4.06117,0.000131531
2023-07-20,M4 raw intraday GARCH,-3.85762,0.000642832
2023-07-21,M4 raw intraday GARCH,-4.33565,0.00011455
2023-07-22,M4 raw intraday GARCH,-4.94112,6.30781e-05
2023-07-23,M4 raw intraday GARCH,-4.62493,0.000183725
2023-07-24,M4 raw intraday GARCH,-3.60486,0.0157696
2023-07-25,M4 raw intraday GARCH,-4.54131,0.000141453
2023-07-26,M4 raw intraday GARCH,-4.13396,0.000328457
2023-07-27,M4 raw intraday GARCH,-4.52365,4.26953e-05
2023-07-28,M4 raw intraday GARCH,-4.6804,4.43784e-05
2023-07-29,M4 raw intraday GARCH,-5.40572,1.22599e-05
2023-07-30,M4 raw intraday GARCH,-4.89581,0.00013705
2023-07-31,M4 raw intraday GARCH,-4.34662,0.000416778
2023-08-01,M4 raw intraday GARCH,-3.84772,0.00119577
2023-08-02,M4 raw intraday GARCH,-3.51926,0.00307755
2023-08-03,M4 raw intraday GARCH,-4.29053,8.85456e-05
2023-08-04,M4 raw intraday GARCH,-4.51981,0.000105473
2023-08-05,M4 raw intraday GARCH,-5.36942,1.27703e-05
2023-08-06,M4 raw intraday GARCH,-5.27403,2.74083e-05
2023-08-07,M4 raw intraday GARCH,-4.32131,0.000310088
2023-08-08,M4 raw intraday GARCH,-3.91177,0.00120883
2023-08-09,M4 raw intraday GARCH,-4.00634,0.000313313
2023-08-10,M4 raw intraday GARCH,-4.59579,8.04207e-05
2023-08-11,M4 raw intraday GARCH,-4.9278,7.2454e-05
2023-08-12,M4 raw intraday GARCH,-5.6163,9.67307e-06
2023-08-13,M4 raw intraday GARCH,-5.49104,1.29898e-05
2023-08-14,M4 raw intraday GARCH,-4.55636,0.000131973
2023-08-15,M4 raw intraday GARCH,-4.48151,0.000864362
2023-08-16,M4 raw intraday GARCH,-4.3752,0.00022531
2023-08-17,M4 raw intraday GARCH,1.11894,25.1982
2023-08-18,M4 raw intraday GARCH,-2.6119,0.00962626
2023-08-19,M4 raw intraday GARCH,-4.00444,0.000182154
2023-08-20,M4 raw intraday GARCH,-4.43949,0.000148302
2023-08-21,M4 raw intraday GARCH,-4.11609,0.000162816
2023-08-22,M4 raw intraday GARCH,-3.91802,0.00248463
2023-08-23,M4 raw intraday GARCH,-3.36373,0.00191575
2023-08-24,M4 raw intraday GARCH,-4.01093,0.000170541
2023-08-25,M4 raw intraday GARCH,-4.2145,0.00017213
2023-08-26,M4 raw intraday GARCH,-5.23849,1.78994e-05
2023-08-27,M4 raw intraday GARCH,-5.195,1.74645e-05
2023-08-28,M4 raw intraday GARCH,-4.25948,0.000366463
2023-08-29,M4 raw intraday GARCH,-2.87301,0.0847542
2023-08-30,M4 raw intraday GARCH,-3.71007,0.000372219
2023-08-31,M4 raw intraday GARCH,-3.5188,0.00311114
2023-09-01,M4 raw intraday GARCH,-3.72349,0.00470282
2023-09-02,M4 raw intraday GARCH,-4.82495,2.73436e-05
2023-09-03,M4 raw intraday GARCH,-4.58513,0.000193654
2023-09-04,M4 raw intraday GARCH,-4.37055,0.000117861
2023-09-05,M4 raw intraday GARCH,-4.27816,0.000135343
2023-09-06,M4 raw intraday GARCH,-4.2679,0.000438619
2023-09-07,M4 raw intraday GARCH,-4.09649,0.00284232
2023-09-08,M4 raw intraday GARCH,-3.83679,0.000908271
2023-09-09,M4 raw intraday GARCH,-5.25387,1.51446e-05
2023-09-10,M4 raw intraday GARCH,-4.64925,0.000142575
2023-09-11,M4 raw intraday GARCH,-3.49056,0.00162968
2023-09-12,M4 raw intraday GARCH,-2.67371,0.0143602
2023-09-13,M4 raw intraday GARCH,-3.61294,0.000779353
2023-09-14,M4 raw intraday GARCH,-3.67097,0.000738152
2023-09-15,M4 raw intraday GARCH,-4.05092,0.000326756
2023-09-16,M4 raw intraday GARCH,-4.57842,4.64866e-05
2023-09-17,M4 raw intraday GARCH,-4.93367,2.2713e-05
2023-09-18,M4 raw intraday GARCH,-3.39932,0.00172857
2023-09-19,M4 raw intraday GARCH,-3.56424,0.00100761
2023-09-20,M4 raw intraday GARCH,-3.37353,0.00429915
2023-09-21,M4 raw intraday GARCH,-4.04795,0.000189541
2023-09-22,M4 raw intraday GARCH,-4.36017,0.000114263
2023-09-23,M4 raw intraday GARCH,-5.37255,1.19629e-05
2023-09-24,M4 raw intraday GARCH,-4.93159,0.000563314
2023-09-25,M4 raw intraday GARCH,-3.91597,0.000198838
2023-09-26,M4 raw intraday GARCH,-4.45483,4.61204e-05
2023-09-27,M4 raw intraday GARCH,-4.17028,0.000312068
2023-09-28,M4 raw intraday GARCH,-3.46433,0.000745782
2023-09-29,M4 raw intraday GARCH,-3.74209,0.000901838
2023-09-30,M4 raw intraday GARCH,-5.02844,2.10224e-05
2023-10-01,M4 raw intraday GARCH,-2.73887,0.105892
2023-10-02,M4 raw intraday GARCH,-2.59924,0.0101826
2023-10-03,M4 raw intraday GARCH,-3.68169,0.000641383
2023-10-04,M4 raw intraday GARCH,-3.70574,0.000647838
2023-10-05,M4 raw intraday GARCH,-3.8734,0.00117517
2023-10-06,M4 raw intraday GARCH,-3.13466,0.00794449
2023-10-07,M4 raw intraday GARCH,-4.7411,4.30808e-05
2023-10-08,M4 raw intraday GARCH,-4.26483,0.000207815
2023-10-09,M4 raw intraday GARCH,-3.76642,0.000907483
2023-10-10,M4 raw intraday GARCH,-4.22544,0.000233564
2023-10-11,M4 raw intraday GARCH,-3.21152,0.0078847
2023-10-12,M4 raw intraday GARCH,-4.23086,8.18199e-05
2023-10-13,M4 raw intraday GARCH,-3.95341,0.00110292
2023-10-14,M4 raw intraday GARCH,-5.14892,1.74613e-05
2023-10-15,M4 raw intraday GARCH,-4.85612,8.32898e-05
2023-10-16,M4 raw intraday GARCH,2.26943,1.73966
2023-10-17,M4 raw intraday GARCH,-3.26775,0.000717843
2023-10-18,M4 raw intraday GARCH,-3.29726,0.00392676
2023-10-19,M4 raw intraday GARCH,-3.59803,0.00144181
2023-10-20,M4 raw intraday GARCH,-2.99707,0.00218076
2023-10-21,M4 raw intraday GARCH,-3.94332,0.000262934
2023-10-22,M4 raw intraday GARCH,-3.99888,0.00025874
2023-10-23,M4 raw intraday GARCH,-1.69747,2.10081
2023-10-24,M4 raw intraday GARCH,-1.37808,0.052956
2023-10-25,M4 raw intraday GARCH,-2.42573,0.00333776
2023-10-26,M4 raw intraday GARCH,-3.23179,0.00167414
2023-10-27,M4 raw intraday GARCH,-3.49333,0.000787101
2023-10-28,M4 raw intraday GARCH,-4.27101,0.000803604
2023-10-29,M4 raw intraday GARCH,-4.2206,0.000227663
2023-10-30,M4 raw intraday GARCH,-3.62695,0.000751061
2023-10-31,M4 raw intraday GARCH,-3.71104,0.000263368
2023-11-01,M4 raw intraday GARCH,-3.37369,0.00628527
2023-11-02,M4 raw intraday GARCH,-3.08059,0.00243412
2023-11-03,M4 raw intraday GARCH,-3.37256,0.00059279
2023-11-04,M4 raw intraday GARCH,-4.26386,0.000331051
2023-11-05,M4 raw intraday GARCH,-3.51746,0.00450993
2023-11-06,M4 raw intraday GARCH,-3.66251,0.000204016
2023-11-07,M4 raw intraday GARCH,-3.32398,0.00259032
2023-11-08,M4 raw intraday GARCH,-3.72818,0.000705737
2023-11-09,M4 raw intraday GARCH,-2.24987,0.0222484
2023-11-10,M4 raw intraday GARCH,-3.01438,0.00231067
2023-11-11,M4 raw intraday GARCH,-3.93606,0.000228734
2023-11-12,M4 raw intraday GARCH,-4.27297,0.000195565
2023-11-13,M4 raw intraday GARCH,-3.45999,0.000757962
2023-11-14,M4 raw intraday GARCH,-3.05213,0.0198216
2023-11-15,M4 raw intraday GARCH,-2.64688,0.0212441
2023-11-16,M4 raw intraday GARCH,-2.68684,0.0039652
2023-11-17,M4 raw intraday GARCH,-2.80779,0.00894509
2023-11-18,M4 raw intraday GARCH,-4.29887,9.89177e-05
2023-11-19,M4 raw intraday GARCH,-4.10043,0.00112568
2023-11-20,M4 raw intraday GARCH,-3.1593,0.00392049
2023-11-21,M4 raw intraday GARCH,-3.30701,0.00519312
2023-11-22,M4 raw intraday GARCH,-3.00986,0.00173658
2023-11-23,M4 raw intraday GARCH,-3.87103,0.000158652
2023-11-24,M4 raw intraday GARCH,-3.40477,0.00210977
2023-11-25,M4 raw intraday GARCH,-4.91678,2.27281e-05
2023-11-26,M4 raw intraday GARCH,-4.31939,0.000248881
2023-11-27,M4 raw intraday GARCH,-3.45299,0.00048404
2023-11-28,M4 raw intraday GARCH,-3.50675,0.000914794
2023-11-29,M4 raw intraday GARCH,-3.57883,0.000310432
2023-11-30,M4 raw intraday GARCH,-3.95077,0.000240183
2023-12-01,M4 raw intraday GARCH,-3.54863,0.000555418
2023-12-02,M4 raw intraday GARCH,-4.12813,0.00329954
2023-12-03,M4 raw intraday GARCH,-4.11042,0.00028049
2023-12-04,M4 raw intraday GARCH,-2.40076,0.0052076
2023-12-05,M4 raw intraday GARCH,-3.00339,0.00817985
2023-12-06,M4 raw intraday GARCH,-2.77951,0.00175927
2023-12-07,M4 raw intraday GARCH,-3.49539,0.000578978
2023-12-08,M4 raw intraday GARCH,-3.53801,0.000560418
2023-12-09,M4 raw intraday GARCH,-3.89336,0.000441451
2023-12-10,M4 raw intraday GARCH,-4.40596,6.31473e-05
2023-12-11,M4 raw intraday GARCH,-2.11815,0.12642
2023-12-12,M4 raw intraday GARCH,-2.60405,0.00292139
2023-12-13,M4 raw intraday GARCH,-2.40774,0.00752541
2023-12-14,M4 raw intraday GARCH,-2.92289,0.0117191
2023-12-15,M4 raw intraday GARCH,-3.44239,0.00035186
2023-12-16,M4 raw intraday GARCH,-3.91077,0.00014074
2023-12-17,M4 raw intraday GARCH,-3.34852,0.00126358
2023-12-18,M4 raw intraday GARCH,-2.7275,0.00260992
2023-12-19,M4 raw intraday GARCH,-3.05864,0.00118356
2023-12-20,M4 raw intraday GARCH,-2.82373,0.00163946
2023-12-21,M4 raw intraday GARCH,-3.20347,0.000717679
2023-12-22,M4 raw intraday GARCH,-3.32228,0.000895164
2023-12-23,M4 raw intraday GARCH,-4.24236,7.99341e-05
2023-12-24,M4 raw intraday GARCH,-3.62564,0.00482324
2023-12-25,M4 raw intraday GARCH,-3.69568,0.00142659
2023-12-26,M4 raw intraday GARCH,-3.28455,0.00344661
2023-12-27,M4 raw intraday GARCH,-3.29964,0.000521343
2023-12-28,M4 raw intraday GARCH,-3.2286,0.000460421
2023-12-29,M4 raw intraday GARCH,-3.15431,0.00107634
2023-12-30,M4 raw intraday GARCH,-3.71883,0.000240412
2023-12-31,M4 raw intraday GARCH,-3.65511,0.000250257
2024-01-01,M0 flat,-3.2938,0.000684042
2024-01-02,M0 flat,-2.28248,0.00494112
2024-01-03,M0 flat,2.47099,2.24904
2024-01-04,M0 flat,-2.53046,0.0037219
2024-01-05,M0 flat,-2.23618,0.0329326
2024-01-06,M0 flat,-3.23452,0.000769058
2024-01-07,M0 flat,-3.12483,0.000983779
2024-01-08,M0 flat,-2.08896,0.0118746
2024-01-09,M0 flat,-0.875719,0.428053
2024-01-10,M0 flat,-1.27529,0.0391104
2024-01-11,M0 flat,-1.70077,0.0221855
2024-01-12,M0 flat,-1.0266,0.105205
2024-01-13,M0 flat,-2.5593,0.00231737
2024-01-14,M0 flat,-2.69822,0.0022824
2024-01-15,M0 flat,-2.68489,0.00191757
2024-01-16,M0 flat,-2.5622,0.00865882
2024-01-17,M0 flat,-2.8808,0.00195144
2024-01-18,M0 flat,-2.69904,0.00335551
2024-01-19,M0 flat,-2.63368,0.00290973
2024-01-20,M0 flat,-3.22274,0.000981322
2024-01-21,M0 flat,-3.34997,0.000910904
2024-01-22,M0 flat,-2.34947,0.00356212
2024-01-23,M0 flat,-2.50042,0.00281727
2024-01-24,M0 flat,-2.83125,0.00127711
2024-01-25,M0 flat,-3.14035,0.000845287
2024-01-26,M0 flat,-2.89535,0.001258
2024-01-27,M0 flat,-3.23036,0.000997886
2024-01-28,M0 flat,-3.07015,0.000926509
2024-01-29,M0 flat,-3.00884,0.00137827
2024-01-30,M0 flat,-2.96648,0.00279828
2024-01-31,M0 flat,-2.81642,0.00236762
2024-02-01,M0 flat,-3.03788,0.000888475
2024-02-02,M0 flat,-3.21471,0.00110582
2024-02-03,M0 flat,-3.57429,0.000524287
2024-02-04,M0 flat,-3.48352,0.000676233
2024-02-05,M0 flat,-3.26678,0.000855539
2024-02-06,M0 flat,-3.40635,0.000566171
2024-02-07,M0 flat,-3.24026,0.00152755
2024-02-08,M0 flat,-3.20678,0.000489346
2024-02-09,M0 flat,-2.5457,0.00497681
2024-02-10,M0 flat,-3.27079,0.000696414
2024-02-11,M0 flat,-3.23703,0.000600385
2024-02-12,M0 flat,-2.72395,0.00307128
2024-02-13,M0 flat,-2.67905,0.00738431
2024-02-14,M0 flat,-2.77536,0.00562182
2024-02-15,M0 flat,-2.70468,0.00292899
2024-02-16,M0 flat,-3.04975,0.000923349
2024-02-17,M0 flat,-3.20018,0.00134302
2024-02-18,M0 flat,-3.30535,0.000889274
2024-02-19,M0 flat,-3.30246,0.000532777
2024-02-20,M0 flat,-2.73553,0.0037613
2024-02-21,M0 flat,-3.09845,0.000765493
2024-02-22,M0 flat,-3.0317,0.00176293
2024-02-23,M0 flat,-3.32095,0.000648679
2024-02-24,M0 flat,-3.63486,0.000396053
2024-02-25,M0 flat,-3.59213,0.000379754
2024-02-26,M0 flat,-2.76382,0.00606935
2024-02-27,M0 flat,-1.89719,0.0300477
2024-02-28,M0 flat,-0.818374,0.068548
2024-02-29,M0 flat,-1.75942,0.00964448
2024-03-01,M0 flat,-2.35178,0.00421205
2024-03-02,M0 flat,-2.76873,0.00207764
2024-03-03,M0 flat,-2.82391,0.00179743
2024-03-04,M0 flat,-1.23159,0.215883
2024-03-05,M0 flat,0.044285,0.164531
2024-03-06,M0 flat,-1.37851,0.0247813
2024-03-07,M0 flat,-2.22452,0.00590595
2024-03-08,M0 flat,-1.84623,0.0474135
2024-03-09,M0 flat,-2.83292,0.00239337
2024-03-10,M0 flat,-2.69448,0.00192766
2024-03-11,M0 flat,-2.21648,0.00915715
2024-03-12,M0 flat,-2.19588,0.0073131
2024-03-13,M0 flat,-2.68251,0.0016455
2024-03-14,M0 flat,-1.8448,0.0137045
2024-03-15,M0 flat,0.154826,0.0873312
2024-03-16,M0 flat,-2.15889,0.0122208
2024-03-17,M0 flat,-2.08977,0.00952771
2024-03-18,M0 flat,-2.07698,0.0085456
2024-03-19,M0 flat,-0.869862,0.0239259
2024-03-20,M0 flat,-1.3163,0.0322267
2024-03-21,M0 flat,-1.85143,0.0113093
2024-03-22,M0 flat,-1.92963,0.00758545
2024-03-23,M0 flat,-2.22334,0.00489714
2024-03-24,M0 flat,-2.28517,0.00421169
2024-03-25,M0 flat,-2.23615,0.00445941
2024-03-26,M0 flat,-2.28433,0.004454
2024-03-27,M0 flat,-2.26554,0.00909376
2024-03-28,M0 flat,-2.56491,0.00247138
2024-03-29,M0 flat,-2.81123,0.00187567
2024-03-30,M0 flat,-3.0421,0.00155354
2024-03-31,M0 flat,-3.02385,0.00157901
2024-04-01,M0 flat,-2.78467,0.0029127
2024-04-02,M0 flat,-1.53976,0.140873
2024-04-03,M0 flat,-2.5074,0.00538175
2024-04-04,M0 flat,-2.56736,0.00315437
2024-04-05,M0 flat,-2.35846,0.00531636
2024-04-06,M0 flat,-2.95761,0.00166067
2024-04-07,M0 flat,-2.93666,0.00111587
2024-04-08,M0 flat,-2.68794,0.00392526
2024-04-09,M0 flat,-2.57162,0.00392137
2024-04-10,M0 flat,-2.27364,0.0107897
2024-04-11,M0 flat,-2.61086,0.0066651
2024-04-12,M0 flat,-2.34278,0.0252931
2024-04-13,M0 flat,0.558661,0.823341
2024-04-14,M0 flat,-1.44871,0.037345
2024-04-15,M0 flat,-2.09868,0.00626612
2024-04-16,M0 flat,-1.84742,0.00991174
2024-04-17,M0 flat,-1.62621,0.021149
2024-04-18,M0 flat,-2.09983,0.0068379
2024-04-19,M0 flat,-0.946623,0.0483467
2024-04-20,M0 flat,-2.78662,0.0022871
2024-04-21,M0 flat,-2.97718,0.00131988
2024-04-22,M0 flat,-2.70665,0.00573851
2024-04-23,M0 flat,-3.05625,0.000883932
2024-04-24,M0 flat,-2.74648,0.00254994
2024-04-25,M0 flat,-2.77629,0.0014333
2024-04-26,M0 flat,-2.96931,0.00147681
2024-04-27,M0 flat,-2.99575,0.00213838
2024-04-28,M0 flat,-3.29691,0.000727143
2024-04-29,M0 flat,-2.92663,0.00162989
2024-04-30,M0 flat,-2.12463,0.00699399
2024-05-01,M0 flat,-1.14737,0.0517245
2024-05-02,M0 flat,-2.38868,0.00387121
2024-05-03,M0 flat,-2.44299,0.0235498
2024-05-04,M0 flat,-2.64744,0.00474555
2024-05-05,M0 flat,-2.84901,0.0017164
2024-05-06,M0 flat,-2.67251,0.00298012
2024-05-07,M0 flat,-2.72309,0.00347661
2024-05-08,M0 flat,-2.78186,0.0018685
2024-05-09,M0 flat,-2.91038,0.00137251
2024-05-10,M0 flat,-2.76321,0.00242786
2024-05-11,M0 flat,-3.15828,0.00103611
2024-05-12,M0 flat,-3.21948,0.000983327
2024-05-13,M0 flat,-2.84103,0.0047085
2024-05-14,M0 flat,-2.74608,0.00811827
2024-05-15,M0 flat,-2.36268,0.034028
2024-05-16,M0 flat,-2.73923,0.00162446
2024-05-17,M0 flat,-2.7807,0.00186634
2024-05-18,M0 flat,-3.05894,0.00147325
2024-05-19,M0 flat,-3.04467,0.00132234
2024-05-20,M0 flat,-2.4939,0.00824127
2024-05-21,M0 flat,-2.61385,0.00269132
2024-05-22,M0 flat,-2.76305,0.00179569
2024-05-23,M0 flat,-2.45469,0.00835889
2024-05-24,M0 flat,-2.85882,0.00137983
2024-05-25,M0 flat,-3.18933,0.00116228
2024-05-26,M0 flat,-3.22835,0.00118463
2024-05-27,M0 flat,-2.97613,0.00338101
2024-05-28,M0 flat,-2.71542,0.00436456
2024-05-29,M0 flat,-3.06168,0.00115105
2024-05-30,M0 flat,-3.02497,0.00124889
2024-05-31,M0 flat,-3.09876,0.00204545
2024-06-01,M0 flat,-3.5779,0.000570684
2024-06-02,M0 flat,-3.44059,0.000748899
2024-06-03,M0 flat,-2.9796,0.00149601
2024-06-04,M0 flat,-3.12623,0.0010313
2024-06-05,M0 flat,-3.17925,0.000760539
2024-06-06,M0 flat,-3.40459,0.000468977
2024-06-07,M0 flat,-2.57766,0.0214304
2024-06-08,M0 flat,-3.67176,0.000485256
2024-06-09,M0 flat,-3.6921,0.000455867
2024-06-10,M0 flat,-3.56798,0.000373976
2024-06-11,M0 flat,-2.75051,0.0041279
2024-06-12,M0 flat,-2.29475,0.0474607
2024-06-13,M0 flat,-3.01851,0.00102692
2024-06-14,M0 flat,-2.98002,0.00301991
2024-06-15,M0 flat,-3.6032,0.000505418
2024-06-16,M0 flat,-3.59704,0.000541883
2024-06-17,M0 flat,-2.90178,0.00239625
2024-06-18,M0 flat,-2.29874,0.0130894
2024-06-19,M0 flat,-3.40016,0.000486148
2024-06-20,M0 flat,-3.21242,0.00101318
2024-06-21,M0 flat,-3.13172,0.000786733
2024-06-22,M0 flat,-3.76448,0.000394783
2024-06-23,M0 flat,-3.6784,0.000523402
2024-06-24,M0 flat,-2.1337,0.0178492
2024-06-25,M0 flat,-2.6918,0.00467827
2024-06-26,M0 flat,-3.07622,0.000922253
2024-06-27,M0 flat,-3.14359,0.000741697
2024-06-28,M0 flat,-3.10807,0.00112075
2024-06-29,M0 flat,-3.45991,0.000618412
2024-06-30,M0 flat,-3.224,0.00351381
2024-07-01,M0 flat,-3.17457,0.00108835
2024-07-02,M0 flat,-3.357,0.000620004
2024-07-03,M0 flat,-2.98431,0.00195737
2024-07-04,M0 flat,-2.13375,0.00692106
2024-07-05,M0 flat,-1.05332,0.113808
2024-07-06,M0 flat,-2.94535,0.00143639
2024-07-07,M0 flat,-2.855,0.00160112
2024-07-08,M0 flat,-1.4254,0.0865458
2024-07-09,M0 flat,-2.5541,0.00647254
2024-07-10,M0 flat,-2.72036,0.00339495
2024-07-11,M0 flat,-2.41967,0.0070341
2024-07-12,M0 flat,-2.83966,0.00145756
2024-07-13,M0 flat,-3.15382,0.00200613
2024-07-14,M0 flat,-2.88347,0.00319966
2024-07-15,M0 flat,-2.5529,0.00646211
2024-07-16,M0 flat,-2.3132,0.00526351
2024-07-17,M0 flat,-2.63646,0.00200425
2024-07-18,M0 flat,-2.84095,0.00113674
2024-07-19,M0 flat,-2.74399,0.00284218
2024-07-20,M0 flat,-3.05339,0.00133779
2024-07-21,M0 flat,-2.84747,0.00258832
2024-07-22,M0 flat,-3.01845,0.000916333
2024-07-23,M0 flat,-2.87265,0.00183959
2024-07-24,M0 flat,-2.98712,0.00105842
2024-07-25,M0 flat,-2.56195,0.0188786
2024-07-26,M0 flat,-3.04839,0.0010596
2024-07-27,M0 flat,-2.02527,0.0617476
2024-07-28,M0 flat,-3.26039,0.000791964
2024-07-29,M0 flat,-2.67219,0.00365238
2024-07-30,M0 flat,-2.9567,0.00125688
2024-07-31,M0 flat,-2.94352,0.00136119
2024-08-01,M0 flat,-2.58558,0.00230752
2024-08-02,M0 flat,-2.0298,0.00639315
2024-08-03,M0 flat,-2.51719,0.00485795
2024-08-04,M0 flat,-2.35376,0.01412
2024-08-05,M0 flat,8.14354,1.40501
2024-08-06,M0 flat,-1.53995,0.0235835
2024-08-07,M0 flat,-2.01075,0.00740694
2024-08-08,M0 flat,-1.06382,0.257929
2024-08-09,M0 flat,-1.8585,0.0144971
2024-08-10,M0 flat,-2.41545,0.00507439
2024-08-11,M0 flat,-2.34935,0.00477145
2024-08-12,M0 flat,-1.75299,0.0259058
2024-08-13,M0 flat,-2.31115,0.00393364
2024-08-14,M0 flat,-2.41125,0.00454985
2024-08-15,M0 flat,-2.20099,0.0122695
2024-08-16,M0 flat,-2.37079,0.00735455
2024-08-17,M0 flat,-3.00163,0.00168019
2024-08-18,M0 flat,-2.93584,0.00136355
2024-08-19,M0 flat,-2.70251,0.00294475
2024-08-20,M0 flat,-2.64089,0.00433865
2024-08-21,M0 flat,-2.55921,0.0100232
2024-08-22,M0 flat,-2.88603,0.001864
2024-08-23,M0 flat,-2.29707,0.0206716
2024-08-24,M0 flat,-2.95844,0.00153178
2024-08-25,M0 flat,-3.09136,0.00126521
2024-08-26,M0 flat,-2.95985,0.0010775
2024-08-27,M0 flat,-1.96446,0.0750445
2024-08-28,M0 flat,-2.07512,0.0133306
2024-08-29,M0 flat,-2.5819,0.0030874
2024-08-30,M0 flat,-2.69939,0.00240044
2024-08-31,M0 flat,-3.29025,0.000959825
2024-09-01,M0 flat,-2.80491,0.00269386
2024-09-02,M0 flat,-2.88163,0.0022339
2024-09-03,M0 flat,-2.98479,0.00114
2024-09-04,M0 flat,-1.83368,0.169041
2024-09-05,M0 flat,-2.38909,0.00712731
2024-09-06,M0 flat,-1.8592,0.0185604
2024-09-07,M0 flat,-3.05212,0.00122853
2024-09-08,M0 flat,-2.9181,0.00248102
2024-09-09,M0 flat,-2.58094,0.00308045
2024-09-10,M0 flat,-2.77782,0.00239513
2024-09-11,M0 flat,-2.40792,0.00771991
2024-09-12,M0 flat,-2.7779,0.0026717
2024-09-13,M0 flat,-2.96776,0.00241377
2024-09-14,M0 flat,-3.25601,0.00101379
2024-09-15,M0 flat,-3.18446,0.00130554
2024-09-16,M0 flat,-2.87577,0.00151607
2024-09-17,M0 flat,-2.65282,0.00421549
2024-09-18,M0 flat,-2.45286,0.00734496
2024-09-19,M0 flat,-2.78976,0.00134133
2024-09-20,M0 flat,-2.94037,0.0011043
2024-09-21,M0 flat,-3.43272,0.000672137
2024-09-22,M0 flat,-3.27542,0.000951011
2024-09-23,M0 flat,-2.98513,0.00141819
2024-09-24,M0 flat,-3.07262,0.00102624
2024-09-25,M0 flat,-3.20782,0.000909479
2024-09-26,M0 flat,-2.96961,0.00186325
2024-09-27,M0 flat,-3.26726,0.000581981
2024-09-28,M0 flat,-3.54214,0.000486329
2024-09-29,M0 flat,-3.59627,0.000458328
2024-09-30,M0 flat,-3.06008,0.00104402
2024-10-01,M0 flat,-2.61675,0.00328576
2024-10-02,M0 flat,-2.32007,0.00792527
2024-10-03,M0 flat,-2.77384,0.00151478
2024-10-04,M0 flat,-3.04566,0.00124432
2024-10-05,M0 flat,-3.47067,0.000649111
2024-10-06,M0 flat,-3.44897,0.000529294
2024-10-07,M0 flat,-2.79877,0.00240565
2024-10-08,M0 flat,-3.07669,0.000978647
2024-10-09,M0 flat,-3.22756,0.000937467
2024-10-10,M0 flat,-2.98465,0.0021472
2024-10-11,M0 flat,-3.14645,0.000982682
2024-10-12,M0 flat,-3.39861,0.000588477
2024-10-13,M0 flat,-3.35587,0.00058757
2024-10-14,M0 flat,-2.92906,0.00162798
2024-10-15,M0 flat,-2.32641,0.00913071
2024-10-16,M0 flat,-2.89286,0.00361622
2024-10-17,M0 flat,-3.11778,0.000797421
2024-10-18,M0 flat,-3.13112,0.00117253
2024-10-19,M0 flat,-3.56426,0.000613292
2024-10-20,M0 flat,-3.52017,0.000610324
2024-10-21,M0 flat,-3.09011,0.00136718
2024-10-22,M0 flat,-3.10066,0.00140847
2024-10-23,M0 flat,-3.17205,0.000784525
2024-10-24,M0 flat,-3.26239,0.000778054
2024-10-25,M0 flat,-2.27262,0.0172332
2024-10-26,M0 flat,-3.50389,0.000490852
2024-10-27,M0 flat,-3.57062,0.00047632
2024-10-28,M0 flat,-3.13705,0.000865251
2024-10-29,M0 flat,-2.80913,0.0028284
2024-10-30,M0 flat,-2.87909,0.00278898
2024-10-31,M0 flat,-3.00215,0.00159212
2024-11-01,M0 flat,-2.44744,0.00508791
2024-11-02,M0 flat,-3.38099,0.000635374
2024-11-03,M0 flat,-3.0827,0.00118184
2024-11-04,M0 flat,-2.91979,0.00164532
2024-11-05,M0 flat,-2.76909,0.00301985
2024-11-06,M0 flat,-1.29802,0.0153195
2024-11-07,M0 flat,-2.60494,0.00289965
2024-11-08,M0 flat,-2.79981,0.00168423
2024-11-09,M0 flat,-3.0753,0.00142994
2024-11-10,M0 flat,-2.42074,0.0117422
2024-11-11,M0 flat,-2.05521,0.00914922
2024-11-12,M0 flat,-1.30326,0.0325533
2024-11-13,M0 flat,-1.36801,0.031048
2024-11-14,M0 flat,-1.74786,0.0232388
2024-11-15,M0 flat,-2.09452,0.00639461
2024-11-16,M0 flat,-2.6549,0.00254672
2024-11-17,M0 flat,-2.6784,0.00203194
2024-11-18,M0 flat,-2.25068,0.00787437
2024-11-19,M0 flat,-2.50745,0.0026587
2024-11-20,M0 flat,-2.67144,0.0022204
2024-11-21,M0 flat,-2.37664,0.00468171
2024-11-22,M0 flat,-2.7962,0.00124154
2024-11-23,M0 flat,-3.09882,0.00108113
2024-11-24,M0 flat,-2.99643,0.00088803
2024-11-25,M0 flat,-2.28364,0.0051253
2024-11-26,M0 flat,-2.15335,0.00427668
2024-11-27,M0 flat,-2.73424,0.002214
2024-11-28,M0 flat,-2.86149,0.00121914
2024-11-29,M0 flat,-2.92425,0.00113277
2024-11-30,M0 flat,-3.23947,0.000967627
2024-12-01,M0 flat,-3.22416,0.000752618
2024-12-02,M0 flat,-2.66661,0.00226497
2024-12-03,M0 flat,-2.86619,0.00273926
2024-12-04,M0 flat,-2.78694,0.00241546
2024-12-05,M0 flat,1.37403,1.07582
2024-12-06,M0 flat,-2.48294,0.00562119
2024-12-07,M0 flat,-3.25207,0.000539401
2024-12-08,M0 flat,-3.24827,0.000603403
2024-12-09,M0 flat,-1.52745,0.0483294
2024-12-10,M0 flat,-2.03229,0.00665888
2024-12-11,M0 flat,-2.79716,0.00171508
2024-12-12,M0 flat,-2.72455,0.00277139
2024-12-13,M0 flat,-3.00368,0.00158338
2024-12-14,M0 flat,-3.22845,0.00143074
2024-12-15,M0 flat,-3.14,0.00104975
2024-12-16,M0 flat,-2.61446,0.00481244
2024-12-17,M0 flat,-2.85998,0.0024193
2024-12-18,M0 flat,-1.9408,0.0122277
2024-12-19,M0 flat,-1.4239,0.0221446
2024-12-20,M0 flat,-1.47006,0.0291289
2024-12-21,M0 flat,-2.78837,0.00127195
2024-12-22,M0 flat,-2.74005,0.00171344
2024-12-23,M0 flat,-2.28109,0.00355141
2024-12-24,M0 flat,-2.77901,0.00152909
2024-12-25,M0 flat,-2.94197,0.00130347
2024-12-26,M0 flat,-2.70963,0.00152926
2024-12-27,M0 flat,-2.54376,0.00497889
2024-12-28,M0 flat,-3.23079,0.000900436
2024-12-29,M0 flat,-3.21185,0.000885425
2024-12-30,M0 flat,-2.76573,0.00297364
2024-12-31,M0 flat,-2.71721,0.00315847
2024-01-01,M1 hist. profile,-3.34295,0.000697887
2024-01-02,M1 hist. profile,-2.26141,0.00496728
2024-01-03,M1 hist. profile,2.15934,2.24828
2024-01-04,M1 hist. profile,-2.55793,0.00377887
2024-01-05,M1 hist. profile,-2.19785,0.0330858
2024-01-06,M1 hist. profile,-3.25756,0.000890186
2024-01-07,M1 hist. profile,-3.16099,0.00104787
2024-01-08,M1 hist. profile,-2.05507,0.0118404
2024-01-09,M1 hist. profile,-0.87545,0.428137
2024-01-10,M1 hist. profile,-1.39417,0.0386863
2024-01-11,M1 hist. profile,-1.97819,0.0211129
2024-01-12,M1 hist. profile,-1.30244,0.104361
2024-01-13,M1 hist. profile,-2.58532,0.00256941
2024-01-14,M1 hist. profile,-2.74609,0.00239205
2024-01-15,M1 hist. profile,-2.72189,0.00208438
2024-01-16,M1 hist. profile,-2.64439,0.0085898
2024-01-17,M1 hist. profile,-2.95976,0.00194358
2024-01-18,M1 hist. profile,-2.777,0.00333527
2024-01-19,M1 hist. profile,-2.69866,0.00289355
2024-01-20,M1 hist. profile,-3.26466,0.00111016
2024-01-21,M1 hist. profile,-3.3977,0.0010155
2024-01-22,M1 hist. profile,-2.40901,0.00346444
2024-01-23,M1 hist. profile,-2.55322,0.0027462
2024-01-24,M1 hist. profile,-2.83997,0.00138684
2024-01-25,M1 hist. profile,-3.2045,0.000870899
2024-01-26,M1 hist. profile,-2.96057,0.00125057
2024-01-27,M1 hist. profile,-3.26231,0.00114561
2024-01-28,M1 hist. profile,-3.08828,0.00103282
2024-01-29,M1 hist. profile,-3.07946,0.00135948
2024-01-30,M1 hist. profile,-2.98434,0.00290246
2024-01-31,M1 hist. profile,-2.90962,0.00227893
2024-02-01,M1 hist. profile,-3.0789,0.00092381
2024-02-02,M1 hist. profile,-3.30498,0.00104523
2024-02-03,M1 hist. profile,-3.62102,0.000579487
2024-02-04,M1 hist. profile,-3.533,0.000720148
2024-02-05,M1 hist. profile,-3.33492,0.000840755
2024-02-06,M1 hist. profile,-3.44867,0.000606476
2024-02-07,M1 hist. profile,-3.31591,0.00151734
2024-02-08,M1 hist. profile,-3.2594,0.000501612
2024-02-09,M1 hist. profile,-2.60951,0.00484975
2024-02-10,M1 hist. profile,-3.31756,0.000762434
2024-02-11,M1 hist. profile,-3.26171,0.000672457
2024-02-12,M1 hist. profile,-2.82849,0.00296162
2024-02-13,M1 hist. profile,-2.79217,0.00725213
2024-02-14,M1 hist. profile,-2.73408,0.00572879
2024-02-15,M1 hist. profile,-2.77506,0.00285377
2024-02-16,M1 hist. profile,-3.10268,0.000909492
2024-02-17,M1 hist. profile,-3.28998,0.00130418
2024-02-18,M1 hist. profile,-3.33292,0.000958093
2024-02-19,M1 hist. profile,-3.33607,0.00058925
2024-02-20,M1 hist. profile,-2.81332,0.00369804
2024-02-21,M1 hist. profile,-3.13789,0.000780611
2024-02-22,M1 hist. profile,-3.04905,0.00178665
2024-02-23,M1 hist. profile,-3.32942,0.000697131
2024-02-24,M1 hist. profile,-3.67204,0.000451963
2024-02-25,M1 hist. profile,-3.6159,0.000440706
2024-02-26,M1 hist. profile,-2.93105,0.00589214
2024-02-27,M1 hist. profile,-1.91398,0.029877
2024-02-28,M1 hist. profile,-0.863683,0.0683032
2024-02-29,M1 hist. profile,-1.76254,0.00985161
2024-03-01,M1 hist. profile,-2.38921,0.00439092
2024-03-02,M1 hist. profile,-2.79935,0.00239977
2024-03-03,M1 hist. profile,-2.87189,0.00195791
2024-03-04,M1 hist. profile,-1.01955,0.216535
2024-03-05,M1 hist. profile,-0.0562463,0.162368
2024-03-06,M1 hist. profile,-1.33523,0.024877
2024-03-07,M1 hist. profile,-2.24441,0.00610976
2024-03-08,M1 hist. profile,-2.00985,0.0462124
2024-03-09,M1 hist. profile,-2.87126,0.00271896
2024-03-10,M1 hist. profile,-2.72829,0.00209016
2024-03-11,M1 hist. profile,-2.10337,0.0095394
2024-03-12,M1 hist. profile,-2.2683,0.00706474
2024-03-13,M1 hist. profile,-2.72396,0.00170974
2024-03-14,M1 hist. profile,-1.99675,0.0131657
2024-03-15,M1 hist. profile,0.728086,0.0881613
2024-03-16,M1 hist. profile,-2.19544,0.0122541
2024-03-17,M1 hist. profile,-2.06491,0.00960321
2024-03-18,M1 hist. profile,-2.12798,0.00831906
2024-03-19,M1 hist. profile,-0.705646,0.0242642
2024-03-20,M1 hist. profile,-1.26331,0.032662
2024-03-21,M1 hist. profile,-1.8708,0.0117904
2024-03-22,M1 hist. profile,-1.99076,0.00722341
2024-03-23,M1 hist. profile,-2.25059,0.00533217
2024-03-24,M1 hist. profile,-2.3174,0.00450556
2024-03-25,M1 hist. profile,-2.27946,0.00455757
2024-03-26,M1 hist. profile,-2.31519,0.00461972
2024-03-27,M1 hist. profile,-2.38275,0.00855813
2024-03-28,M1 hist. profile,-2.59783,0.00259554
2024-03-29,M1 hist. profile,-2.84624,0.00208991
2024-03-30,M1 hist. profile,-3.0767,0.00177392
2024-03-31,M1 hist. profile,-3.07524,0.00167924
2024-04-01,M1 hist. profile,-2.79898,0.00294901
2024-04-02,M1 hist. profile,-1.32779,0.141184
2024-04-03,M1 hist. profile,-2.55799,0.00539549
2024-04-04,M1 hist. profile,-2.61692,0.00319896
2024-04-05,M1 hist. profile,-2.3952,0.00528016
2024-04-06,M1 hist. profile,-2.99457,0.0018084
2024-04-07,M1 hist. profile,-2.97522,0.00121942
2024-04-08,M1 hist. profile,-2.62393,0.00414478
2024-04-09,M1 hist. profile,-2.60414,0.00390978
2024-04-10,M1 hist. profile,-2.36334,0.0105104
2024-04-11,M1 hist. profile,-2.69223,0.00651006
2024-04-12,M1 hist. profile,-2.42665,0.0252266
2024-04-13,M1 hist. profile,0.247904,0.822127
2024-04-14,M1 hist. profile,-1.36216,0.0375382
2024-04-15,M1 hist. profile,-2.15638,0.00612899
2024-04-16,M1 hist. profile,-1.78647,0.0100855
2024-04-17,M1 hist. profile,-1.78467,0.0205618
2024-04-18,M1 hist. profile,-2.16353,0.00649676
2024-04-19,M1 hist. profile,-0.541842,0.049191
2024-04-20,M1 hist. profile,-2.83661,0.00231963
2024-04-21,M1 hist. profile,-3.01006,0.00139045
2024-04-22,M1 hist. profile,-2.64611,0.00593546
2024-04-23,M1 hist. profile,-3.0979,0.00094967
2024-04-24,M1 hist. profile,-2.84224,0.0024433
2024-04-25,M1 hist. profile,-2.83054,0.00142226
2024-04-26,M1 hist. profile,-3.03596,0.00143836
2024-04-27,M1 hist. profile,-2.97825,0.00228447
2024-04-28,M1 hist. profile,-3.32081,0.000799842
2024-04-29,M1 hist. profile,-2.94657,0.00163036
2024-04-30,M1 hist. profile,-2.14777,0.00689085
2024-05-01,M1 hist. profile,-1.08189,0.0516608
2024-05-02,M1 hist. profile,-2.437,0.00376884
2024-05-03,M1 hist. profile,-2.60199,0.0231287
2024-05-04,M1 hist. profile,-2.66723,0.0049701
2024-05-05,M1 hist. profile,-2.88085,0.00185585
2024-05-06,M1 hist. profile,-2.70964,0.00304539
2024-05-07,M1 hist. profile,-2.73861,0.003519
2024-05-08,M1 hist. profile,-2.83219,0.00185792
2024-05-09,M1 hist. profile,-2.97098,0.00129934
2024-05-10,M1 hist. profile,-2.84458,0.0022833
2024-05-11,M1 hist. profile,-3.20836,0.00113449
2024-05-12,M1 hist. profile,-3.26391,0.00107567
2024-05-13,M1 hist. profile,-2.73604,0.00493635
2024-05-14,M1 hist. profile,-2.768,0.00810147
2024-05-15,M1 hist. profile,-2.60562,0.0334467
2024-05-16,M1 hist. profile,-2.79383,0.00172578
2024-05-17,M1 hist. profile,-2.80835,0.00195873
2024-05-18,M1 hist. profile,-3.10845,0.00159046
2024-05-19,M1 hist. profile,-3.07807,0.00144489
2024-05-20,M1 hist. profile,-2.57499,0.00815884
2024-05-21,M1 hist. profile,-2.65917,0.00283144
2024-05-22,M1 hist. profile,-2.81171,0.00191558
2024-05-23,M1 hist. profile,-2.59474,0.00789339
2024-05-24,M1 hist. profile,-2.8853,0.00149882
2024-05-25,M1 hist. profile,-3.22785,0.00131866
2024-05-26,M1 hist. profile,-3.27327,0.00129478
2024-05-27,M1 hist. profile,-3.03692,0.00336706
2024-05-28,M1 hist. profile,-2.70371,0.00444923
2024-05-29,M1 hist. profile,-3.08761,0.0012003
2024-05-30,M1 hist. profile,-3.04937,0.00128457
2024-05-31,M1 hist. profile,-3.21431,0.0019178
2024-06-01,M1 hist. profile,-3.62093,0.000641678
2024-06-02,M1 hist. profile,-3.4868,0.000786958
2024-06-03,M1 hist. profile,-3.04993,0.0014286
2024-06-04,M1 hist. profile,-3.22279,0.000979578
2024-06-05,M1 hist. profile,-3.21488,0.000786886
2024-06-06,M1 hist. profile,-3.46496,0.000487778
2024-06-07,M1 hist. profile,-2.76742,0.0211916
2024-06-08,M1 hist. profile,-3.71776,0.000543678
2024-06-09,M1 hist. profile,-3.74796,0.000493121
2024-06-10,M1 hist. profile,-3.62287,0.000401694
2024-06-11,M1 hist. profile,-2.64235,0.00420453
2024-06-12,M1 hist. profile,-2.60708,0.0469575
2024-06-13,M1 hist. profile,-3.06129,0.00100935
2024-06-14,M1 hist. profile,-3.07735,0.00288789
2024-06-15,M1 hist. profile,-3.64644,0.000564697
2024-06-16,M1 hist. profile,-3.64791,0.000588276
2024-06-17,M1 hist. profile,-2.96721,0.00236849
2024-06-18,M1 hist. profile,-2.26572,0.0131155
2024-06-19,M1 hist. profile,-3.40837,0.000547727
2024-06-20,M1 hist. profile,-3.26142,0.000997759
2024-06-21,M1 hist. profile,-3.14984,0.000805522
2024-06-22,M1 hist. profile,-3.80009,0.000450079
2024-06-23,M1 hist. profile,-3.73337,0.000556067
2024-06-24,M1 hist. profile,-2.03399,0.0179193
2024-06-25,M1 hist. profile,-2.68579,0.00471755
2024-06-26,M1 hist. profile,-3.12375,0.000935994
2024-06-27,M1 hist. profile,-3.19874,0.000745266
2024-06-28,M1 hist. profile,-3.11899,0.00117834
2024-06-29,M1 hist. profile,-3.49531,0.000702467
2024-06-30,M1 hist. profile,-3.22579,0.00361094
2024-07-01,M1 hist. profile,-3.19391,0.00116225
2024-07-02,M1 hist. profile,-3.41754,0.000639081
2024-07-03,M1 hist. profile,-2.95593,0.00203917
2024-07-04,M1 hist. profile,-2.04621,0.00699357
2024-07-05,M1 hist. profile,-0.807163,0.114181
2024-07-06,M1 hist. profile,-3.00029,0.00147531
2024-07-07,M1 hist. profile,-2.86531,0.00173676
2024-07-08,M1 hist. profile,-1.40767,0.086582
2024-07-09,M1 hist. profile,-2.58671,0.00643841
2024-07-10,M1 hist. profile,-2.73341,0.00343324
2024-07-11,M1 hist. profile,-2.5121,0.00683744
2024-07-12,M1 hist. profile,-2.8419,0.00152635
2024-07-13,M1 hist. profile,-3.17697,0.00210291
2024-07-14,M1 hist. profile,-2.90933,0.00320085
2024-07-15,M1 hist. profile,-2.44409,0.00662906
2024-07-16,M1 hist. profile,-2.33758,0.00518376
2024-07-17,M1 hist. profile,-2.65699,0.00209437
2024-07-18,M1 hist. profile,-2.88686,0.00117076
2024-07-19,M1 hist. profile,-2.78645,0.00284574
2024-07-20,M1 hist. profile,-3.10379,0.00142911
2024-07-21,M1 hist. profile,-2.89611,0.00263238
2024-07-22,M1 hist. profile,-3.0829,0.000875697
2024-07-23,M1 hist. profile,-2.90854,0.00187189
2024-07-24,M1 hist. profile,-3.03632,0.00108622
2024-07-25,M1 hist. profile,-2.57645,0.0189061
2024-07-26,M1 hist. profile,-3.07769,0.00109351
2024-07-27,M1 hist. profile,-2.18702,0.0615259
2024-07-28,M1 hist. profile,-3.28352,0.000861857
2024-07-29,M1 hist. profile,-2.76316,0.00355013
2024-07-30,M1 hist. profile,-3.00585,0.00125582
2024-07-31,M1 hist. profile,-2.94926,0.00141674
2024-08-01,M1 hist. profile,-2.61684,0.0022899
2024-08-02,M1 hist. profile,-2.12106,0.00617985
2024-08-03,M1 hist. profile,-2.56008,0.00492382
2024-08-04,M1 hist. profile,-2.41336,0.0140974
2024-08-05,M1 hist. profile,8.80572,1.40219
2024-08-06,M1 hist. profile,-1.61055,0.0229059
2024-08-07,M1 hist. profile,-2.06739,0.00709524
2024-08-08,M1 hist. profile,-1.1638,0.256347
2024-08-09,M1 hist. profile,-1.94804,0.0138626
2024-08-10,M1 hist. profile,-2.45552,0.00575735
2024-08-11,M1 hist. profile,-2.42706,0.00469577
2024-08-12,M1 hist. profile,-1.83187,0.0253352
2024-08-13,M1 hist. profile,-2.33691,0.00415047
2024-08-14,M1 hist. profile,-2.51858,0.00404258
2024-08-15,M1 hist. profile,-2.20705,0.0123676
2024-08-16,M1 hist. profile,-2.4276,0.00726178
2024-08-17,M1 hist. profile,-3.04785,0.00187361
2024-08-18,M1 hist. profile,-2.95052,0.00158661
2024-08-19,M1 hist. profile,-2.73723,0.00302689
2024-08-20,M1 hist. profile,-2.74293,0.00411688
2024-08-21,M1 hist. profile,-2.66167,0.00986338
2024-08-22,M1 hist. profile,-2.90802,0.0019101
2024-08-23,M1 hist. profile,-2.50842,0.0201636
2024-08-24,M1 hist. profile,-2.99611,0.00171144
2024-08-25,M1 hist. profile,-3.13468,0.00140453
2024-08-26,M1 hist. profile,-3.01095,0.00112744
2024-08-27,M1 hist. profile,-2.07374,0.0748235
2024-08-28,M1 hist. profile,-2.13676,0.0132529
2024-08-29,M1 hist. profile,-2.61636,0.00318117
2024-08-30,M1 hist. profile,-2.7631,0.00237317
2024-08-31,M1 hist. profile,-3.33296,0.00108395
2024-09-01,M1 hist. profile,-2.84253,0.00270876
2024-09-02,M1 hist. profile,-2.89159,0.00232644
2024-09-03,M1 hist. profile,-3.04491,0.00112976
2024-09-04,M1 hist. profile,-2.08441,0.168269
2024-09-05,M1 hist. profile,-2.394,0.00700386
2024-09-06,M1 hist. profile,-1.98393,0.0181841
2024-09-07,M1 hist. profile,-3.07017,0.0014052
2024-09-08,M1 hist. profile,-2.9865,0.00248818
2024-09-09,M1 hist. profile,-2.66293,0.00287926
2024-09-10,M1 hist. profile,-2.83119,0.0023943
2024-09-11,M1 hist. profile,-2.47125,0.00761389
2024-09-12,M1 hist. profile,-2.82492,0.00261278
2024-09-13,M1 hist. profile,-3.04291,0.00240727
2024-09-14,M1 hist. profile,-3.29419,0.00112776
2024-09-15,M1 hist. profile,-3.25806,0.00132064
2024-09-16,M1 hist. profile,-2.91841,0.00149387
2024-09-17,M1 hist. profile,-2.77392,0.00397575
2024-09-18,M1 hist. profile,-2.50939,0.0072937
2024-09-19,M1 hist. profile,-2.84787,0.00129709
2024-09-20,M1 hist. profile,-2.98185,0.00108522
2024-09-21,M1 hist. profile,-3.4733,0.000755755
2024-09-22,M1 hist. profile,-3.32927,0.000987442
2024-09-23,M1 hist. profile,-3.03066,0.00140678
2024-09-24,M1 hist. profile,-3.10122,0.00104242
2024-09-25,M1 hist. profile,-3.21818,0.000965299
2024-09-26,M1 hist. profile,-3.04452,0.0018274
2024-09-27,M1 hist. profile,-3.29124,0.000640705
2024-09-28,M1 hist. profile,-3.58074,0.000551809
2024-09-29,M1 hist. profile,-3.64208,0.000511611
2024-09-30,M1 hist. profile,-3.05275,0.00109249
2024-10-01,M1 hist. profile,-2.79149,0.00300681
2024-10-02,M1 hist. profile,-2.39738,0.00776799
2024-10-03,M1 hist. profile,-2.83325,0.00149332
2024-10-04,M1 hist. profile,-3.13369,0.00116209
2024-10-05,M1 hist. profile,-3.51063,0.000733057
2024-10-06,M1 hist. profile,-3.50578,0.000571953
2024-10-07,M1 hist. profile,-2.88063,0.00234726
2024-10-08,M1 hist. profile,-3.13146,0.000966321
2024-10-09,M1 hist. profile,-3.31072,0.000898306
2024-10-10,M1 hist. profile,-3.06233,0.00210465
2024-10-11,M1 hist. profile,-3.20765,0.000967865
2024-10-12,M1 hist. profile,-3.4496,0.000640634
2024-10-13,M1 hist. profile,-3.41209,0.000621533
2024-10-14,M1 hist. profile,-2.89671,0.00167831
2024-10-15,M1 hist. profile,-2.51626,0.0086717
2024-10-16,M1 hist. profile,-2.95564,0.00359621
2024-10-17,M1 hist. profile,-3.1675,0.000803237
2024-10-18,M1 hist. profile,-3.17804,0.00118386
2024-10-19,M1 hist. profile,-3.60176,0.000697165
2024-10-20,M1 hist. profile,-3.57431,0.000656317
2024-10-21,M1 hist. profile,-3.16308,0.00131204
2024-10-22,M1 hist. profile,-3.16338,0.00139392
2024-10-23,M1 hist. profile,-3.21687,0.000800639
2024-10-24,M1 hist. profile,-3.29801,0.0008063
2024-10-25,M1 hist. profile,-2.31843,0.0172246
2024-10-26,M1 hist. profile,-3.52552,0.000567795
2024-10-27,M1 hist. profile,-3.62572,0.000518113
2024-10-28,M1 hist. profile,-3.18411,0.000875462
2024-10-29,M1 hist. profile,-2.8274,0.00285582
2024-10-30,M1 hist. profile,-2.99852,0.0026384
2024-10-31,M1 hist. profile,-3.11433,0.0014634
2024-11-01,M1 hist. profile,-2.52504,0.00495985
2024-11-02,M1 hist. profile,-3.43001,0.000695279
2024-11-03,M1 hist. profile,-3.12345,0.00121085
2024-11-04,M1 hist. profile,-2.96216,0.00165452
2024-11-05,M1 hist. profile,-2.83777,0.0029798
2024-11-06,M1 hist. profile,-0.972746,0.0155233
2024-11-07,M1 hist. profile,-2.64537,0.00307165
2024-11-08,M1 hist. profile,-2.84892,0.00183636
2024-11-09,M1 hist. profile,-3.11119,0.00163472
2024-11-10,M1 hist. profile,-2.38645,0.0119659
2024-11-11,M1 hist. profile,-2.10254,0.00905913
2024-11-12,M1 hist. profile,-1.3251,0.0322017
2024-11-13,M1 hist. profile,-1.44449,0.0302496
2024-11-14,M1 hist. profile,-1.85073,0.0225877
2024-11-15,M1 hist. profile,-2.17976,0.00591647
2024-11-16,M1 hist. profile,-2.70313,0.00279879
2024-11-17,M1 hist. profile,-2.70611,0.00230629
2024-11-18,M1 hist. profile,-2.2591,0.00799973
2024-11-19,M1 hist. profile,-2.56416,0.00264502
2024-11-20,M1 hist. profile,-2.72849,0.00216158
2024-11-21,M1 hist. profile,-2.33301,0.00482593
2024-11-22,M1 hist. profile,-2.83535,0.00124867
2024-11-23,M1 hist. profile,-3.14898,0.00118862
2024-11-24,M1 hist. profile,-3.04953,0.000935505
2024-11-25,M1 hist. profile,-2.40731,0.00483175
2024-11-26,M1 hist. profile,-2.1742,0.00428389
2024-11-27,M1 hist. profile,-2.77458,0.00227896
2024-11-28,M1 hist. profile,-2.88204,0.00136276
2024-11-29,M1 hist. profile,-2.94551,0.0012614
2024-11-30,M1 hist. profile,-3.27465,0.00110272
2024-12-01,M1 hist. profile,-3.26209,0.000849173
2024-12-02,M1 hist. profile,-2.71909,0.00217383
2024-12-03,M1 hist. profile,-2.9569,0.00265974
2024-12-04,M1 hist. profile,-2.84909,0.00239755
2024-12-05,M1 hist. profile,1.71026,1.07599
2024-12-06,M1 hist. profile,-2.54492,0.00550428
2024-12-07,M1 hist. profile,-3.25652,0.000650645
2024-12-08,M1 hist. profile,-3.27242,0.000675724
2024-12-09,M1 hist. profile,-1.66188,0.048007
2024-12-10,M1 hist. profile,-2.0637,0.00659305
2024-12-11,M1 hist. profile,-2.76348,0.00180739
2024-12-12,M1 hist. profile,-2.77585,0.00266557
2024-12-13,M1 hist. profile,-3.04916,0.00163284
2024-12-14,M1 hist. profile,-3.28126,0.00147582
2024-12-15,M1 hist. profile,-3.1764,0.00110611
2024-12-16,M1 hist. profile,-2.67856,0.00476646
2024-12-17,M1 hist. profile,-2.94907,0.00232178
2024-12-18,M1 hist. profile,-2.02978,0.0120451
2024-12-19,M1 hist. profile,-1.40348,0.0220863
2024-12-20,M1 hist. profile,-1.47415,0.0288086
2024-12-21,M1 hist. profile,-2.82382,0.00129616
2024-12-22,M1 hist. profile,-2.75779,0.00177666
2024-12-23,M1 hist. profile,-2.28434,0.00353975
2024-12-24,M1 hist. profile,-2.8237,0.00154204
2024-12-25,M1 hist. profile,-2.95836,0.00138968
2024-12-26,M1 hist. profile,-2.71838,0.00159123
2024-12-27,M1 hist. profile,-2.55967,0.00498364
2024-12-28,M1 hist. profile,-3.27611,0.000997306
2024-12-29,M1 hist. profile,-3.27996,0.000912261
2024-12-30,M1 hist. profile,-2.84046,0.0028489
2024-12-31,M1 hist. profile,-2.8137,0.00299956
2024-01-01,M2 FFF,-3.40924,0.000610196
2024-01-02,M2 FFF,-2.28019,0.00490599
2024-01-03,M2 FFF,2.40002,2.24894
2024-01-04,M2 FFF,-2.59954,0.00358529
2024-01-05,M2 FFF,-2.14729,0.0330854
2024-01-06,M2 FFF,-3.31934,0.000691418
2024-01-07,M2 FFF,-3.21784,0.000894416
2024-01-08,M2 FFF,-2.09617,0.011868
2024-01-09,M2 FFF,-1.18489,0.426916
2024-01-10,M2 FFF,-1.45808,0.0385795
2024-01-11,M2 FFF,-1.92438,0.0215439
2024-01-12,M2 FFF,-1.22492,0.104737
2024-01-13,M2 FFF,-2.55407,0.00255962
2024-01-14,M2 FFF,-2.73186,0.00232083
2024-01-15,M2 FFF,-2.72629,0.00188564
2024-01-16,M2 FFF,-2.68061,0.00824998
2024-01-17,M2 FFF,-2.97375,0.0017674
2024-01-18,M2 FFF,-2.81288,0.00316737
2024-01-19,M2 FFF,-2.71351,0.00275773
2024-01-20,M2 FFF,-3.30909,0.000894828
2024-01-21,M2 FFF,-3.46219,0.000796285
2024-01-22,M2 FFF,-2.38912,0.00350427
2024-01-23,M2 FFF,-2.56812,0.0026562
2024-01-24,M2 FFF,-2.88103,0.00122616
2024-01-25,M2 FFF,-3.25406,0.00071168
2024-01-26,M2 FFF,-2.98541,0.00115881
2024-01-27,M2 FFF,-3.30576,0.000934292
2024-01-28,M2 FFF,-3.13682,0.00086395
2024-01-29,M2 FFF,-3.12433,0.00123793
2024-01-30,M2 FFF,-3.05763,0.00269731
2024-01-31,M2 FFF,-2.94346,0.0022142
2024-02-01,M2 FFF,-3.12645,0.000806203
2024-02-02,M2 FFF,-3.36031,0.000971484
2024-02-03,M2 FFF,-3.72487,0.000417689
2024-02-04,M2 FFF,-3.63357,0.000578068
2024-02-05,M2 FFF,-3.39808,0.000761429
2024-02-06,M2 FFF,-3.52148,0.000495221
2024-02-07,M2 FFF,-3.39618,0.00143114
2024-02-08,M2 FFF,-3.336,0.000391464
2024-02-09,M2 FFF,-2.6095,0.00487545
2024-02-10,M2 FFF,-3.39055,0.000585587
2024-02-11,M2 FFF,-3.31071,0.000540185
2024-02-12,M2 FFF,-2.85008,0.00292563
2024-02-13,M2 FFF,-2.86354,0.00710168
2024-02-14,M2 FFF,-2.73889,0.00565956
2024-02-15,M2 FFF,-2.79985,0.00277728
2024-02-16,M2 FFF,-3.14396,0.000806298
2024-02-17,M2 FFF,-3.361,0.00117684
2024-02-18,M2 FFF,-3.40892,0.000809351
2024-02-19,M2 FFF,-3.4152,0.000450886
2024-02-20,M2 FFF,-2.87291,0.00362387
2024-02-21,M2 FFF,-3.18954,0.000702034
2024-02-22,M2 FFF,-3.10337,0.00170971
2024-02-23,M2 FFF,-3.40655,0.000586181
2024-02-24,M2 FFF,-3.78594,0.000311759
2024-02-25,M2 FFF,-3.72404,0.000303438
2024-02-26,M2 FFF,-2.93498,0.0059545
2024-02-27,M2 FFF,-1.74825,0.0301482
2024-02-28,M2 FFF,-0.96919,0.0681379
2024-02-29,M2 FFF,-1.77992,0.00950859
2024-03-01,M2 FFF,-2.36189,0.00432904
2024-03-02,M2 FFF,-2.76395,0.00232739
2024-03-03,M2 FFF,-2.86158,0.00180994
2024-03-04,M2 FFF,-1.24236,0.215834
2024-03-05,M2 FFF,-0.133941,0.162627
2024-03-06,M2 FFF,-1.414,0.0240446
2024-03-07,M2 FFF,-2.20436,0.00628829
2024-03-08,M2 FFF,-1.99656,0.0462977
2024-03-09,M2 FFF,-2.82962,0.00268445
2024-03-10,M2 FFF,-2.71824,0.00196646
2024-03-11,M2 FFF,-2.1851,0.00927157
2024-03-12,M2 FFF,-2.26608,0.00706363
2024-03-13,M2 FFF,-2.74178,0.00152752
2024-03-14,M2 FFF,-2.02184,0.0131579
2024-03-15,M2 FFF,0.927915,0.0887455
2024-03-16,M2 FFF,-2.21667,0.0121156
2024-03-17,M2 FFF,-2.08167,0.00959136
2024-03-18,M2 FFF,-2.11569,0.0083108
2024-03-19,M2 FFF,-0.693306,0.0243311
2024-03-20,M2 FFF,-1.31893,0.032232
2024-03-21,M2 FFF,-1.77568,0.0132306
2024-03-22,M2 FFF,-1.91444,0.00805666
2024-03-23,M2 FFF,-2.15338,0.00614252
2024-03-24,M2 FFF,-2.25959,0.00475199
2024-03-25,M2 FFF,-2.22491,0.00474173
2024-03-26,M2 FFF,-2.28458,0.00460571
2024-03-27,M2 FFF,-2.35175,0.00853489
2024-03-28,M2 FFF,-2.5789,0.00252331
2024-03-29,M2 FFF,-2.83513,0.00193406
2024-03-30,M2 FFF,-3.08268,0.00157646
2024-03-31,M2 FFF,-3.09378,0.00151139
2024-04-01,M2 FFF,-2.84142,0.00282065
2024-04-02,M2 FFF,-1.2235,0.141357
2024-04-03,M2 FFF,-2.55553,0.00526311
2024-04-04,M2 FFF,-2.62682,0.00303656
2024-04-05,M2 FFF,-2.36742,0.0052813
2024-04-06,M2 FFF,-3.00992,0.00162734
2024-04-07,M2 FFF,-3.00767,0.00102417
2024-04-08,M2 FFF,-2.66791,0.0039729
2024-04-09,M2 FFF,-2.63318,0.00376646
2024-04-10,M2 FFF,-2.3484,0.0105722
2024-04-11,M2 FFF,-2.69252,0.00648767
2024-04-12,M2 FFF,-2.4586,0.0251176
2024-04-13,M2 FFF,0.315574,0.822668
2024-04-14,M2 FFF,-1.41002,0.0373694
2024-04-15,M2 FFF,-2.18512,0.00598204
2024-04-16,M2 FFF,-1.80844,0.00995668
2024-04-17,M2 FFF,-1.81696,0.0204788
2024-04-18,M2 FFF,-2.1792,0.00652787
2024-04-19,M2 FFF,-0.502126,0.0493943
2024-04-20,M2 FFF,-2.83992,0.00222548
2024-04-21,M2 FFF,-3.04109,0.0012428
2024-04-22,M2 FFF,-2.68573,0.00579215
2024-04-23,M2 FFF,-3.14679,0.000762599
2024-04-24,M2 FFF,-2.88878,0.002335
2024-04-25,M2 FFF,-2.85452,0.00131883
2024-04-26,M2 FFF,-3.06999,0.00134005
2024-04-27,M2 FFF,-3.04074,0.00211409
2024-04-28,M2 FFF,-3.37714,0.000664799
2024-04-29,M2 FFF,-2.96217,0.00158192
2024-04-30,M2 FFF,-2.05954,0.007022
2024-05-01,M2 FFF,-1.00126,0.0519425
2024-05-02,M2 FFF,-2.43481,0.00377618
2024-05-03,M2 FFF,-2.55115,0.0233401
2024-05-04,M2 FFF,-2.65892,0.00484606
2024-05-05,M2 FFF,-2.8988,0.00165917
2024-05-06,M2 FFF,-2.70728,0.00293424
2024-05-07,M2 FFF,-2.75335,0.00342387
2024-05-08,M2 FFF,-2.86969,0.00172089
2024-05-09,M2 FFF,-2.98893,0.00126638
2024-05-10,M2 FFF,-2.88769,0.00220268
2024-05-11,M2 FFF,-3.2518,0.000921139
2024-05-12,M2 FFF,-3.31613,0.000884912
2024-05-13,M2 FFF,-2.79605,0.00478635
2024-05-14,M2 FFF,-2.82064,0.00798576
2024-05-15,M2 FFF,-2.49395,0.0338393
2024-05-16,M2 FFF,-2.79806,0.00152553
2024-05-17,M2 FFF,-2.83011,0.00178789
2024-05-18,M2 FFF,-3.12324,0.00140953
2024-05-19,M2 FFF,-3.11471,0.00125307
2024-05-20,M2 FFF,-2.56944,0.00813578
2024-05-21,M2 FFF,-2.65037,0.00268047
2024-05-22,M2 FFF,-2.80417,0.00177399
2024-05-23,M2 FFF,-2.58955,0.00793988
2024-05-24,M2 FFF,-2.92058,0.00127706
2024-05-25,M2 FFF,-3.26736,0.00108718
2024-05-26,M2 FFF,-3.32244,0.00107922
2024-05-27,M2 FFF,-3.07398,0.00325443
2024-05-28,M2 FFF,-2.69074,0.00439595
2024-05-29,M2 FFF,-3.15074,0.00104934
2024-05-30,M2 FFF,-3.10606,0.00116608
2024-05-31,M2 FFF,-3.24613,0.00189665
2024-06-01,M2 FFF,-3.72535,0.000461558
2024-06-02,M2 FFF,-3.59057,0.000646213
2024-06-03,M2 FFF,-3.08574,0.00139608
2024-06-04,M2 FFF,-3.27752,0.000910253
2024-06-05,M2 FFF,-3.28393,0.000676108
2024-06-06,M2 FFF,-3.56044,0.00036063
2024-06-07,M2 FFF,-2.69964,0.0213612
2024-06-08,M2 FFF,-3.83408,0.000382319
2024-06-09,M2 FFF,-3.87137,0.000346449
2024-06-10,M2 FFF,-3.73497,0.000277091
2024-06-11,M2 FFF,-2.65639,0.00416504
2024-06-12,M2 FFF,-2.42799,0.0473486
2024-06-13,M2 FFF,-3.09754,0.000944358
2024-06-14,M2 FFF,-3.11876,0.00290194
2024-06-15,M2 FFF,-3.75395,0.000403399
2024-06-16,M2 FFF,-3.75671,0.000440734
2024-06-17,M2 FFF,-3.01163,0.00231866
2024-06-18,M2 FFF,-2.18823,0.0131306
2024-06-19,M2 FFF,-3.47002,0.000450833
2024-06-20,M2 FFF,-3.31709,0.00094348
2024-06-21,M2 FFF,-3.19348,0.000742721
2024-06-22,M2 FFF,-3.92703,0.000309654
2024-06-23,M2 FFF,-3.86006,0.000431721
2024-06-24,M2 FFF,-1.9207,0.0179573
2024-06-25,M2 FFF,-2.70634,0.00463442
2024-06-26,M2 FFF,-3.17538,0.000815809
2024-06-27,M2 FFF,-3.25525,0.000625603
2024-06-28,M2 FFF,-3.19052,0.00104399
2024-06-29,M2 FFF,-3.58221,0.00052343
2024-06-30,M2 FFF,-3.31969,0.00344458
2024-07-01,M2 FFF,-3.26653,0.00101254
2024-07-02,M2 FFF,-3.49513,0.00049946
2024-07-03,M2 FFF,-2.9888,0.00194543
2024-07-04,M2 FFF,-1.99707,0.00703909
2024-07-05,M2 FFF,-0.522334,0.114792
2024-07-06,M2 FFF,-3.02386,0.00133098
2024-07-07,M2 FFF,-2.90923,0.00154229
2024-07-08,M2 FFF,-1.45284,0.0861906
2024-07-09,M2 FFF,-2.60968,0.00632586
2024-07-10,M2 FFF,-2.71604,0.00341462
2024-07-11,M2 FFF,-2.48987,0.00687463
2024-07-12,M2 FFF,-2.8809,0.00141258
2024-07-13,M2 FFF,-3.25142,0.0019275
2024-07-14,M2 FFF,-2.92535,0.00314864
2024-07-15,M2 FFF,-2.50333,0.00651821
2024-07-16,M2 FFF,-2.33313,0.00519327
2024-07-17,M2 FFF,-2.6782,0.00192354
2024-07-18,M2 FFF,-2.91204,0.00102647
2024-07-19,M2 FFF,-2.82067,0.00271241
2024-07-20,M2 FFF,-3.13745,0.0012447
2024-07-21,M2 FFF,-2.95558,0.00244968
2024-07-22,M2 FFF,-3.12216,0.000779532
2024-07-23,M2 FFF,-2.95359,0.00173046
2024-07-24,M2 FFF,-3.09388,0.000926399
2024-07-25,M2 FFF,-2.59402,0.0188291
2024-07-26,M2 FFF,-3.13962,0.000961249
2024-07-27,M2 FFF,-2.23819,0.0614633
2024-07-28,M2 FFF,-3.34504,0.000726689
2024-07-29,M2 FFF,-2.75,0.00355604
2024-07-30,M2 FFF,-3.0341,0.00118868
2024-07-31,M2 FFF,-3.02978,0.00128112
2024-08-01,M2 FFF,-2.64432,0.0022341
2024-08-02,M2 FFF,-2.10509,0.00625056
2024-08-03,M2 FFF,-2.59484,0.00471654
2024-08-04,M2 FFF,-2.45512,0.0139314
2024-08-05,M2 FFF,8.91652,1.40505
2024-08-06,M2 FFF,-1.64335,0.0226172
2024-08-07,M2 FFF,-2.06222,0.00709182
2024-08-08,M2 FFF,-1.09787,0.257573
2024-08-09,M2 FFF,-1.83635,0.0150456
2024-08-10,M2 FFF,-2.31871,0.0070343
2024-08-11,M2 FFF,-2.32594,0.00537777
2024-08-12,M2 FFF,-1.8498,0.0247992
2024-08-13,M2 FFF,-2.30635,0.0041519
2024-08-14,M2 FFF,-2.48048,0.00423699
2024-08-15,M2 FFF,-2.2351,0.0122042
2024-08-16,M2 FFF,-2.43144,0.00709973
2024-08-17,M2 FFF,-3.0443,0.00169987
2024-08-18,M2 FFF,-2.96901,0.00137559
2024-08-19,M2 FFF,-2.77386,0.00281557
2024-08-20,M2 FFF,-2.73456,0.00414531
2024-08-21,M2 FFF,-2.71684,0.00970202
2024-08-22,M2 FFF,-2.94302,0.00178094
2024-08-23,M2 FFF,-2.49964,0.0202471
2024-08-24,M2 FFF,-3.01364,0.00149997
2024-08-25,M2 FFF,-3.16477,0.00119426
2024-08-26,M2 FFF,-3.06168,0.000922079
2024-08-27,M2 FFF,-2.15324,0.0746686
2024-08-28,M2 FFF,-2.17302,0.0130032
2024-08-29,M2 FFF,-2.65561,0.00295862
2024-08-30,M2 FFF,-2.80568,0.00217801
2024-08-31,M2 FFF,-3.39091,0.000856394
2024-09-01,M2 FFF,-2.88505,0.0025715
2024-09-02,M2 FFF,-2.9303,0.00217753
2024-09-03,M2 FFF,-3.07735,0.00100297
2024-09-04,M2 FFF,-1.80376,0.1691
2024-09-05,M2 FFF,-2.46582,0.0069441
2024-09-06,M2 FFF,-2.0071,0.0181939
2024-09-07,M2 FFF,-3.11111,0.00117873
2024-09-08,M2 FFF,-3.02035,0.00234578
2024-09-09,M2 FFF,-2.65887,0.00294509
2024-09-10,M2 FFF,-2.87496,0.0022238
2024-09-11,M2 FFF,-2.44435,0.00762001
2024-09-12,M2 FFF,-2.8573,0.00253838
2024-09-13,M2 FFF,-3.13872,0.00219793
2024-09-14,M2 FFF,-3.3519,0.000921741
2024-09-15,M2 FFF,-3.31492,0.00116826
2024-09-16,M2 FFF,-2.96225,0.00140291
2024-09-17,M2 FFF,-2.79426,0.00401422
2024-09-18,M2 FFF,-2.49969,0.00729567
2024-09-19,M2 FFF,-2.8804,0.00121884
2024-09-20,M2 FFF,-3.0101,0.0010041
2024-09-21,M2 FFF,-3.55613,0.00057084
2024-09-22,M2 FFF,-3.40821,0.000840474
2024-09-23,M2 FFF,-3.05914,0.00133958
2024-09-24,M2 FFF,-3.18841,0.000932565
2024-09-25,M2 FFF,-3.28247,0.000862768
2024-09-26,M2 FFF,-3.1039,0.00174671
2024-09-27,M2 FFF,-3.36641,0.000501565
2024-09-28,M2 FFF,-3.68125,0.00038901
2024-09-29,M2 FFF,-3.75136,0.000358056
2024-09-30,M2 FFF,-3.06649,0.0010432
2024-10-01,M2 FFF,-2.78875,0.00308659
2024-10-02,M2 FFF,-2.43199,0.00771061
2024-10-03,M2 FFF,-2.863,0.00138458
2024-10-04,M2 FFF,-3.17693,0.00109319
2024-10-05,M2 FFF,-3.59508,0.00054649
2024-10-06,M2 FFF,-3.59336,0.000413422
2024-10-07,M2 FFF,-2.9082,0.00230485
2024-10-08,M2 FFF,-3.21031,0.000858068
2024-10-09,M2 FFF,-3.37787,0.000830334
2024-10-10,M2 FFF,-3.10952,0.00205024
2024-10-11,M2 FFF,-3.26863,0.000890305
2024-10-12,M2 FFF,-3.53107,0.000476306
2024-10-13,M2 FFF,-3.49332,0.00047615
2024-10-14,M2 FFF,-2.93583,0.00159684
2024-10-15,M2 FFF,-2.55246,0.00866007
2024-10-16,M2 FFF,-3.01936,0.00342643
2024-10-17,M2 FFF,-3.21614,0.00069725
2024-10-18,M2 FFF,-3.24276,0.00105281
2024-10-19,M2 FFF,-3.6997,0.000511287
2024-10-20,M2 FFF,-3.68406,0.000489959
2024-10-21,M2 FFF,-3.22703,0.00124477
2024-10-22,M2 FFF,-3.2165,0.00130128
2024-10-23,M2 FFF,-3.2664,0.000717767
2024-10-24,M2 FFF,-3.38887,0.000687207
2024-10-25,M2 FFF,-2.34742,0.0171887
2024-10-26,M2 FFF,-3.61524,0.000414041
2024-10-27,M2 FFF,-3.73574,0.000366579
2024-10-28,M2 FFF,-3.25855,0.000776741
2024-10-29,M2 FFF,-2.8572,0.00277403
2024-10-30,M2 FFF,-3.01722,0.00261613
2024-10-31,M2 FFF,-3.16211,0.00141043
2024-11-01,M2 FFF,-2.5629,0.00489371
2024-11-02,M2 FFF,-3.50454,0.000524369
2024-11-03,M2 FFF,-3.1675,0.00109772
2024-11-04,M2 FFF,-3.01749,0.00155925
2024-11-05,M2 FFF,-2.89623,0.0028965
2024-11-06,M2 FFF,-0.687228,0.0157669
2024-11-07,M2 FFF,-2.62153,0.0029962
2024-11-08,M2 FFF,-2.84852,0.0016415
2024-11-09,M2 FFF,-3.12967,0.00141335
2024-11-10,M2 FFF,-2.36488,0.0118762
2024-11-11,M2 FFF,-2.13582,0.00888575
2024-11-12,M2 FFF,-1.37871,0.0314906
2024-11-13,M2 FFF,-1.46371,0.0300038
2024-11-14,M2 FFF,-1.8617,0.0222544
2024-11-15,M2 FFF,-2.14388,0.00607304
2024-11-16,M2 FFF,-2.65229,0.0028217
2024-11-17,M2 FFF,-2.67871,0.00220737
2024-11-18,M2 FFF,-2.32747,0.00761848
2024-11-19,M2 FFF,-2.59798,0.00242426
2024-11-20,M2 FFF,-2.74878,0.00206515
2024-11-21,M2 FFF,-2.36365,0.00465373
2024-11-22,M2 FFF,-2.85562,0.00113331
2024-11-23,M2 FFF,-3.17922,0.000992402
2024-11-24,M2 FFF,-3.09505,0.000754598
2024-11-25,M2 FFF,-2.42746,0.00487283
2024-11-26,M2 FFF,-2.2123,0.00409635
2024-11-27,M2 FFF,-2.8069,0.00208533
2024-11-28,M2 FFF,-2.90521,0.00118079
2024-11-29,M2 FFF,-2.99871,0.00103179
2024-11-30,M2 FFF,-3.3185,0.000897483
2024-12-01,M2 FFF,-3.31001,0.000671769
2024-12-02,M2 FFF,-2.72346,0.0021791
2024-12-03,M2 FFF,-3.02039,0.00252931
2024-12-04,M2 FFF,-2.88791,0.00231491
2024-12-05,M2 FFF,1.70335,1.076
2024-12-06,M2 FFF,-2.50112,0.0055896
2024-12-07,M2 FFF,-3.3246,0.000485848
2024-12-08,M2 FFF,-3.34312,0.000530367
2024-12-09,M2 FFF,-1.64543,0.0481563
2024-12-10,M2 FFF,-2.04617,0.00656934
2024-12-11,M2 FFF,-2.78485,0.00172999
2024-12-12,M2 FFF,-2.78081,0.00266814
2024-12-13,M2 FFF,-3.11303,0.00144519
2024-12-14,M2 FFF,-3.31675,0.00135645
2024-12-15,M2 FFF,-3.21765,0.00098425
2024-12-16,M2 FFF,-2.69949,0.00470751
2024-12-17,M2 FFF,-2.99962,0.00224534
2024-12-18,M2 FFF,-1.9699,0.0121676
2024-12-19,M2 FFF,-1.46503,0.0219608
2024-12-20,M2 FFF,-1.43371,0.0290624
2024-12-21,M2 FFF,-2.86546,0.00115308
2024-12-22,M2 FFF,-2.80261,0.00162244
2024-12-23,M2 FFF,-2.26611,0.0035362
2024-12-24,M2 FFF,-2.87862,0.00138624
2024-12-25,M2 FFF,-2.99309,0.00126457
2024-12-26,M2 FFF,-2.72489,0.0015017
2024-12-27,M2 FFF,-2.54266,0.00496102
2024-12-28,M2 FFF,-3.33752,0.000780374
2024-12-29,M2 FFF,-3.34637,0.000732469
2024-12-30,M2 FFF,-2.88427,0.00282559
2024-12-31,M2 FFF,-2.82519,0.00301639
2024-01-01,M3 FFF+intraday GARCH,-3.54537,0.000565843
2024-01-02,M3 FFF+intraday GARCH,-2.36706,0.00496009
2024-01-03,M3 FFF+intraday GARCH,-2.02848,2.38067
2024-01-04,M3 FFF+intraday GARCH,-2.5386,0.0039183
2024-01-05,M3 FFF+intraday GARCH,-1.93697,0.0355607
2024-01-06,M3 FFF+intraday GARCH,-3.98449,0.00013357
2024-01-07,M3 FFF+intraday GARCH,-3.54444,0.00062254
2024-01-08,M3 FFF+intraday GARCH,-2.23801,0.0119166
2024-01-09,M3 FFF+intraday GARCH,-0.920661,0.43092
2024-01-10,M3 FFF+intraday GARCH,-2.09551,0.0359977
2024-01-11,M3 FFF+intraday GARCH,-2.20918,0.0198721
2024-01-12,M3 FFF+intraday GARCH,-1.87009,0.105184
2024-01-13,M3 FFF+intraday GARCH,-2.9486,0.00134246
2024-01-14,M3 FFF+intraday GARCH,-3.47298,0.000983915
2024-01-15,M3 FFF+intraday GARCH,-3.08907,0.0011682
2024-01-16,M3 FFF+intraday GARCH,-3.09502,0.0077426
2024-01-17,M3 FFF+intraday GARCH,-3.46734,0.00123349
2024-01-18,M3 FFF+intraday GARCH,-3.33447,0.00290788
2024-01-19,M3 FFF+intraday GARCH,-2.98383,0.00267708
2024-01-20,M3 FFF+intraday GARCH,-4.37096,4.19609e-05
2024-01-21,M3 FFF+intraday GARCH,-4.85712,3.04199e-05
2024-01-22,M3 FFF+intraday GARCH,-2.40277,0.00366325
2024-01-23,M3 FFF+intraday GARCH,-2.691,0.00271496
2024-01-24,M3 FFF+intraday GARCH,-2.96499,0.00112282
2024-01-25,M3 FFF+intraday GARCH,-3.71984,0.00037605
2024-01-26,M3 FFF+intraday GARCH,-3.26016,0.00112259
2024-01-27,M3 FFF+intraday GARCH,-4.42006,7.97947e-05
2024-01-28,M3 FFF+intraday GARCH,-3.38721,0.000560497
2024-01-29,M3 FFF+intraday GARCH,-3.34436,0.00104644
2024-01-30,M3 FFF+intraday GARCH,-3.18938,0.00278109
2024-01-31,M3 FFF+intraday GARCH,-3.08161,0.00234245
2024-02-01,M3 FFF+intraday GARCH,-3.21132,0.000784938
2024-02-02,M3 FFF+intraday GARCH,-3.61601,0.000909983
2024-02-03,M3 FFF+intraday GARCH,-4.84802,3.89143e-05
2024-02-04,M3 FFF+intraday GARCH,-4.32962,0.000351851
2024-02-05,M3 FFF+intraday GARCH,-3.48542,0.000765585
2024-02-06,M3 FFF+intraday GARCH,-3.73177,0.000423093
2024-02-07,M3 FFF+intraday GARCH,-3.60782,0.00147956
2024-02-08,M3 FFF+intraday GARCH,-3.4785,0.000355697
2024-02-09,M3 FFF+intraday GARCH,-2.68058,0.00494018
2024-02-10,M3 FFF+intraday GARCH,-4.08602,0.000195491
2024-02-11,M3 FFF+intraday GARCH,-3.60858,0.000290166
2024-02-12,M3 FFF+intraday GARCH,-2.9526,0.00290619
2024-02-13,M3 FFF+intraday GARCH,-3.08512,0.00707169
2024-02-14,M3 FFF+intraday GARCH,-2.96214,0.0059134
2024-02-15,M3 FFF+intraday GARCH,-2.68942,0.00299516
2024-02-16,M3 FFF+intraday GARCH,-3.38886,0.000654734
2024-02-17,M3 FFF+intraday GARCH,-3.80213,0.00109018
2024-02-18,M3 FFF+intraday GARCH,-3.68245,0.00061942
2024-02-19,M3 FFF+intraday GARCH,-3.66826,0.000306517
2024-02-20,M3 FFF+intraday GARCH,-2.93322,0.00375978
2024-02-21,M3 FFF+intraday GARCH,-3.23994,0.000759769
2024-02-22,M3 FFF+intraday GARCH,-2.9887,0.00184727
2024-02-23,M3 FFF+intraday GARCH,-3.57855,0.000538956
2024-02-24,M3 FFF+intraday GARCH,-4.61118,6.24246e-05
2024-02-25,M3 FFF+intraday GARCH,-4.34159,8.22229e-05
2024-02-26,M3 FFF+intraday GARCH,-3.29525,0.00599395
2024-02-27,M3 FFF+intraday GARCH,-2.20666,0.0313846
2024-02-28,M3 FFF+intraday GARCH,-2.08027,0.0570802
2024-02-29,M3 FFF+intraday GARCH,-1.77297,0.0102925
2024-03-01,M3 FFF+intraday GARCH,-2.50563,0.00364495
2024-03-02,M3 FFF+intraday GARCH,-3.60939,0.000247591
2024-03-03,M3 FFF+intraday GARCH,-3.55889,0.000520035
2024-03-04,M3 FFF+intraday GARCH,-1.50587,0.224303
2024-03-05,M3 FFF+intraday GARCH,-0.972015,0.149908
2024-03-06,M3 FFF+intraday GARCH,-1.49565,0.0247244
2024-03-07,M3 FFF+intraday GARCH,-2.42752,0.00505993
2024-03-08,M3 FFF+intraday GARCH,-2.41661,0.0432275
2024-03-09,M3 FFF+intraday GARCH,-4.19265,8.63554e-05
2024-03-10,M3 FFF+intraday GARCH,-3.16115,0.000981869
2024-03-11,M3 FFF+intraday GARCH,-2.42033,0.00916481
2024-03-12,M3 FFF+intraday GARCH,-2.39215,0.00696089
2024-03-13,M3 FFF+intraday GARCH,-2.92915,0.00125
2024-03-14,M3 FFF+intraday GARCH,-2.35228,0.011952
2024-03-15,M3 FFF+intraday GARCH,-1.10611,0.0803485
2024-03-16,M3 FFF+intraday GARCH,-2.40201,0.0111805
2024-03-17,M3 FFF+intraday GARCH,-2.19012,0.0094957
2024-03-18,M3 FFF+intraday GARCH,-2.18274,0.00862411
2024-03-19,M3 FFF+intraday GARCH,-1.17,0.0240166
2024-03-20,M3 FFF+intraday GARCH,-1.39787,0.0335759
2024-03-21,M3 FFF+intraday GARCH,-2.04229,0.0102583
2024-03-22,M3 FFF+intraday GARCH,-2.10068,0.00650645
2024-03-23,M3 FFF+intraday GARCH,-2.49298,0.00299907
2024-03-24,M3 FFF+intraday GARCH,-2.49622,0.00308138
2024-03-25,M3 FFF+intraday GARCH,-2.47988,0.00333504
2024-03-26,M3 FFF+intraday GARCH,-2.60099,0.00307854
2024-03-27,M3 FFF+intraday GARCH,-2.68104,0.00795941
2024-03-28,M3 FFF+intraday GARCH,-2.82128,0.00167863
2024-03-29,M3 FFF+intraday GARCH,-3.47591,0.000689241
2024-03-30,M3 FFF+intraday GARCH,-4.3394,8.55651e-05
2024-03-31,M3 FFF+intraday GARCH,-3.7476,0.000678858
2024-04-01,M3 FFF+intraday GARCH,-2.94238,0.00272903
2024-04-02,M3 FFF+intraday GARCH,-1.91359,0.15249
2024-04-03,M3 FFF+intraday GARCH,-2.70897,0.00522266
2024-04-04,M3 FFF+intraday GARCH,-2.80502,0.00283713
2024-04-05,M3 FFF+intraday GARCH,-2.41211,0.00556772
2024-04-06,M3 FFF+intraday GARCH,-3.7346,0.000720534
2024-04-07,M3 FFF+intraday GARCH,-3.4253,0.000539737
2024-04-08,M3 FFF+intraday GARCH,-2.91738,0.00397218
2024-04-09,M3 FFF+intraday GARCH,-2.71547,0.00374143
2024-04-10,M3 FFF+intraday GARCH,-2.1772,0.0112583
2024-04-11,M3 FFF+intraday GARCH,-2.75435,0.00699512
2024-04-12,M3 FFF+intraday GARCH,-2.80644,0.0260111
2024-04-13,M3 FFF+intraday GARCH,-2.0269,0.828409
2024-04-14,M3 FFF+intraday GARCH,-1.38504,0.0380777
2024-04-15,M3 FFF+intraday GARCH,-2.24716,0.00608631
2024-04-16,M3 FFF+intraday GARCH,-1.86221,0.010525
2024-04-17,M3 FFF+intraday GARCH,-1.97567,0.0187522
2024-04-18,M3 FFF+intraday GARCH,-2.17671,0.00673495
2024-04-19,M3 FFF+intraday GARCH,-1.40744,0.0462008
2024-04-20,M3 FFF+intraday GARCH,-3.12784,0.00186076
2024-04-21,M3 FFF+intraday GARCH,-3.3678,0.000863391
2024-04-22,M3 FFF+intraday GARCH,-2.78112,0.00585686
2024-04-23,M3 FFF+intraday GARCH,-3.49745,0.000425635
2024-04-24,M3 FFF+intraday GARCH,-2.97257,0.00237379
2024-04-25,M3 FFF+intraday GARCH,-2.84559,0.00140367
2024-04-26,M3 FFF+intraday GARCH,-3.26841,0.00129222
2024-04-27,M3 FFF+intraday GARCH,-3.30989,0.00201132
2024-04-28,M3 FFF+intraday GARCH,-3.74903,0.000391382
2024-04-29,M3 FFF+intraday GARCH,-2.9183,0.00170886
2024-04-30,M3 FFF+intraday GARCH,-2.30441,0.00709547
2024-05-01,M3 FFF+intraday GARCH,-1.73267,0.0521155
2024-05-02,M3 FFF+intraday GARCH,-2.43886,0.0040483
2024-05-03,M3 FFF+intraday GARCH,-2.51019,0.0256239
2024-05-04,M3 FFF+intraday GARCH,-2.91533,0.00424784
2024-05-05,M3 FFF+intraday GARCH,-3.3637,0.000885564
2024-05-06,M3 FFF+intraday GARCH,-2.76858,0.00290085
2024-05-07,M3 FFF+intraday GARCH,-2.7374,0.00356621
2024-05-08,M3 FFF+intraday GARCH,-2.8807,0.00180472
2024-05-09,M3 FFF+intraday GARCH,-3.09934,0.0011667
2024-05-10,M3 FFF+intraday GARCH,-3.07074,0.00214211
2024-05-11,M3 FFF+intraday GARCH,-4.15783,0.000159585
2024-05-12,M3 FFF+intraday GARCH,-4.08762,0.000307302
2024-05-13,M3 FFF+intraday GARCH,-3.01499,0.00493599
2024-05-14,M3 FFF+intraday GARCH,-2.96556,0.00844845
2024-05-15,M3 FFF+intraday GARCH,-2.39542,0.0374934
2024-05-16,M3 FFF+intraday GARCH,-3.27947,0.000689961
2024-05-17,M3 FFF+intraday GARCH,-3.20273,0.00120076
2024-05-18,M3 FFF+intraday GARCH,-4.22411,0.000278877
2024-05-19,M3 FFF+intraday GARCH,-3.74102,0.000609673
2024-05-20,M3 FFF+intraday GARCH,-2.54629,0.00842838
2024-05-21,M3 FFF+intraday GARCH,-3.05572,0.00182063
2024-05-22,M3 FFF+intraday GARCH,-3.33334,0.000753349
2024-05-23,M3 FFF+intraday GARCH,-3.07282,0.00796644
2024-05-24,M3 FFF+intraday GARCH,-3.40241,0.000665646
2024-05-25,M3 FFF+intraday GARCH,-4.54448,7.1788e-05
2024-05-26,M3 FFF+intraday GARCH,-4.27718,0.000346469
2024-05-27,M3 FFF+intraday GARCH,-2.94542,0.0033485
2024-05-28,M3 FFF+intraday GARCH,-2.67027,0.00473447
2024-05-29,M3 FFF+intraday GARCH,-3.39705,0.000939576
2024-05-30,M3 FFF+intraday GARCH,-3.16872,0.00115057
2024-05-31,M3 FFF+intraday GARCH,-3.38622,0.00197766
2024-06-01,M3 FFF+intraday GARCH,-5.04584,1.63643e-05
2024-06-02,M3 FFF+intraday GARCH,-4.28379,0.000455087
2024-06-03,M3 FFF+intraday GARCH,-3.10438,0.00143648
2024-06-04,M3 FFF+intraday GARCH,-3.40643,0.000918784
2024-06-05,M3 FFF+intraday GARCH,-3.3895,0.000651956
2024-06-06,M3 FFF+intraday GARCH,-3.90814,0.000244755
2024-06-07,M3 FFF+intraday GARCH,-3.37442,0.0222086
2024-06-08,M3 FFF+intraday GARCH,-5.28014,1.00335e-05
2024-06-09,M3 FFF+intraday GARCH,-5.23041,3.85129e-05
2024-06-10,M3 FFF+intraday GARCH,-4.3028,0.00011141
2024-06-11,M3 FFF+intraday GARCH,-2.67965,0.0044085
2024-06-12,M3 FFF+intraday GARCH,-2.17253,0.0523131
2024-06-13,M3 FFF+intraday GARCH,-3.23949,0.000924021
2024-06-14,M3 FFF+intraday GARCH,-3.23342,0.00305582
2024-06-15,M3 FFF+intraday GARCH,-4.82553,3.89768e-05
2024-06-16,M3 FFF+intraday GARCH,-4.77577,0.000159885
2024-06-17,M3 FFF+intraday GARCH,-3.09321,0.00242093
2024-06-18,M3 FFF+intraday GARCH,-2.6321,0.0133477
2024-06-19,M3 FFF+intraday GARCH,-3.81698,0.000300043
2024-06-20,M3 FFF+intraday GARCH,-3.35122,0.000996365
2024-06-21,M3 FFF+intraday GARCH,-3.31124,0.000773711
2024-06-22,M3 FFF+intraday GARCH,-5.28585,1.56053e-05
2024-06-23,M3 FFF+intraday GARCH,-4.65858,0.0002615
2024-06-24,M3 FFF+intraday GARCH,-2.35722,0.0194066
2024-06-25,M3 FFF+intraday GARCH,-2.62009,0.00506134
2024-06-26,M3 FFF+intraday GARCH,-3.34352,0.000698555
2024-06-27,M3 FFF+intraday GARCH,-3.60577,0.000461864
2024-06-28,M3 FFF+intraday GARCH,-3.36672,0.000976354
2024-06-29,M3 FFF+intraday GARCH,-4.58938,7.08424e-05
2024-06-30,M3 FFF+intraday GARCH,-3.79156,0.00348833
2024-07-01,M3 FFF+intraday GARCH,-3.48802,0.000869562
2024-07-02,M3 FFF+intraday GARCH,-3.99106,0.000283303
2024-07-03,M3 FFF+intraday GARCH,-3.02871,0.0021012
2024-07-04,M3 FFF+intraday GARCH,-2.22526,0.0068803
2024-07-05,M3 FFF+intraday GARCH,-1.62452,0.121364
2024-07-06,M3 FFF+intraday GARCH,-3.26215,0.00104074
2024-07-07,M3 FFF+intraday GARCH,-3.04093,0.00137104
2024-07-08,M3 FFF+intraday GARCH,-1.72989,0.0917216
2024-07-09,M3 FFF+intraday GARCH,-2.61068,0.00670537
2024-07-10,M3 FFF+intraday GARCH,-2.66824,0.0035362
2024-07-11,M3 FFF+intraday GARCH,-2.53116,0.00716614
2024-07-12,M3 FFF+intraday GARCH,-2.9794,0.00142179
2024-07-13,M3 FFF+intraday GARCH,-3.81613,0.00160881
2024-07-14,M3 FFF+intraday GARCH,-3.0623,0.00328781
2024-07-15,M3 FFF+intraday GARCH,-2.48014,0.00707992
2024-07-16,M3 FFF+intraday GARCH,-2.32743,0.00553739
2024-07-17,M3 FFF+intraday GARCH,-2.62298,0.0019693
2024-07-18,M3 FFF+intraday GARCH,-3.10172,0.000819615
2024-07-19,M3 FFF+intraday GARCH,-2.78678,0.00292026
2024-07-20,M3 FFF+intraday GARCH,-3.7655,0.000673011
2024-07-21,M3 FFF+intraday GARCH,-3.37966,0.00218105
2024-07-22,M3 FFF+intraday GARCH,-3.33634,0.000613307
2024-07-23,M3 FFF+intraday GARCH,-3.01296,0.00183991
2024-07-24,M3 FFF+intraday GARCH,-3.19709,0.000883772
2024-07-25,M3 FFF+intraday GARCH,-2.39622,0.0204597
2024-07-26,M3 FFF+intraday GARCH,-3.3192,0.000940985
2024-07-27,M3 FFF+intraday GARCH,-3.19506,0.0598395
2024-07-28,M3 FFF+intraday GARCH,-3.65699,0.00050195
2024-07-29,M3 FFF+intraday GARCH,-2.64564,0.00373751
2024-07-30,M3 FFF+intraday GARCH,-3.10464,0.00124512
2024-07-31,M3 FFF+intraday GARCH,-3.1111,0.00133895
2024-08-01,M3 FFF+intraday GARCH,-2.77305,0.00225577
2024-08-02,M3 FFF+intraday GARCH,-2.32399,0.00589666
2024-08-03,M3 FFF+intraday GARCH,-2.84092,0.00469566
2024-08-04,M3 FFF+intraday GARCH,-2.69834,0.0142323
2024-08-05,M3 FFF+intraday GARCH,0.0777572,1.24689
2024-08-06,M3 FFF+intraday GARCH,-1.59313,0.0240072
2024-08-07,M3 FFF+intraday GARCH,-2.04367,0.00751236
2024-08-08,M3 FFF+intraday GARCH,-1.0058,0.274511
2024-08-09,M3 FFF+intraday GARCH,-2.11846,0.0125663
2024-08-10,M3 FFF+intraday GARCH,-3.6981,0.000347751
2024-08-11,M3 FFF+intraday GARCH,-3.00947,0.00261876
2024-08-12,M3 FFF+intraday GARCH,-1.91881,0.025337
2024-08-13,M3 FFF+intraday GARCH,-2.48261,0.00336208
2024-08-14,M3 FFF+intraday GARCH,-2.83492,0.00373373
2024-08-15,M3 FFF+intraday GARCH,-2.19842,0.0126472
2024-08-16,M3 FFF+intraday GARCH,-2.63894,0.00707766
2024-08-17,M3 FFF+intraday GARCH,-4.38195,6.21992e-05
2024-08-18,M3 FFF+intraday GARCH,-3.57136,0.000459304
2024-08-19,M3 FFF+intraday GARCH,-2.67894,0.00285983
2024-08-20,M3 FFF+intraday GARCH,-2.9448,0.00404837
2024-08-21,M3 FFF+intraday GARCH,-2.93206,0.0101847
2024-08-22,M3 FFF+intraday GARCH,-3.16518,0.00160763
2024-08-23,M3 FFF+intraday GARCH,-2.59317,0.0211228
2024-08-24,M3 FFF+intraday GARCH,-3.78605,0.000435115
2024-08-25,M3 FFF+intraday GARCH,-4.20087,0.000219764
2024-08-26,M3 FFF+intraday GARCH,-3.39552,0.000619548
2024-08-27,M3 FFF+intraday GARCH,-2.91183,0.0706389
2024-08-28,M3 FFF+intraday GARCH,-2.29342,0.013374
2024-08-29,M3 FFF+intraday GARCH,-2.82487,0.00279687
2024-08-30,M3 FFF+intraday GARCH,-3.05107,0.00208188
2024-08-31,M3 FFF+intraday GARCH,-4.70117,3.9487e-05
2024-09-01,M3 FFF+intraday GARCH,-2.91962,0.00258136
2024-09-02,M3 FFF+intraday GARCH,-2.91423,0.00222665
2024-09-03,M3 FFF+intraday GARCH,-3.35956,0.000754378
2024-09-04,M3 FFF+intraday GARCH,-2.51514,0.178366
2024-09-05,M3 FFF+intraday GARCH,-2.26563,0.00706962
2024-09-06,M3 FFF+intraday GARCH,-2.26736,0.0182997
2024-09-07,M3 FFF+intraday GARCH,-3.58012,0.000492894
2024-09-08,M3 FFF+intraday GARCH,-3.38697,0.00198692
2024-09-09,M3 FFF+intraday GARCH,-2.62671,0.00314183
2024-09-10,M3 FFF+intraday GARCH,-2.92599,0.00230449
2024-09-11,M3 FFF+intraday GARCH,-2.62524,0.00792391
2024-09-12,M3 FFF+intraday GARCH,-2.99159,0.00248203
2024-09-13,M3 FFF+intraday GARCH,-3.4712,0.0021319
2024-09-14,M3 FFF+intraday GARCH,-4.09863,0.0002996
2024-09-15,M3 FFF+intraday GARCH,-4.16235,0.000829287
2024-09-16,M3 FFF+intraday GARCH,-2.99607,0.00146358
2024-09-17,M3 FFF+intraday GARCH,-2.9068,0.0040997
2024-09-18,M3 FFF+intraday GARCH,-2.66064,0.00715869
2024-09-19,M3 FFF+intraday GARCH,-2.95628,0.00130948
2024-09-20,M3 FFF+intraday GARCH,-3.14059,0.000932144
2024-09-21,M3 FFF+intraday GARCH,-4.71091,7.62371e-05
2024-09-22,M3 FFF+intraday GARCH,-3.88369,0.000595749
2024-09-23,M3 FFF+intraday GARCH,-3.16047,0.00135728
2024-09-24,M3 FFF+intraday GARCH,-3.27705,0.000974577
2024-09-25,M3 FFF+intraday GARCH,-3.38449,0.000825767
2024-09-26,M3 FFF+intraday GARCH,-3.15305,0.00184442
2024-09-27,M3 FFF+intraday GARCH,-3.61478,0.000357217
2024-09-28,M3 FFF+intraday GARCH,-4.50896,4.52522e-05
2024-09-29,M3 FFF+intraday GARCH,-4.62802,5.19397e-05
2024-09-30,M3 FFF+intraday GARCH,-3.02345,0.00110301
2024-10-01,M3 FFF+intraday GARCH,-3.03443,0.00311885
2024-10-02,M3 FFF+intraday GARCH,-2.52484,0.00813029
2024-10-03,M3 FFF+intraday GARCH,-2.93316,0.00139762
2024-10-04,M3 FFF+intraday GARCH,-3.43529,0.00102043
2024-10-05,M3 FFF+intraday GARCH,-4.74841,2.69313e-05
2024-10-06,M3 FFF+intraday GARCH,-4.40596,7.33495e-05
2024-10-07,M3 FFF+intraday GARCH,-2.9475,0.00237023
2024-10-08,M3 FFF+intraday GARCH,-3.36625,0.000856649
2024-10-09,M3 FFF+intraday GARCH,-3.56839,0.000828689
2024-10-10,M3 FFF+intraday GARCH,-3.29194,0.00201728
2024-10-11,M3 FFF+intraday GARCH,-3.36275,0.000930235
2024-10-12,M3 FFF+intraday GARCH,-4.30779,0.000121624
2024-10-13,M3 FFF+intraday GARCH,-4.01865,0.000245181
2024-10-14,M3 FFF+intraday GARCH,-3.01421,0.00160039
2024-10-15,M3 FFF+intraday GARCH,-2.82729,0.0076841
2024-10-16,M3 FFF+intraday GARCH,-3.16033,0.00353296
2024-10-17,M3 FFF+intraday GARCH,-3.42628,0.000557554
2024-10-18,M3 FFF+intraday GARCH,-3.50943,0.000921699
2024-10-19,M3 FFF+intraday GARCH,-5.15526,2.25869e-05
2024-10-20,M3 FFF+intraday GARCH,-4.78559,0.000169988
2024-10-21,M3 FFF+intraday GARCH,-3.27456,0.00127404
2024-10-22,M3 FFF+intraday GARCH,-3.40254,0.00130024
2024-10-23,M3 FFF+intraday GARCH,-3.36751,0.000690233
2024-10-24,M3 FFF+intraday GARCH,-3.54363,0.000645131
2024-10-25,M3 FFF+intraday GARCH,-2.9048,0.016288
2024-10-26,M3 FFF+intraday GARCH,-4.33904,0.000545067
2024-10-27,M3 FFF+intraday GARCH,-4.65249,8.73799e-05
2024-10-28,M3 FFF+intraday GARCH,-3.35957,0.000806229
2024-10-29,M3 FFF+intraday GARCH,-2.98419,0.00287668
2024-10-30,M3 FFF+intraday GARCH,-3.1806,0.00269702
2024-10-31,M3 FFF+intraday GARCH,-3.40642,0.00140572
2024-11-01,M3 FFF+intraday GARCH,-2.77463,0.00446662
2024-11-02,M3 FFF+intraday GARCH,-4.17872,0.000114367
2024-11-03,M3 FFF+intraday GARCH,-3.29109,0.00108742
2024-11-04,M3 FFF+intraday GARCH,-2.96924,0.00165039
2024-11-05,M3 FFF+intraday GARCH,-2.89857,0.00306307
2024-11-06,M3 FFF+intraday GARCH,-1.86134,0.0147297
2024-11-07,M3 FFF+intraday GARCH,-3.03335,0.00196071
2024-11-08,M3 FFF+intraday GARCH,-3.43052,0.00063666
2024-11-09,M3 FFF+intraday GARCH,-4.38564,7.71133e-05
2024-11-10,M3 FFF+intraday GARCH,-2.48175,0.0124248
2024-11-11,M3 FFF+intraday GARCH,-2.19456,0.00903936
2024-11-12,M3 FFF+intraday GARCH,-1.40189,0.0327215
2024-11-13,M3 FFF+intraday GARCH,-1.60987,0.0296529
2024-11-14,M3 FFF+intraday GARCH,-1.944,0.0219457
2024-11-15,M3 FFF+intraday GARCH,-2.19369,0.00610076
2024-11-16,M3 FFF+intraday GARCH,-3.42586,0.000588256
2024-11-17,M3 FFF+intraday GARCH,-3.12422,0.000847545
2024-11-18,M3 FFF+intraday GARCH,-2.38893,0.00837459
2024-11-19,M3 FFF+intraday GARCH,-2.703,0.00249301
2024-11-20,M3 FFF+intraday GARCH,-2.90796,0.00197396
2024-11-21,M3 FFF+intraday GARCH,-2.47393,0.00474817
2024-11-22,M3 FFF+intraday GARCH,-3.14346,0.000687012
2024-11-23,M3 FFF+intraday GARCH,-4.00533,0.000211208
2024-11-24,M3 FFF+intraday GARCH,-3.40836,0.000427769
2024-11-25,M3 FFF+intraday GARCH,-2.60634,0.00463341
2024-11-26,M3 FFF+intraday GARCH,-2.21612,0.00445623
2024-11-27,M3 FFF+intraday GARCH,-2.87698,0.00203425
2024-11-28,M3 FFF+intraday GARCH,-3.20575,0.000675067
2024-11-29,M3 FFF+intraday GARCH,-3.2932,0.000653342
2024-11-30,M3 FFF+intraday GARCH,-4.31235,0.000101208
2024-12-01,M3 FFF+intraday GARCH,-3.94656,0.000128802
2024-12-02,M3 FFF+intraday GARCH,-2.70048,0.00224269
2024-12-03,M3 FFF+intraday GARCH,-3.21806,0.0024626
2024-12-04,M3 FFF+intraday GARCH,-2.99088,0.00233936
2024-12-05,M3 FFF+intraday GARCH,-0.614812,1.13399
2024-12-06,M3 FFF+intraday GARCH,-2.46972,0.00799094
2024-12-07,M3 FFF+intraday GARCH,-3.71511,0.000207217
2024-12-08,M3 FFF+intraday GARCH,-3.57532,0.000335156
2024-12-09,M3 FFF+intraday GARCH,-2.28287,0.0472807
2024-12-10,M3 FFF+intraday GARCH,-2.37944,0.00555607
2024-12-11,M3 FFF+intraday GARCH,-2.93054,0.00160514
2024-12-12,M3 FFF+intraday GARCH,-2.79559,0.00276195
2024-12-13,M3 FFF+intraday GARCH,-3.49741,0.00123156
2024-12-14,M3 FFF+intraday GARCH,-3.77511,0.00100869
2024-12-15,M3 FFF+intraday GARCH,-3.54852,0.000789767
2024-12-16,M3 FFF+intraday GARCH,-2.8009,0.00482513
2024-12-17,M3 FFF+intraday GARCH,-3.14586,0.00218524
2024-12-18,M3 FFF+intraday GARCH,-2.4149,0.0109528
2024-12-19,M3 FFF+intraday GARCH,-2.08174,0.0195479
2024-12-20,M3 FFF+intraday GARCH,-1.68449,0.030958
2024-12-21,M3 FFF+intraday GARCH,-2.98611,0.00110246
2024-12-22,M3 FFF+intraday GARCH,-2.84838,0.00159972
2024-12-23,M3 FFF+intraday GARCH,-2.28908,0.00373194
2024-12-24,M3 FFF+intraday GARCH,-2.89009,0.00149205
2024-12-25,M3 FFF+intraday GARCH,-3.19097,0.00107853
2024-12-26,M3 FFF+intraday GARCH,-2.7845,0.0015008
2024-12-27,M3 FFF+intraday GARCH,-2.75107,0.0050301
2024-12-28,M3 FFF+intraday GARCH,-4.17578,0.000210373
2024-12-29,M3 FFF+intraday GARCH,-4.08468,0.000390491
2024-12-30,M3 FFF+intraday GARCH,-2.96478,0.00293364
2024-12-31,M3 FFF+intraday GARCH,-2.84804,0.00310697
2024-01-01,M4 raw intraday GARCH,-3.53897,0.0005778
2024-01-02,M4 raw intraday GARCH,-2.36159,0.00512029
2024-01-03,M4 raw intraday GARCH,-2.0343,2.33998
2024-01-04,M4 raw intraday GARCH,-2.52987,0.00398527
2024-01-05,M4 raw intraday GARCH,-1.9933,0.03621
2024-01-06,M4 raw intraday GARCH,-3.98216,0.000132791
2024-01-07,M4 raw intraday GARCH,-3.54457,0.000632505
2024-01-08,M4 raw intraday GARCH,-2.23787,0.0117993
2024-01-09,M4 raw intraday GARCH,-0.799424,0.434524
2024-01-10,M4 raw intraday GARCH,-2.08624,0.0364708
2024-01-11,M4 raw intraday GARCH,-2.19334,0.0204895
2024-01-12,M4 raw intraday GARCH,-1.86491,0.107326
2024-01-13,M4 raw intraday GARCH,-2.94417,0.00126631
2024-01-14,M4 raw intraday GARCH,-3.47216,0.000988958
2024-01-15,M4 raw intraday GARCH,-3.08145,0.00118055
2024-01-16,M4 raw intraday GARCH,-3.08443,0.0079603
2024-01-17,M4 raw intraday GARCH,-3.45797,0.00126248
2024-01-18,M4 raw intraday GARCH,-3.33222,0.00294654
2024-01-19,M4 raw intraday GARCH,-2.98221,0.00271129
2024-01-20,M4 raw intraday GARCH,-4.3719,4.21046e-05
2024-01-21,M4 raw intraday GARCH,-4.85774,3.01169e-05
2024-01-22,M4 raw intraday GARCH,-2.39858,0.00366126
2024-01-23,M4 raw intraday GARCH,-2.68846,0.00273629
2024-01-24,M4 raw intraday GARCH,-2.96578,0.00112224
2024-01-25,M4 raw intraday GARCH,-3.70899,0.000378178
2024-01-26,M4 raw intraday GARCH,-3.26015,0.00110223
2024-01-27,M4 raw intraday GARCH,-4.4286,7.88907e-05
2024-01-28,M4 raw intraday GARCH,-3.3779,0.000566961
2024-01-29,M4 raw intraday GARCH,-3.33975,0.00108467
2024-01-30,M4 raw intraday GARCH,-3.19352,0.00277887
2024-01-31,M4 raw intraday GARCH,-3.05623,0.00238816
2024-02-01,M4 raw intraday GARCH,-3.19911,0.000796601
2024-02-02,M4 raw intraday GARCH,-3.58165,0.000927225
2024-02-03,M4 raw intraday GARCH,-4.85319,3.94928e-05
2024-02-04,M4 raw intraday GARCH,-4.31387,0.000360705
2024-02-05,M4 raw intraday GARCH,-3.471,0.000778774
2024-02-06,M4 raw intraday GARCH,-3.73436,0.000423247
2024-02-07,M4 raw intraday GARCH,-3.60399,0.00149244
2024-02-08,M4 raw intraday GARCH,-3.46897,0.00036473
2024-02-09,M4 raw intraday GARCH,-2.68471,0.00501177
2024-02-10,M4 raw intraday GARCH,-4.08617,0.000198497
2024-02-11,M4 raw intraday GARCH,-3.60839,0.000289649
2024-02-12,M4 raw intraday GARCH,-2.94615,0.0029978
2024-02-13,M4 raw intraday GARCH,-3.07608,0.00718716
2024-02-14,M4 raw intraday GARCH,-2.96718,0.00591384
2024-02-15,M4 raw intraday GARCH,-2.6654,0.00307452
2024-02-16,M4 raw intraday GARCH,-3.38922,0.000671072
2024-02-17,M4 raw intraday GARCH,-3.78193,0.00110928
2024-02-18,M4 raw intraday GARCH,-3.67081,0.000630381
2024-02-19,M4 raw intraday GARCH,-3.6523,0.00031502
2024-02-20,M4 raw intraday GARCH,-2.92585,0.00382212
2024-02-21,M4 raw intraday GARCH,-3.22954,0.000758632
2024-02-22,M4 raw intraday GARCH,-2.97336,0.00188365
2024-02-23,M4 raw intraday GARCH,-3.58238,0.000547489
2024-02-24,M4 raw intraday GARCH,-4.62064,6.29261e-05
2024-02-25,M4 raw intraday GARCH,-4.33856,8.35696e-05
2024-02-26,M4 raw intraday GARCH,-3.29363,0.0060877
2024-02-27,M4 raw intraday GARCH,-2.21554,0.0319196
2024-02-28,M4 raw intraday GARCH,-2.0598,0.0582322
2024-02-29,M4 raw intraday GARCH,-1.75621,0.0106679
2024-03-01,M4 raw intraday GARCH,-2.49102,0.00371065
2024-03-02,M4 raw intraday GARCH,-3.60781,0.000247048
2024-03-03,M4 raw intraday GARCH,-3.54711,0.000520337
2024-03-04,M4 raw intraday GARCH,-1.534,0.230367
2024-03-05,M4 raw intraday GARCH,-0.980055,0.151221
2024-03-06,M4 raw intraday GARCH,-1.49066,0.0248476
2024-03-07,M4 raw intraday GARCH,-2.42491,0.00516583
2024-03-08,M4 raw intraday GARCH,-2.40934,0.0445036
2024-03-09,M4 raw intraday GARCH,-4.20103,8.30644e-05
2024-03-10,M4 raw intraday GARCH,-3.15715,0.00100323
2024-03-11,M4 raw intraday GARCH,-2.41291,0.00924373
2024-03-12,M4 raw intraday GARCH,-2.38114,0.00705823
2024-03-13,M4 raw intraday GARCH,-2.91952,0.00126618
2024-03-14,M4 raw intraday GARCH,-2.34161,0.0121412
2024-03-15,M4 raw intraday GARCH,-1.11745,0.0802305
2024-03-16,M4 raw intraday GARCH,-2.39963,0.0113939
2024-03-17,M4 raw intraday GARCH,-2.17266,0.00998166
2024-03-18,M4 raw intraday GARCH,-2.17767,0.00882081
2024-03-19,M4 raw intraday GARCH,-1.16994,0.0241493
2024-03-20,M4 raw intraday GARCH,-1.39778,0.0339588
2024-03-21,M4 raw intraday GARCH,-2.03761,0.0103052
2024-03-22,M4 raw intraday GARCH,-2.08429,0.00667791
2024-03-23,M4 raw intraday GARCH,-2.49606,0.00301759
2024-03-24,M4 raw intraday GARCH,-2.49401,0.00310446
2024-03-25,M4 raw intraday GARCH,-2.4729,0.00341093
2024-03-26,M4 raw intraday GARCH,-2.59131,0.00315679
2024-03-27,M4 raw intraday GARCH,-2.65825,0.00811409
2024-03-28,M4 raw intraday GARCH,-2.81602,0.00170523
2024-03-29,M4 raw intraday GARCH,-3.47453,0.000693404
2024-03-30,M4 raw intraday GARCH,-4.3525,8.56405e-05
2024-03-31,M4 raw intraday GARCH,-3.73597,0.000679281
2024-04-01,M4 raw intraday GARCH,-2.9367,0.00275782
2024-04-02,M4 raw intraday GARCH,-1.93057,0.154454
2024-04-03,M4 raw intraday GARCH,-2.68782,0.00529529
2024-04-04,M4 raw intraday GARCH,-2.7993,0.00285593
2024-04-05,M4 raw intraday GARCH,-2.40633,0.00560711
2024-04-06,M4 raw intraday GARCH,-3.73792,0.000732712
2024-04-07,M4 raw intraday GARCH,-3.41919,0.000549078
2024-04-08,M4 raw intraday GARCH,-2.91805,0.00399688
2024-04-09,M4 raw intraday GARCH,-2.7077,0.00383181
2024-04-10,M4 raw intraday GARCH,-2.14645,0.0112377
2024-04-11,M4 raw intraday GARCH,-2.7412,0.00701994
2024-04-12,M4 raw intraday GARCH,-2.7976,0.0260956
2024-04-13,M4 raw intraday GARCH,-2.03014,0.829275
2024-04-14,M4 raw intraday GARCH,-1.39628,0.0387491
2024-04-15,M4 raw intraday GARCH,-2.23607,0.00617049
2024-04-16,M4 raw intraday GARCH,-1.85614,0.0104606
2024-04-17,M4 raw intraday GARCH,-1.95286,0.0192906
2024-04-18,M4 raw intraday GARCH,-2.16327,0.00683238
2024-04-19,M4 raw intraday GARCH,-1.41765,0.0468088
2024-04-20,M4 raw intraday GARCH,-3.12017,0.00195795
2024-04-21,M4 raw intraday GARCH,-3.36482,0.000876332
2024-04-22,M4 raw intraday GARCH,-2.77591,0.00600033
2024-04-23,M4 raw intraday GARCH,-3.48338,0.000437052
2024-04-24,M4 raw intraday GARCH,-2.95243,0.00242804
2024-04-25,M4 raw intraday GARCH,-2.84203,0.00140987
2024-04-26,M4 raw intraday GARCH,-3.26159,0.00131801
2024-04-27,M4 raw intraday GARCH,-3.31111,0.00206129
2024-04-28,M4 raw intraday GARCH,-3.75353,0.000395871
2024-04-29,M4 raw intraday GARCH,-2.92073,0.00172767
2024-04-30,M4 raw intraday GARCH,-2.30648,0.00714436
2024-05-01,M4 raw intraday GARCH,-1.74418,0.0522658
2024-05-02,M4 raw intraday GARCH,-2.42663,0.0041288
2024-05-03,M4 raw intraday GARCH,-2.476,0.02549
2024-05-04,M4 raw intraday GARCH,-2.89651,0.00430313
2024-05-05,M4 raw intraday GARCH,-3.34582,0.000900849
2024-05-06,M4 raw intraday GARCH,-2.77438,0.00289981
2024-05-07,M4 raw intraday GARCH,-2.73865,0.00361442
2024-05-08,M4 raw intraday GARCH,-2.86478,0.0018353
2024-05-09,M4 raw intraday GARCH,-3.09554,0.00118209
2024-05-10,M4 raw intraday GARCH,-3.06093,0.00220672
2024-05-11,M4 raw intraday GARCH,-4.15367,0.000164126
2024-05-12,M4 raw intraday GARCH,-4.09284,0.000310303
2024-05-13,M4 raw intraday GARCH,-3.01753,0.00498257
2024-05-14,M4 raw intraday GARCH,-2.95409,0.0085369
2024-05-15,M4 raw intraday GARCH,-2.28651,0.0373637
2024-05-16,M4 raw intraday GARCH,-3.25755,0.000703636
2024-05-17,M4 raw intraday GARCH,-3.20726,0.00122709
2024-05-18,M4 raw intraday GARCH,-4.21638,0.0002818
2024-05-19,M4 raw intraday GARCH,-3.74533,0.00060148
2024-05-20,M4 raw intraday GARCH,-2.53902,0.00852433
2024-05-21,M4 raw intraday GARCH,-3.04042,0.00180987
2024-05-22,M4 raw intraday GARCH,-3.32608,0.000762749
2024-05-23,M4 raw intraday GARCH,-3.05365,0.00803657
2024-05-24,M4 raw intraday GARCH,-3.39254,0.000681903
2024-05-25,M4 raw intraday GARCH,-4.55405,6.96057e-05
2024-05-26,M4 raw intraday GARCH,-4.28713,0.000352234
2024-05-27,M4 raw intraday GARCH,-2.93701,0.0033714
2024-05-28,M4 raw intraday GARCH,-2.69328,0.00478779
2024-05-29,M4 raw intraday GARCH,-3.40024,0.000946571
2024-05-30,M4 raw intraday GARCH,-3.16051,0.00115854
2024-05-31,M4 raw intraday GARCH,-3.36596,0.00199375
2024-06-01,M4 raw intraday GARCH,-5.05285,1.6219e-05
2024-06-02,M4 raw intraday GARCH,-4.26796,0.000447454
2024-06-03,M4 raw intraday GARCH,-3.09334,0.00146653
2024-06-04,M4 raw intraday GARCH,-3.3977,0.000938854
2024-06-05,M4 raw intraday GARCH,-3.38183,0.000667108
2024-06-06,M4 raw intraday GARCH,-3.89441,0.000246367
2024-06-07,M4 raw intraday GARCH,-3.38717,0.0221031
2024-06-08,M4 raw intraday GARCH,-5.29938,9.58635e-06
2024-06-09,M4 raw intraday GARCH,-5.21413,3.79813e-05
2024-06-10,M4 raw intraday GARCH,-4.29785,0.000111875
2024-06-11,M4 raw intraday GARCH,-2.71801,0.00447459
2024-06-12,M4 raw intraday GARCH,-2.08232,0.05207
2024-06-13,M4 raw intraday GARCH,-3.23243,0.000936805
2024-06-14,M4 raw intraday GARCH,-3.2233,0.0031167
2024-06-15,M4 raw intraday GARCH,-4.81948,3.88243e-05
2024-06-16,M4 raw intraday GARCH,-4.77353,0.000162668
2024-06-17,M4 raw intraday GARCH,-3.09217,0.00245945
2024-06-18,M4 raw intraday GARCH,-2.63954,0.0136464
2024-06-19,M4 raw intraday GARCH,-3.82809,0.00029719
2024-06-20,M4 raw intraday GARCH,-3.3412,0.000999297
2024-06-21,M4 raw intraday GARCH,-3.31076,0.000778797
2024-06-22,M4 raw intraday GARCH,-5.33198,1.57435e-05
2024-06-23,M4 raw intraday GARCH,-4.62078,0.000263167
2024-06-24,M4 raw intraday GARCH,-2.36964,0.0194374
2024-06-25,M4 raw intraday GARCH,-2.62434,0.00510751
2024-06-26,M4 raw intraday GARCH,-3.34706,0.000709087
2024-06-27,M4 raw intraday GARCH,-3.60421,0.000463529
2024-06-28,M4 raw intraday GARCH,-3.36176,0.000985856
2024-06-29,M4 raw intraday GARCH,-4.58565,7.23216e-05
2024-06-30,M4 raw intraday GARCH,-3.77643,0.00355092
2024-07-01,M4 raw intraday GARCH,-3.48427,0.000894019
2024-07-02,M4 raw intraday GARCH,-3.98298,0.000288515
2024-07-03,M4 raw intraday GARCH,-3.04138,0.00211185
2024-07-04,M4 raw intraday GARCH,-2.23771,0.00702338
2024-07-05,M4 raw intraday GARCH,-1.62523,0.121813
2024-07-06,M4 raw intraday GARCH,-3.23623,0.00107094
2024-07-07,M4 raw intraday GARCH,-3.04268,0.0013834
2024-07-08,M4 raw intraday GARCH,-1.71212,0.0930489
2024-07-09,M4 raw intraday GARCH,-2.60037,0.00680953
2024-07-10,M4 raw intraday GARCH,-2.62649,0.00354077
2024-07-11,M4 raw intraday GARCH,-2.52532,0.00721222
2024-07-12,M4 raw intraday GARCH,-2.97686,0.001451
2024-07-13,M4 raw intraday GARCH,-3.80777,0.00164782
2024-07-14,M4 raw intraday GARCH,-3.03792,0.0033319
2024-07-15,M4 raw intraday GARCH,-2.49624,0.00717349
2024-07-16,M4 raw intraday GARCH,-2.3172,0.00563719
2024-07-17,M4 raw intraday GARCH,-2.59256,0.00200536
2024-07-18,M4 raw intraday GARCH,-3.09757,0.000842497
2024-07-19,M4 raw intraday GARCH,-2.77494,0.0029451
2024-07-20,M4 raw intraday GARCH,-3.74624,0.000685497
2024-07-21,M4 raw intraday GARCH,-3.36928,0.00219721
2024-07-22,M4 raw intraday GARCH,-3.32421,0.000627665
2024-07-23,M4 raw intraday GARCH,-3.00729,0.0018736
2024-07-24,M4 raw intraday GARCH,-3.1894,0.000901793
2024-07-25,M4 raw intraday GARCH,-2.42606,0.0209344
2024-07-26,M4 raw intraday GARCH,-3.30637,0.000958891
2024-07-27,M4 raw intraday GARCH,-3.17888,0.0601946
2024-07-28,M4 raw intraday GARCH,-3.64074,0.00052304
2024-07-29,M4 raw intraday GARCH,-2.60563,0.0038457
2024-07-30,M4 raw intraday GARCH,-3.0978,0.00126326
2024-07-31,M4 raw intraday GARCH,-3.10108,0.00135656
2024-08-01,M4 raw intraday GARCH,-2.76517,0.0022988
2024-08-02,M4 raw intraday GARCH,-2.30848,0.0060919
2024-08-03,M4 raw intraday GARCH,-2.83974,0.00479365
2024-08-04,M4 raw intraday GARCH,-2.69896,0.0143876
2024-08-05,M4 raw intraday GARCH,0.096112,1.26262
2024-08-06,M4 raw intraday GARCH,-1.56866,0.0247964
2024-08-07,M4 raw intraday GARCH,-2.03288,0.00773702
2024-08-08,M4 raw intraday GARCH,-0.944908,0.278475
2024-08-09,M4 raw intraday GARCH,-2.10425,0.0127748
2024-08-10,M4 raw intraday GARCH,-3.70002,0.00036434
2024-08-11,M4 raw intraday GARCH,-2.9884,0.00264681
2024-08-12,M4 raw intraday GARCH,-1.90733,0.0259993
2024-08-13,M4 raw intraday GARCH,-2.47983,0.00340659
2024-08-14,M4 raw intraday GARCH,-2.81985,0.00382098
2024-08-15,M4 raw intraday GARCH,-2.20467,0.0127723
2024-08-16,M4 raw intraday GARCH,-2.62712,0.00716213
2024-08-17,M4 raw intraday GARCH,-4.38399,6.31672e-05
2024-08-18,M4 raw intraday GARCH,-3.5779,0.000458554
2024-08-19,M4 raw intraday GARCH,-2.65858,0.0029014
2024-08-20,M4 raw intraday GARCH,-2.91626,0.00423145
2024-08-21,M4 raw intraday GARCH,-2.91838,0.0102905
2024-08-22,M4 raw intraday GARCH,-3.16199,0.00161956
2024-08-23,M4 raw intraday GARCH,-2.56191,0.0214553
2024-08-24,M4 raw intraday GARCH,-3.78718,0.000438049
2024-08-25,M4 raw intraday GARCH,-4.19345,0.000222663
2024-08-26,M4 raw intraday GARCH,-3.38189,0.000637919
2024-08-27,M4 raw intraday GARCH,-2.90163,0.0725326
2024-08-28,M4 raw intraday GARCH,-2.28396,0.0134334
2024-08-29,M4 raw intraday GARCH,-2.81472,0.0028119
2024-08-30,M4 raw intraday GARCH,-3.04271,0.00212386
2024-08-31,M4 raw intraday GARCH,-4.69497,3.98372e-05
2024-09-01,M4 raw intraday GARCH,-2.92516,0.00263132
2024-09-02,M4 raw intraday GARCH,-2.90051,0.00224908
2024-09-03,M4 raw intraday GARCH,-3.36233,0.000764091
2024-09-04,M4 raw intraday GARCH,-2.50033,0.183241
2024-09-05,M4 raw intraday GARCH,-2.25196,0.00719564
2024-09-06,M4 raw intraday GARCH,-2.25635,0.0185873
2024-09-07,M4 raw intraday GARCH,-3.573,0.000495949
2024-09-08,M4 raw intraday GARCH,-3.3753,0.00205211
2024-09-09,M4 raw intraday GARCH,-2.61375,0.00322827
2024-09-10,M4 raw intraday GARCH,-2.91737,0.00234231
2024-09-11,M4 raw intraday GARCH,-2.63358,0.00808239
2024-09-12,M4 raw intraday GARCH,-2.97809,0.00254957
2024-09-13,M4 raw intraday GARCH,-3.45142,0.00219816
2024-09-14,M4 raw intraday GARCH,-4.08949,0.000301066
2024-09-15,M4 raw intraday GARCH,-4.15494,0.000844294
2024-09-16,M4 raw intraday GARCH,-2.97752,0.00148831
2024-09-17,M4 raw intraday GARCH,-2.89843,0.00416217
2024-09-18,M4 raw intraday GARCH,-2.66932,0.0071466
2024-09-19,M4 raw intraday GARCH,-2.94483,0.00131957
2024-09-20,M4 raw intraday GARCH,-3.13668,0.000951226
2024-09-21,M4 raw intraday GARCH,-4.7225,7.85773e-05
2024-09-22,M4 raw intraday GARCH,-3.87688,0.000623811
2024-09-23,M4 raw intraday GARCH,-3.14192,0.00140952
2024-09-24,M4 raw intraday GARCH,-3.26831,0.000995809
2024-09-25,M4 raw intraday GARCH,-3.38559,0.000847165
2024-09-26,M4 raw intraday GARCH,-3.14142,0.00189117
2024-09-27,M4 raw intraday GARCH,-3.61007,0.000361393
2024-09-28,M4 raw intraday GARCH,-4.50512,4.50853e-05
2024-09-29,M4 raw intraday GARCH,-4.62091,5.24711e-05
2024-09-30,M4 raw intraday GARCH,-3.03328,0.00110673
2024-10-01,M4 raw intraday GARCH,-3.02185,0.00318377
2024-10-02,M4 raw intraday GARCH,-2.51515,0.00818208
2024-10-03,M4 raw intraday GARCH,-2.91744,0.00142918
2024-10-04,M4 raw intraday GARCH,-3.42518,0.00103708
2024-10-05,M4 raw intraday GARCH,-4.75791,2.73661e-05
2024-10-06,M4 raw intraday GARCH,-4.39956,7.47489e-05
2024-10-07,M4 raw intraday GARCH,-2.93854,0.00243651
2024-10-08,M4 raw intraday GARCH,-3.35498,0.000886486
2024-10-09,M4 raw intraday GARCH,-3.55589,0.000839584
2024-10-10,M4 raw intraday GARCH,-3.271,0.00202894
2024-10-11,M4 raw intraday GARCH,-3.36641,0.000938443
2024-10-12,M4 raw intraday GARCH,-4.30173,0.000123303
2024-10-13,M4 raw intraday GARCH,-4.01197,0.000250754
2024-10-14,M4 raw intraday GARCH,-3.00808,0.00161946
2024-10-15,M4 raw intraday GARCH,-2.80933,0.00796572
2024-10-16,M4 raw intraday GARCH,-3.11805,0.00357973
2024-10-17,M4 raw intraday GARCH,-3.42122,0.000561607
2024-10-18,M4 raw intraday GARCH,-3.49915,0.000935037
2024-10-19,M4 raw intraday GARCH,-5.19342,2.22589e-05
2024-10-20,M4 raw intraday GARCH,-4.76362,0.000175218
2024-10-21,M4 raw intraday GARCH,-3.26495,0.00129832
2024-10-22,M4 raw intraday GARCH,-3.3879,0.00133862
2024-10-23,M4 raw intraday GARCH,-3.36555,0.000692549
2024-10-24,M4 raw intraday GARCH,-3.53161,0.000668782
2024-10-25,M4 raw intraday GARCH,-2.9115,0.01643
2024-10-26,M4 raw intraday GARCH,-4.34009,0.000469091
2024-10-27,M4 raw intraday GARCH,-4.63424,8.80857e-05
2024-10-28,M4 raw intraday GARCH,-3.35994,0.000815632
2024-10-29,M4 raw intraday GARCH,-2.96582,0.00290828
2024-10-30,M4 raw intraday GARCH,-3.16658,0.00271944
2024-10-31,M4 raw intraday GARCH,-3.38874,0.00142558
2024-11-01,M4 raw intraday GARCH,-2.76202,0.00462658
2024-11-02,M4 raw intraday GARCH,-4.16986,0.0001163
2024-11-03,M4 raw intraday GARCH,-3.28985,0.00110808
2024-11-04,M4 raw intraday GARCH,-2.9571,0.00168453
2024-11-05,M4 raw intraday GARCH,-2.87555,0.00310499
2024-11-06,M4 raw intraday GARCH,-1.8623,0.014965
2024-11-07,M4 raw intraday GARCH,-3.02757,0.00197684
2024-11-08,M4 raw intraday GARCH,-3.42955,0.000647222
2024-11-09,M4 raw intraday GARCH,-4.39532,7.74621e-05
2024-11-10,M4 raw intraday GARCH,-2.48359,0.0125217
2024-11-11,M4 raw intraday GARCH,-2.18708,0.0092549
2024-11-12,M4 raw intraday GARCH,-1.39076,0.033434
2024-11-13,M4 raw intraday GARCH,-1.60354,0.0300101
2024-11-14,M4 raw intraday GARCH,-1.94225,0.0225437
2024-11-15,M4 raw intraday GARCH,-2.17682,0.00624754
2024-11-16,M4 raw intraday GARCH,-3.40929,0.000599396
2024-11-17,M4 raw intraday GARCH,-3.12229,0.000862947
2024-11-18,M4 raw intraday GARCH,-2.38011,0.00847827
2024-11-19,M4 raw intraday GARCH,-2.68985,0.0025306
2024-11-20,M4 raw intraday GARCH,-2.90577,0.00200175
2024-11-21,M4 raw intraday GARCH,-2.4715,0.00482445
2024-11-22,M4 raw intraday GARCH,-3.13674,0.000702784
2024-11-23,M4 raw intraday GARCH,-4.00235,0.000214417
2024-11-24,M4 raw intraday GARCH,-3.39411,0.00043713
2024-11-25,M4 raw intraday GARCH,-2.5944,0.00478747
2024-11-26,M4 raw intraday GARCH,-2.20791,0.00451994
2024-11-27,M4 raw intraday GARCH,-2.86659,0.00208658
2024-11-28,M4 raw intraday GARCH,-3.19883,0.000674491
2024-11-29,M4 raw intraday GARCH,-3.29171,0.000669522
2024-11-30,M4 raw intraday GARCH,-4.31884,0.000101542
2024-12-01,M4 raw intraday GARCH,-3.94933,0.000130392
2024-12-02,M4 raw intraday GARCH,-2.70141,0.00228301
2024-12-03,M4 raw intraday GARCH,-3.2116,0.00252131
2024-12-04,M4 raw intraday GARCH,-2.99481,0.00238073
2024-12-05,M4 raw intraday GARCH,-0.641115,1.15363
2024-12-06,M4 raw intraday GARCH,-2.46713,0.00811876
2024-12-07,M4 raw intraday GARCH,-3.7162,0.000203571
2024-12-08,M4 raw intraday GARCH,-3.5807,0.000333263
2024-12-09,M4 raw intraday GARCH,-2.26937,0.047858
2024-12-10,M4 raw intraday GARCH,-2.37828,0.0057164
2024-12-11,M4 raw intraday GARCH,-2.9257,0.00164717
2024-12-12,M4 raw intraday GARCH,-2.80196,0.0028016
2024-12-13,M4 raw intraday GARCH,-3.49591,0.00126233
2024-12-14,M4 raw intraday GARCH,-3.78322,0.0010382
2024-12-15,M4 raw intraday GARCH,-3.55183,0.000796283
2024-12-16,M4 raw intraday GARCH,-2.78669,0.00501028
2024-12-17,M4 raw intraday GARCH,-3.1406,0.00225596
2024-12-18,M4 raw intraday GARCH,-2.41208,0.011063
2024-12-19,M4 raw intraday GARCH,-2.08609,0.0197303
2024-12-20,M4 raw intraday GARCH,-1.66374,0.0311911
2024-12-21,M4 raw intraday GARCH,-2.97364,0.00112204
2024-12-22,M4 raw intraday GARCH,-2.84641,0.00164589
2024-12-23,M4 raw intraday GARCH,-2.28431,0.00383741
2024-12-24,M4 raw intraday GARCH,-2.88638,0.00151865
2024-12-25,M4 raw intraday GARCH,-3.19063,0.00106041
2024-12-26,M4 raw intraday GARCH,-2.78065,0.00152989
2024-12-27,M4 raw intraday GARCH,-2.75207,0.00509012
2024-12-28,M4 raw intraday GARCH,-4.16975,0.000214234
2024-12-29,M4 raw intraday GARCH,-4.06692,0.00040074
2024-12-30,M4 raw intraday GARCH,-2.95714,0.00300114
2024-12-31,M4 raw intraday GARCH,-2.8447,0.0031639
2025-01-01,M0 flat,-3.30447,0.000561601
2025-01-02,M0 flat,-2.81206,0.00176398
2025-01-03,M0 flat,-3.25899,0.00106561
2025-01-04,M0 flat,-3.56787,0.000499562
2025-01-05,M0 flat,-3.5348,0.000558028
2025-01-06,M0 flat,-2.865,0.00427353
2025-01-07,M0 flat,-2.97129,0.00125467
2025-01-08,M0 flat,-2.35287,0.0049031
2025-01-09,M0 flat,-2.4191,0.00801588
2025-01-10,M0 flat,-2.13536,0.0215441
2025-01-11,M0 flat,-3.28759,0.000864166
2025-01-12,M0 flat,-3.33396,0.0008691
2025-01-13,M0 flat,-1.81162,0.0152822
2025-01-14,M0 flat,-2.74884,0.00466322
2025-01-15,M0 flat,-2.7574,0.0107055
2025-01-16,M0 flat,-2.79167,0.00249458
2025-01-17,M0 flat,-2.89584,0.00187815
2025-01-18,M0 flat,-2.80755,0.00166943
2025-01-19,M0 flat,-0.992004,0.0797712
2025-01-20,M0 flat,2.63738,0.350655
2025-01-21,M0 flat,-1.41801,0.0298345
2025-01-22,M0 flat,-2.90034,0.00135039
2025-01-23,M0 flat,-0.67646,0.119276
2025-01-24,M0 flat,-2.77599,0.0031671
2025-01-25,M0 flat,-3.40913,0.000544463
2025-01-26,M0 flat,-3.42312,0.000793959
2025-01-27,M0 flat,-1.72529,0.00664102
2025-01-28,M0 flat,-2.75569,0.00162343
2025-01-29,M0 flat,-2.80086,0.00364468
2025-01-30,M0 flat,-3.17156,0.000898188
2025-01-31,M0 flat,-3.04498,0.00103011
2025-02-01,M0 flat,-3.39888,0.000484459
2025-02-02,M0 flat,-2.4601,0.00347495
2025-02-03,M0 flat,-0.215715,0.0431459
2025-02-04,M0 flat,-1.87933,0.0087058
2025-02-05,M0 flat,-2.64629,0.00215575
2025-02-06,M0 flat,-2.833,0.00132183
2025-02-07,M0 flat,-2.54415,0.00753638
2025-02-08,M0 flat,-3.44292,0.0005033
2025-02-09,M0 flat,-3.27658,0.00117479
2025-02-10,M0 flat,-3.12017,0.00141932
2025-02-11,M0 flat,-3.32035,0.000382648
2025-02-12,M0 flat,-2.33795,0.0305223
2025-02-13,M0 flat,-3.17552,0.000741805
2025-02-14,M0 flat,-3.0225,0.00241551
2025-02-15,M0 flat,-3.67366,0.000378601
2025-02-16,M0 flat,-3.71407,0.000436861
2025-02-17,M0 flat,-3.45323,0.000365403
2025-02-18,M0 flat,-3.14278,0.00154528
2025-02-19,M0 flat,-3.36881,0.000817922
2025-02-20,M0 flat,-3.52382,0.000375795
2025-02-21,M0 flat,-2.87343,0.00473337
2025-02-22,M0 flat,-3.69926,0.000363764
2025-02-23,M0 flat,-3.7317,0.000377999
2025-02-24,M0 flat,-2.81517,0.00160113
2025-02-25,M0 flat,-1.20023,0.0170872
2025-02-26,M0 flat,-0.936711,0.0682764
2025-02-27,M0 flat,-2.32672,0.00295854
2025-02-28,M0 flat,0.300914,0.156998
2025-03-01,M0 flat,-2.81919,0.00156213
2025-03-02,M0 flat,-0.802489,0.125334
2025-03-03,M0 flat,-1.36574,0.0467936
2025-03-04,M0 flat,-1.24642,0.0705883
2025-03-05,M0 flat,-1.93619,0.00939616
2025-03-06,M0 flat,-1.85564,0.017503
2025-03-07,M0 flat,-0.743278,0.136848
2025-03-08,M0 flat,-2.62581,0.00343668
2025-03-09,M0 flat,-2.42546,0.00370061
2025-03-10,M0 flat,-1.29146,0.0345068
2025-03-11,M0 flat,-1.62469,0.0245417
2025-03-12,M0 flat,-2.2365,0.00428681
2025-03-13,M0 flat,-2.45872,0.00224774
2025-03-14,M0 flat,-2.56488,0.00278189
2025-03-15,M0 flat,-2.89715,0.0021242
2025-03-16,M0 flat,-2.59447,0.0136087
2025-03-17,M0 flat,-2.77814,0.00188893
2025-03-18,M0 flat,-2.80239,0.00149466
2025-03-19,M0 flat,-2.76722,0.00256256
2025-03-20,M0 flat,-2.67109,0.0027519
2025-03-21,M0 flat,-2.90898,0.00141267
2025-03-22,M0 flat,-3.24717,0.00123759
2025-03-23,M0 flat,-3.22721,0.000981094
2025-03-24,M0 flat,-2.9458,0.00103875
2025-03-25,M0 flat,-3.04307,0.000767754
2025-03-26,M0 flat,-3.10158,0.000963361
2025-03-27,M0 flat,-3.2319,0.000581118
2025-03-28,M0 flat,-3.12738,0.000707931
2025-03-29,M0 flat,-3.15163,0.0010817
2025-03-30,M0 flat,-3.20908,0.00072441
2025-03-31,M0 flat,-2.70315,0.00368825
2025-04-01,M0 flat,-3.08984,0.00182665
2025-04-02,M0 flat,-1.83981,0.0433782
2025-04-03,M0 flat,-2.68623,0.00258373
2025-04-04,M0 flat,-1.92464,0.0102589
2025-04-05,M0 flat,-3.43165,0.000513662
2025-04-06,M0 flat,-2.63783,0.00348223
2025-04-07,M0 flat,0.0832372,0.148468
2025-04-08,M0 flat,-2.38436,0.0033266
2025-04-09,M0 flat,-0.761579,0.116477
2025-04-10,M0 flat,-2.34922,0.00545568
2025-04-11,M0 flat,-2.36064,0.00670324
2025-04-12,M0 flat,-2.65495,0.00255818
2025-04-13,M0 flat,-2.52107,0.00662447
2025-04-14,M0 flat,-2.49663,0.00410379
2025-04-15,M0 flat,-2.82803,0.00248231
2025-04-16,M0 flat,-2.71512,0.0027441
2025-04-17,M0 flat,-3.09794,0.000925923
2025-04-18,M0 flat,-3.36068,0.000924594
2025-04-19,M0 flat,-3.38214,0.000791413
2025-04-20,M0 flat,-3.42077,0.000641639
2025-04-21,M0 flat,-2.87521,0.00317858
2025-04-22,M0 flat,-2.41515,0.0490322
2025-04-23,M0 flat,-2.68225,0.00292511
2025-04-24,M0 flat,-2.99172,0.000966724
2025-04-25,M0 flat,-2.96775,0.0012896
2025-04-26,M0 flat,-3.3183,0.0007648
2025-04-27,M0 flat,-3.3196,0.000789582
2025-04-28,M0 flat,-3.13761,0.000791632
2025-04-29,M0 flat,-3.23517,0.000491026
2025-04-30,M0 flat,-3.23454,0.00100799
2025-05-01,M0 flat,-3.29598,0.000659964
2025-05-02,M0 flat,-3.35777,0.000526028
2025-05-03,M0 flat,-3.64867,0.000438417
2025-05-04,M0 flat,-3.50441,0.000736341
2025-05-05,M0 flat,-3.34621,0.000702969
2025-05-06,M0 flat,-3.29618,0.00111006
2025-05-07,M0 flat,-3.2169,0.00135473
2025-05-08,M0 flat,-2.92309,0.00278366
2025-05-09,M0 flat,-2.94484,0.00153838
2025-05-10,M0 flat,-3.24281,0.00157095
2025-05-11,M0 flat,-3.07825,0.00108209
2025-05-12,M0 flat,-2.62222,0.0104196
2025-05-13,M0 flat,-3.13167,0.000671664
2025-05-14,M0 flat,-3.33023,0.000624164
2025-05-15,M0 flat,-3.07739,0.000962529
2025-05-16,M0 flat,-3.3698,0.000486772
2025-05-17,M0 flat,-3.59025,0.000403969
2025-05-18,M0 flat,-3.24908,0.00105082
2025-05-19,M0 flat,-2.90693,0.000918141
2025-05-20,M0 flat,-2.85983,0.00174016
2025-05-21,M0 flat,-2.24183,0.00793214
2025-05-22,M0 flat,-3.00568,0.00111769
2025-05-23,M0 flat,-2.88185,0.00233695
2025-05-24,M0 flat,-3.21839,0.000840502
2025-05-25,M0 flat,-3.2662,0.000755369
2025-05-26,M0 flat,-3.33106,0.000521234
2025-05-27,M0 flat,-3.21412,0.000897265
2025-05-28,M0 flat,-3.41167,0.000399853
2025-05-29,M0 flat,-3.13985,0.00136424
2025-05-30,M0 flat,-3.10066,0.00083576
2025-05-31,M0 flat,-3.43023,0.000576894
2025-06-01,M0 flat,-3.55374,0.000492223
2025-06-02,M0 flat,-3.38469,0.000360355
2025-06-03,M0 flat,-3.46759,0.000525028
2025-06-04,M0 flat,-3.61393,0.000345688
2025-06-05,M0 flat,-2.97058,0.00275328
2025-06-06,M0 flat,-3.40921,0.000510172
2025-06-07,M0 flat,-3.55381,0.000499242
2025-06-08,M0 flat,-3.62786,0.000469667
2025-06-09,M0 flat,-3.26273,0.00285346
2025-06-10,M0 flat,-3.22493,0.000860531
2025-06-11,M0 flat,-3.2897,0.000769821
2025-06-12,M0 flat,-3.18538,0.0007529
2025-06-13,M0 flat,-2.77073,0.0031163
2025-06-14,M0 flat,-3.51724,0.000514861
2025-06-15,M0 flat,-3.53841,0.000450082
2025-06-16,M0 flat,-3.32048,0.00101462
2025-06-17,M0 flat,-3.16374,0.000810763
2025-06-18,M0 flat,-3.19099,0.000686081
2025-06-19,M0 flat,-3.53273,0.000405523
2025-06-20,M0 flat,-3.24522,0.00110059
2025-06-21,M0 flat,-3.28433,0.00380063
2025-06-22,M0 flat,-2.37185,0.00475012
2025-06-23,M0 flat,-2.66386,0.00330728
2025-06-24,M0 flat,-3.26203,0.000508132
2025-06-25,M0 flat,-3.30349,0.000602207
2025-06-26,M0 flat,-3.39938,0.00059345
2025-06-27,M0 flat,-3.48333,0.000443408
2025-06-28,M0 flat,-3.78523,0.000443116
2025-06-29,M0 flat,-3.71441,0.000362244
2025-06-30,M0 flat,-3.58012,0.000423569
2025-07-01,M0 flat,-3.59039,0.000329484
2025-07-02,M0 flat,-3.4645,0.000734673
2025-07-03,M0 flat,-3.40165,0.000632533
2025-07-04,M0 flat,-3.60582,0.000382924
2025-07-05,M0 flat,-3.74782,0.000432101
2025-07-06,M0 flat,-3.71909,0.00038275
2025-07-07,M0 flat,-3.60651,0.00034777
2025-07-08,M0 flat,-3.66586,0.00036314
2025-07-09,M0 flat,-3.485,0.00071191
2025-07-10,M0 flat,-2.63542,0.0814203
2025-07-11,M0 flat,-3.13902,0.000663153
2025-07-12,M0 flat,-3.56493,0.000522815
2025-07-13,M0 flat,-3.51261,0.00068306
2025-07-14,M0 flat,-2.91941,0.00502997
2025-07-15,M0 flat,-2.70211,0.00249206
2025-07-16,M0 flat,-3.22071,0.000661488
2025-07-17,M0 flat,-3.14038,0.00076654
2025-07-18,M0 flat,-3.26226,0.000783854
2025-07-19,M0 flat,-3.70439,0.000366317
2025-07-20,M0 flat,-3.63264,0.000408865
2025-07-21,M0 flat,-3.37122,0.000282302
2025-07-22,M0 flat,-3.16574,0.00113342
2025-07-23,M0 flat,-3.35176,0.000508346
2025-07-24,M0 flat,-3.45734,0.000360362
2025-07-25,M0 flat,-3.04922,0.00100364
2025-07-26,M0 flat,-3.82387,0.000313436
2025-07-27,M0 flat,-3.73945,0.000348887
2025-07-28,M0 flat,-3.51359,0.000349187
2025-07-29,M0 flat,-3.49202,0.000439183
2025-07-30,M0 flat,-3.557,0.000539997
2025-07-31,M0 flat,-3.62046,0.000384702
2025-08-01,M0 flat,-2.98546,0.00108228
2025-08-02,M0 flat,-3.55208,0.000385637
2025-08-03,M0 flat,-3.68073,0.000375051
2025-08-04,M0 flat,-3.59195,0.000351832
2025-08-05,M0 flat,-3.49305,0.000852393
2025-08-06,M0 flat,-3.57274,0.000910407
2025-08-07,M0 flat,-3.59206,0.000367406
2025-08-08,M0 flat,-3.59747,0.000478435
2025-08-09,M0 flat,-3.76162,0.000316552
2025-08-10,M0 flat,-3.55555,0.0003596
2025-08-11,M0 flat,-3.19696,0.00112449
2025-08-12,M0 flat,-3.47449,0.000569129
2025-08-13,M0 flat,-3.17106,0.00201312
2025-08-14,M0 flat,-2.3043,0.0596277
2025-08-15,M0 flat,-3.32278,0.000557523
2025-08-16,M0 flat,-3.58218,0.000581703
2025-08-17,M0 flat,-3.61335,0.000518205
2025-08-18,M0 flat,-3.33536,0.00043164
2025-08-19,M0 flat,-3.34288,0.00045377
2025-08-20,M0 flat,-3.26174,0.0006311
2025-08-21,M0 flat,-3.32055,0.000562271
2025-08-22,M0 flat,-2.83813,0.0178433
2025-08-23,M0 flat,-3.46281,0.000608439
2025-08-24,M0 flat,-3.05287,0.00540489
2025-08-25,M0 flat,-2.77409,0.00309376
2025-08-26,M0 flat,-2.95908,0.00185517
2025-08-27,M0 flat,-3.2146,0.000663715
2025-08-28,M0 flat,-3.36435,0.000546244
2025-08-29,M0 flat,-3.23736,0.000644134
2025-08-30,M0 flat,-3.42503,0.000665424
2025-08-31,M0 flat,-3.49044,0.00056769
2025-09-01,M0 flat,-3.19366,0.000575682
2025-09-02,M0 flat,-3.17542,0.00112554
2025-09-03,M0 flat,-3.32693,0.000772116
2025-09-04,M0 flat,-3.39962,0.000757688
2025-09-05,M0 flat,-3.30882,0.00148211
2025-09-06,M0 flat,-3.75561,0.000393002
2025-09-07,M0 flat,-3.75722,0.000357919
2025-09-08,M0 flat,-3.60864,0.000334271
2025-09-09,M0 flat,-3.52938,0.000649383
2025-09-10,M0 flat,-3.45725,0.000983778
2025-09-11,M0 flat,-3.54906,0.000682116
2025-09-12,M0 flat,-3.58603,0.00031815
2025-09-13,M0 flat,-3.83149,0.000331193
2025-09-14,M0 flat,-3.82253,0.000304188
2025-09-15,M0 flat,-3.56777,0.000317664
2025-09-16,M0 flat,-3.70088,0.000319291
2025-09-17,M0 flat,-3.41692,0.00112327
2025-09-18,M0 flat,-3.7007,0.000276876
2025-09-19,M0 flat,-3.82947,0.000255888
2025-09-20,M0 flat,-3.94268,0.000313879
2025-09-21,M0 flat,-3.93059,0.000290506
2025-09-22,M0 flat,-3.29544,0.00486822
2025-09-23,M0 flat,-3.62539,0.000282102
2025-09-24,M0 flat,-3.64311,0.000381157
2025-09-25,M0 flat,-3.20592,0.000773664
2025-09-26,M0 flat,-3.31613,0.000602476
2025-09-27,M0 flat,-3.70835,0.000494244
2025-09-28,M0 flat,-3.65574,0.000578375
2025-09-29,M0 flat,-3.4789,0.00166956
2025-09-30,M0 flat,-3.49079,0.000399893
2025-10-01,M0 flat,-3.39356,0.000599942
2025-10-02,M0 flat,-3.29114,0.000606487
2025-10-03,M0 flat,-3.11895,0.0014319
2025-10-04,M0 flat,-3.5849,0.000509445
2025-10-05,M0 flat,-3.07758,0.00561654
2025-10-06,M0 flat,-3.28043,0.00105371
2025-10-07,M0 flat,-3.19833,0.00141426
2025-10-08,M0 flat,-3.24209,0.000627517
2025-10-09,M0 flat,-3.26358,0.000609194
2025-10-10,M0 flat,11.5854,12.893
2025-10-11,M0 flat,-2.48847,0.00293184
2025-10-12,M0 flat,-2.51108,0.00522397
2025-10-13,M0 flat,-2.75813,0.00237666
2025-10-14,M0 flat,-2.68016,0.00184357
2025-10-15,M0 flat,-2.8363,0.00146822
2025-10-16,M0 flat,-2.35741,0.0142288
2025-10-17,M0 flat,-2.49605,0.00387524
2025-10-18,M0 flat,-3.23037,0.000899404
2025-10-19,M0 flat,-3.08974,0.00339889
2025-10-20,M0 flat,-2.99507,0.00291761
2025-10-21,M0 flat,-2.20959,0.00731464
2025-10-22,M0 flat,-2.76216,0.00294384
2025-10-23,M0 flat,-2.91132,0.00217959
2025-10-24,M0 flat,-3.20309,0.000897496
2025-10-25,M0 flat,-3.57895,0.000517514
2025-10-26,M0 flat,-3.3085,0.00586193
2025-10-27,M0 flat,-3.35058,0.000439029
2025-10-28,M0 flat,-3.18733,0.00128704
2025-10-29,M0 flat,-2.4672,0.0664074
2025-10-30,M0 flat,-2.47239,0.00882268
2025-10-31,M0 flat,-2.74997,0.00185716
2025-11-01,M0 flat,-3.57916,0.00046566
2025-11-02,M0 flat,-3.50978,0.000475293
2025-11-03,M0 flat,-2.7177,0.00561823
2025-11-04,M0 flat,-1.7189,0.0110513
2025-11-05,M0 flat,-2.56323,0.00327879
2025-11-06,M0 flat,-2.59552,0.00257724
2025-11-07,M0 flat,-2.48512,0.00891409
2025-11-08,M0 flat,-3.17075,0.000776661
2025-11-09,M0 flat,-3.08925,0.00125849
2025-11-10,M0 flat,-2.99523,0.00093385
2025-11-11,M0 flat,-2.85536,0.00487997
2025-11-12,M0 flat,-2.92501,0.00208792
2025-11-13,M0 flat,-2.44291,0.00385009
2025-11-14,M0 flat,-1.46397,0.0190907
2025-11-15,M0 flat,-2.87122,0.00110681
2025-11-16,M0 flat,-2.60287,0.00876727
2025-11-17,M0 flat,-2.44529,0.00446593
2025-11-18,M0 flat,-2.1718,0.00701936
2025-11-19,M0 flat,-2.4257,0.00315928
2025-11-20,M0 flat,-2.25292,0.00289103
2025-11-21,M0 flat,-0.460146,0.112697
2025-11-22,M0 flat,-2.81281,0.00109751
2025-11-23,M0 flat,-2.87404,0.00109423
2025-11-24,M0 flat,-2.41581,0.00439501
2025-11-25,M0 flat,-2.66139,0.00214129
2025-11-26,M0 flat,-2.77198,0.00267701
2025-11-27,M0 flat,-3.04799,0.00097444
2025-11-28,M0 flat,-2.99034,0.00170705
2025-11-29,M0 flat,-3.41463,0.000573981
2025-11-30,M0 flat,-3.40462,0.000533043
2025-12-01,M0 flat,-1.9443,0.00753222
2025-12-02,M0 flat,-2.60836,0.00387939
2025-12-03,M0 flat,-2.25211,0.02225
2025-12-04,M0 flat,-2.64563,0.00391834
2025-12-05,M0 flat,-2.73522,0.00535686
2025-12-06,M0 flat,-3.1805,0.00109698
2025-12-07,M0 flat,-2.77878,0.00387439
2025-12-08,M0 flat,-2.82986,0.00220103
2025-12-09,M0 flat,-2.69827,0.0045833
2025-12-10,M0 flat,-2.51,0.00938859
2025-12-11,M0 flat,-2.78599,0.00220884
2025-12-12,M0 flat,-2.9649,0.00232334
2025-12-13,M0 flat,-3.56053,0.000592995
2025-12-14,M0 flat,-3.34941,0.000782723
2025-12-15,M0 flat,-2.67776,0.00295517
2025-12-16,M0 flat,-3.05331,0.00135882
2025-12-17,M0 flat,-1.94153,0.0698046
2025-12-18,M0 flat,-2.04949,0.0134141
2025-12-19,M0 flat,-2.43837,0.00605101
2025-12-20,M0 flat,-3.56676,0.000582045
2025-12-21,M0 flat,-3.45914,0.000488605
2025-12-22,M0 flat,-2.96208,0.00181157
2025-12-23,M0 flat,-3.07081,0.0017605
2025-12-24,M0 flat,-3.39488,0.00106368
2025-12-25,M0 flat,-3.56713,0.000617898
2025-12-26,M0 flat,-3.21774,0.00173945
2025-12-27,M0 flat,-3.84711,0.000361268
2025-12-28,M0 flat,-3.84271,0.000322675
2025-12-29,M0 flat,-3.16855,0.00184021
2025-12-30,M0 flat,-3.39363,0.00141481
2025-12-31,M0 flat,-3.63121,0.000390942
2025-01-01,M1 hist. profile,-3.35601,0.000582587
2025-01-02,M1 hist. profile,-2.92801,0.00165848
2025-01-03,M1 hist. profile,-3.33223,0.00105705
2025-01-04,M1 hist. profile,-3.61231,0.000556048
2025-01-05,M1 hist. profile,-3.59184,0.000591317
2025-01-06,M1 hist. profile,-2.98513,0.00414459
2025-01-07,M1 hist. profile,-3.10492,0.00108683
2025-01-08,M1 hist. profile,-2.44048,0.00470301
2025-01-09,M1 hist. profile,-2.45918,0.00800674
2025-01-10,M1 hist. profile,-2.38248,0.0206765
2025-01-11,M1 hist. profile,-3.32914,0.000975719
2025-01-12,M1 hist. profile,-3.38845,0.000934853
2025-01-13,M1 hist. profile,-2.03872,0.0147512
2025-01-14,M1 hist. profile,-2.88375,0.00442015
2025-01-15,M1 hist. profile,-2.91573,0.0104251
2025-01-16,M1 hist. profile,-2.89545,0.00230596
2025-01-17,M1 hist. profile,-2.94411,0.00181702
2025-01-18,M1 hist. profile,-2.75667,0.00184275
2025-01-19,M1 hist. profile,-0.961019,0.0797347
2025-01-20,M1 hist. profile,2.79319,0.35046
2025-01-21,M1 hist. profile,-1.46452,0.0295585
2025-01-22,M1 hist. profile,-2.96273,0.00132115
2025-01-23,M1 hist. profile,-1.29559,0.116764
2025-01-24,M1 hist. profile,-2.80883,0.00313575
2025-01-25,M1 hist. profile,-3.44285,0.000617814
2025-01-26,M1 hist. profile,-3.45965,0.000863049
2025-01-27,M1 hist. profile,-1.66689,0.00659331
2025-01-28,M1 hist. profile,-2.81247,0.00155266
2025-01-29,M1 hist. profile,-2.93321,0.00350763
2025-01-30,M1 hist. profile,-3.20675,0.000906657
2025-01-31,M1 hist. profile,-3.10292,0.00102841
2025-02-01,M1 hist. profile,-3.46738,0.000483886
2025-02-02,M1 hist. profile,-2.45742,0.00348374
2025-02-03,M1 hist. profile,-0.028965,0.0430364
2025-02-04,M1 hist. profile,-1.95071,0.00848585
2025-02-05,M1 hist. profile,-2.69143,0.00212805
2025-02-06,M1 hist. profile,-2.90663,0.00125604
2025-02-07,M1 hist. profile,-2.64186,0.00727837
2025-02-08,M1 hist. profile,-3.4743,0.000571446
2025-02-09,M1 hist. profile,-3.33976,0.00115444
2025-02-10,M1 hist. profile,-3.13513,0.00144871
2025-02-11,M1 hist. profile,-3.3851,0.000382253
2025-02-12,M1 hist. profile,-2.68772,0.0299769
2025-02-13,M1 hist. profile,-3.23611,0.000721174
2025-02-14,M1 hist. profile,-3.10792,0.00237061
2025-02-15,M1 hist. profile,-3.71836,0.00042249
2025-02-16,M1 hist. profile,-3.77181,0.000467479
2025-02-17,M1 hist. profile,-3.49033,0.000392382
2025-02-18,M1 hist. profile,-3.23959,0.00150688
2025-02-19,M1 hist. profile,-3.44454,0.000808312
2025-02-20,M1 hist. profile,-3.60082,0.000357883
2025-02-21,M1 hist. profile,-3.00466,0.00465336
2025-02-22,M1 hist. profile,-3.73716,0.000408552
2025-02-23,M1 hist. profile,-3.78213,0.000414498
2025-02-24,M1 hist. profile,-2.91246,0.00153503
2025-02-25,M1 hist. profile,-1.21276,0.0169166
2025-02-26,M1 hist. profile,-1.14138,0.067742
2025-02-27,M1 hist. profile,-2.37345,0.00288206
2025-02-28,M1 hist. profile,0.75922,0.157542
2025-03-01,M1 hist. profile,-2.77862,0.00174164
2025-03-02,M1 hist. profile,-1.14329,0.124594
2025-03-03,M1 hist. profile,-1.4956,0.0455849
2025-03-04,M1 hist. profile,-1.25786,0.0703691
2025-03-05,M1 hist. profile,-1.99888,0.00909167
2025-03-06,M1 hist. profile,-1.92339,0.0171024
2025-03-07,M1 hist. profile,-0.949698,0.134822
2025-03-08,M1 hist. profile,-2.64447,0.0038585
2025-03-09,M1 hist. profile,-2.51705,0.00357033
2025-03-10,M1 hist. profile,-1.38836,0.0335187
2025-03-11,M1 hist. profile,-1.79893,0.0229249
2025-03-12,M1 hist. profile,-2.29846,0.00408152
2025-03-13,M1 hist. profile,-2.51784,0.00221305
2025-03-14,M1 hist. profile,-2.64334,0.00266099
2025-03-15,M1 hist. profile,-2.93629,0.00239191
2025-03-16,M1 hist. profile,-2.72663,0.0131823
2025-03-17,M1 hist. profile,-2.8621,0.00175289
2025-03-18,M1 hist. profile,-2.851,0.00154306
2025-03-19,M1 hist. profile,-2.84989,0.00249164
2025-03-20,M1 hist. profile,-2.7756,0.00251395
2025-03-21,M1 hist. profile,-2.97274,0.00143662
2025-03-22,M1 hist. profile,-3.28897,0.00139419
2025-03-23,M1 hist. profile,-3.28507,0.00105767
2025-03-24,M1 hist. profile,-3.00884,0.00103898
2025-03-25,M1 hist. profile,-3.09003,0.00079494
2025-03-26,M1 hist. profile,-3.17366,0.000950436
2025-03-27,M1 hist. profile,-3.28689,0.000598826
2025-03-28,M1 hist. profile,-3.17589,0.00070808
2025-03-29,M1 hist. profile,-3.16562,0.00117782
2025-03-30,M1 hist. profile,-3.26589,0.000744975
2025-03-31,M1 hist. profile,-2.82393,0.00349237
2025-04-01,M1 hist. profile,-3.17228,0.00177442
2025-04-02,M1 hist. profile,-1.99062,0.043105
2025-04-03,M1 hist. profile,-2.80851,0.00236719
2025-04-04,M1 hist. profile,-2.12023,0.00983747
2025-04-05,M1 hist. profile,-3.47751,0.000555947
2025-04-06,M1 hist. profile,-2.72872,0.00342374
2025-04-07,M1 hist. profile,-0.207309,0.146731
2025-04-08,M1 hist. profile,-2.41166,0.00330822
2025-04-09,M1 hist. profile,-0.656327,0.116597
2025-04-10,M1 hist. profile,-2.41774,0.00533425
2025-04-11,M1 hist. profile,-2.41266,0.00666967
2025-04-12,M1 hist. profile,-2.72074,0.00259119
2025-04-13,M1 hist. profile,-2.56327,0.00671591
2025-04-14,M1 hist. profile,-2.54852,0.00400256
2025-04-15,M1 hist. profile,-2.88151,0.00256167
2025-04-16,M1 hist. profile,-2.75963,0.00279347
2025-04-17,M1 hist. profile,-3.15004,0.000957553
2025-04-18,M1 hist. profile,-3.40536,0.00103227
2025-04-19,M1 hist. profile,-3.42263,0.000887433
2025-04-20,M1 hist. profile,-3.47639,0.000693739
2025-04-21,M1 hist. profile,-2.96888,0.00310853
2025-04-22,M1 hist. profile,-2.56369,0.0488151
2025-04-23,M1 hist. profile,-2.76791,0.00279812
2025-04-24,M1 hist. profile,-3.02205,0.00107153
2025-04-25,M1 hist. profile,-3.03858,0.00125727
2025-04-26,M1 hist. profile,-3.35611,0.00086557
2025-04-27,M1 hist. profile,-3.34869,0.00088121
2025-04-28,M1 hist. profile,-3.19969,0.000775047
2025-04-29,M1 hist. profile,-3.26919,0.000537513
2025-04-30,M1 hist. profile,-3.31614,0.0009764
2025-05-01,M1 hist. profile,-3.36521,0.000644903
2025-05-02,M1 hist. profile,-3.41226,0.000531632
2025-05-03,M1 hist. profile,-3.68704,0.00049798
2025-05-04,M1 hist. profile,-3.54182,0.000774492
2025-05-05,M1 hist. profile,-3.39342,0.000727695
2025-05-06,M1 hist. profile,-3.39596,0.00106611
2025-05-07,M1 hist. profile,-3.28871,0.00133265
2025-05-08,M1 hist. profile,-3.00188,0.00271613
2025-05-09,M1 hist. profile,-2.95664,0.00162869
2025-05-10,M1 hist. profile,-3.27714,0.00166834
2025-05-11,M1 hist. profile,-3.09062,0.00117236
2025-05-12,M1 hist. profile,-2.61904,0.0104626
2025-05-13,M1 hist. profile,-3.16662,0.000691052
2025-05-14,M1 hist. profile,-3.39328,0.000623852
2025-05-15,M1 hist. profile,-3.16012,0.000916995
2025-05-16,M1 hist. profile,-3.42611,0.000484433
2025-05-17,M1 hist. profile,-3.61985,0.000459493
2025-05-18,M1 hist. profile,-3.32705,0.00102921
2025-05-19,M1 hist. profile,-2.86826,0.000997304
2025-05-20,M1 hist. profile,-2.90019,0.00172526
2025-05-21,M1 hist. profile,-2.2625,0.00791989
2025-05-22,M1 hist. profile,-2.96732,0.001189
2025-05-23,M1 hist. profile,-2.98644,0.00221713
2025-05-24,M1 hist. profile,-3.25458,0.000897536
2025-05-25,M1 hist. profile,-3.29436,0.00082778
2025-05-26,M1 hist. profile,-3.36458,0.000574489
2025-05-27,M1 hist. profile,-3.26968,0.000883457
2025-05-28,M1 hist. profile,-3.46573,0.000410369
2025-05-29,M1 hist. profile,-3.21562,0.00132679
2025-05-30,M1 hist. profile,-3.12588,0.000867367
2025-05-31,M1 hist. profile,-3.45687,0.000632016
2025-06-01,M1 hist. profile,-3.60147,0.000516591
2025-06-02,M1 hist. profile,-3.44412,0.000355667
2025-06-03,M1 hist. profile,-3.52439,0.000528903
2025-06-04,M1 hist. profile,-3.67075,0.000361778
2025-06-05,M1 hist. profile,-3.10511,0.00268166
2025-06-06,M1 hist. profile,-3.46222,0.000524343
2025-06-07,M1 hist. profile,-3.6006,0.000544213
2025-06-08,M1 hist. profile,-3.68266,0.000512363
2025-06-09,M1 hist. profile,-3.30306,0.00287745
2025-06-10,M1 hist. profile,-3.29016,0.000858985
2025-06-11,M1 hist. profile,-3.38235,0.000712706
2025-06-12,M1 hist. profile,-3.2465,0.000761433
2025-06-13,M1 hist. profile,-2.7816,0.00307432
2025-06-14,M1 hist. profile,-3.56432,0.000572333
2025-06-15,M1 hist. profile,-3.59226,0.000486309
2025-06-16,M1 hist. profile,-3.35156,0.00105382
2025-06-17,M1 hist. profile,-3.20387,0.00081636
2025-06-18,M1 hist. profile,-3.27254,0.000662552
2025-06-19,M1 hist. profile,-3.58313,0.000426412
2025-06-20,M1 hist. profile,-3.29866,0.00109257
2025-06-21,M1 hist. profile,-3.36145,0.00378084
2025-06-22,M1 hist. profile,-2.57816,0.00453099
2025-06-23,M1 hist. profile,-2.77558,0.00323125
2025-06-24,M1 hist. profile,-3.28829,0.000558457
2025-06-25,M1 hist. profile,-3.37094,0.000598665
2025-06-26,M1 hist. profile,-3.44274,0.000627872
2025-06-27,M1 hist. profile,-3.52237,0.000482549
2025-06-28,M1 hist. profile,-3.83243,0.000494239
2025-06-29,M1 hist. profile,-3.76777,0.000395289
2025-06-30,M1 hist. profile,-3.64975,0.000426149
2025-07-01,M1 hist. profile,-3.65091,0.000334574
2025-07-02,M1 hist. profile,-3.53693,0.000716173
2025-07-03,M1 hist. profile,-3.46557,0.000626319
2025-07-04,M1 hist. profile,-3.65475,0.000413862
2025-07-05,M1 hist. profile,-3.78132,0.00049145
2025-07-06,M1 hist. profile,-3.77806,0.000412986
2025-07-07,M1 hist. profile,-3.6689,0.00035952
2025-07-08,M1 hist. profile,-3.71229,0.000392628
2025-07-09,M1 hist. profile,-3.57479,0.000688021
2025-07-10,M1 hist. profile,-2.73447,0.0813984
2025-07-11,M1 hist. profile,-3.14489,0.000719277
2025-07-12,M1 hist. profile,-3.61295,0.000580564
2025-07-13,M1 hist. profile,-3.58777,0.000680806
2025-07-14,M1 hist. profile,-2.79723,0.0051206
2025-07-15,M1 hist. profile,-2.74052,0.00244379
2025-07-16,M1 hist. profile,-3.30566,0.000607485
2025-07-17,M1 hist. profile,-3.15704,0.000786361
2025-07-18,M1 hist. profile,-3.3077,0.000780728
2025-07-19,M1 hist. profile,-3.7516,0.000402904
2025-07-20,M1 hist. profile,-3.68322,0.0004296
2025-07-21,M1 hist. profile,-3.39453,0.000310162
2025-07-22,M1 hist. profile,-3.19987,0.00112182
2025-07-23,M1 hist. profile,-3.41511,0.000505164
2025-07-24,M1 hist. profile,-3.451,0.00040157
2025-07-25,M1 hist. profile,-2.94757,0.00106181
2025-07-26,M1 hist. profile,-3.86337,0.000352424
2025-07-27,M1 hist. profile,-3.81004,0.000350773
2025-07-28,M1 hist. profile,-3.55518,0.000367796
2025-07-29,M1 hist. profile,-3.51804,0.000467615
2025-07-30,M1 hist. profile,-3.60728,0.000552354
2025-07-31,M1 hist. profile,-3.68925,0.000385096
2025-08-01,M1 hist. profile,-3.04028,0.00104586
2025-08-02,M1 hist. profile,-3.59697,0.00041928
2025-08-03,M1 hist. profile,-3.72497,0.000409714
2025-08-04,M1 hist. profile,-3.65234,0.00036428
2025-08-05,M1 hist. profile,-3.5678,0.000829771
2025-08-06,M1 hist. profile,-3.6168,0.000927715
2025-08-07,M1 hist. profile,-3.65412,0.000376842
2025-08-08,M1 hist. profile,-3.65834,0.000483399
2025-08-09,M1 hist. profile,-3.78537,0.000368996
2025-08-10,M1 hist. profile,-3.56478,0.000397178
2025-08-11,M1 hist. profile,-3.21996,0.00113743
2025-08-12,M1 hist. profile,-3.53016,0.000568318
2025-08-13,M1 hist. profile,-3.2916,0.0019299
2025-08-14,M1 hist. profile,-2.71242,0.0590216
2025-08-15,M1 hist. profile,-3.37455,0.000583948
2025-08-16,M1 hist. profile,-3.62208,0.000655689
2025-08-17,M1 hist. profile,-3.65843,0.000577745
2025-08-18,M1 hist. profile,-3.34239,0.000488637
2025-08-19,M1 hist. profile,-3.38561,0.000477984
2025-08-20,M1 hist. profile,-3.3517,0.000587374
2025-08-21,M1 hist. profile,-3.37525,0.000580841
2025-08-22,M1 hist. profile,-3.07864,0.0175137
2025-08-23,M1 hist. profile,-3.49204,0.000698581
2025-08-24,M1 hist. profile,-3.12308,0.00540852
2025-08-25,M1 hist. profile,-2.85435,0.0030283
2025-08-26,M1 hist. profile,-3.01391,0.00183511
2025-08-27,M1 hist. profile,-3.27238,0.000671617
2025-08-28,M1 hist. profile,-3.41645,0.000580719
2025-08-29,M1 hist. profile,-3.28359,0.00064287
2025-08-30,M1 hist. profile,-3.45454,0.000762377
2025-08-31,M1 hist. profile,-3.53654,0.000629433
2025-09-01,M1 hist. profile,-3.1786,0.00066024
2025-09-02,M1 hist. profile,-3.23614,0.00110756
2025-09-03,M1 hist. profile,-3.40351,0.000752716
2025-09-04,M1 hist. profile,-3.42877,0.000790678
2025-09-05,M1 hist. profile,-3.4018,0.00143641
2025-09-06,M1 hist. profile,-3.80008,0.000439198
2025-09-07,M1 hist. profile,-3.79994,0.000400839
2025-09-08,M1 hist. profile,-3.64584,0.00036437
2025-09-09,M1 hist. profile,-3.61106,0.000626264
2025-09-10,M1 hist. profile,-3.5227,0.000954388
2025-09-11,M1 hist. profile,-3.62171,0.000671686
2025-09-12,M1 hist. profile,-3.63207,0.000338715
2025-09-13,M1 hist. profile,-3.879,0.000367912
2025-09-14,M1 hist. profile,-3.87616,0.000333036
2025-09-15,M1 hist. profile,-3.59785,0.000343207
2025-09-16,M1 hist. profile,-3.74849,0.000340278
2025-09-17,M1 hist. profile,-3.48119,0.0011267
2025-09-18,M1 hist. profile,-3.73384,0.000301782
2025-09-19,M1 hist. profile,-3.87918,0.000276885
2025-09-20,M1 hist. profile,-3.98664,0.000351703
2025-09-21,M1 hist. profile,-3.97568,0.000325359
2025-09-22,M1 hist. profile,-3.26172,0.00491476
2025-09-23,M1 hist. profile,-3.65103,0.000316098
2025-09-24,M1 hist. profile,-3.64917,0.000427695
2025-09-25,M1 hist. profile,-3.25225,0.000768039
2025-09-26,M1 hist. profile,-3.33631,0.000651939
2025-09-27,M1 hist. profile,-3.75151,0.000555268
2025-09-28,M1 hist. profile,-3.7146,0.000612714
2025-09-29,M1 hist. profile,-3.56736,0.00164834
2025-09-30,M1 hist. profile,-3.54103,0.000431711
2025-10-01,M1 hist. profile,-3.4252,0.000629252
2025-10-02,M1 hist. profile,-3.36025,0.000583265
2025-10-03,M1 hist. profile,-3.20949,0.00139087
2025-10-04,M1 hist. profile,-3.62504,0.000572984
2025-10-05,M1 hist. profile,-2.9714,0.00577859
2025-10-06,M1 hist. profile,-3.33288,0.00105415
2025-10-07,M1 hist. profile,-3.32621,0.00126653
2025-10-08,M1 hist. profile,-3.28927,0.000640401
2025-10-09,M1 hist. profile,-3.33197,0.000596328
2025-10-10,M1 hist. profile,10.5612,12.8917
2025-10-11,M1 hist. profile,-2.44292,0.00327308
2025-10-12,M1 hist. profile,-2.58565,0.00507468
2025-10-13,M1 hist. profile,-2.8098,0.00236977
2025-10-14,M1 hist. profile,-2.73002,0.00179141
2025-10-15,M1 hist. profile,-2.88457,0.0014978
2025-10-16,M1 hist. profile,-2.33278,0.0143115
2025-10-17,M1 hist. profile,-2.50817,0.00385004
2025-10-18,M1 hist. profile,-3.24496,0.00104465
2025-10-19,M1 hist. profile,-3.09125,0.00353372
2025-10-20,M1 hist. profile,-2.96186,0.00301926
2025-10-21,M1 hist. profile,-2.38988,0.00693766
2025-10-22,M1 hist. profile,-2.84791,0.00285201
2025-10-23,M1 hist. profile,-2.94927,0.0021591
2025-10-24,M1 hist. profile,-3.26273,0.000881394
2025-10-25,M1 hist. profile,-3.61456,0.000589941
2025-10-26,M1 hist. profile,-3.40187,0.00582678
2025-10-27,M1 hist. profile,-3.37911,0.000490273
2025-10-28,M1 hist. profile,-3.25891,0.00126273
2025-10-29,M1 hist. profile,-2.64893,0.0662607
2025-10-30,M1 hist. profile,-2.31832,0.00895424
2025-10-31,M1 hist. profile,-2.77656,0.00180578
2025-11-01,M1 hist. profile,-3.61933,0.000499678
2025-11-02,M1 hist. profile,-3.53045,0.000526291
2025-11-03,M1 hist. profile,-2.74421,0.00559936
2025-11-04,M1 hist. profile,-1.71489,0.0109781
2025-11-05,M1 hist. profile,-2.54785,0.00329703
2025-11-06,M1 hist. profile,-2.63213,0.00257324
2025-11-07,M1 hist. profile,-2.57447,0.0087706
2025-11-08,M1 hist. profile,-3.18339,0.000894689
2025-11-09,M1 hist. profile,-3.16331,0.00124246
2025-11-10,M1 hist. profile,-3.05837,0.000910047
2025-11-11,M1 hist. profile,-2.82149,0.00498445
2025-11-12,M1 hist. profile,-3.0184,0.00199037
2025-11-13,M1 hist. profile,-2.48582,0.0037227
2025-11-14,M1 hist. profile,-1.3166,0.0190858
2025-11-15,M1 hist. profile,-2.86987,0.00123197
2025-11-16,M1 hist. profile,-2.67543,0.00871563
2025-11-17,M1 hist. profile,-2.5473,0.00425066
2025-11-18,M1 hist. profile,-2.10034,0.00693785
2025-11-19,M1 hist. profile,-2.45546,0.00309868
2025-11-20,M1 hist. profile,-2.33791,0.00269982
2025-11-21,M1 hist. profile,-0.40341,0.112275
2025-11-22,M1 hist. profile,-2.83556,0.001199
2025-11-23,M1 hist. profile,-2.91824,0.00112952
2025-11-24,M1 hist. profile,-2.4135,0.00436505
2025-11-25,M1 hist. profile,-2.75549,0.00195893
2025-11-26,M1 hist. profile,-2.84371,0.00263997
2025-11-27,M1 hist. profile,-3.05873,0.00103901
2025-11-28,M1 hist. profile,-3.06444,0.00165792
2025-11-29,M1 hist. profile,-3.45039,0.000652663
2025-11-30,M1 hist. profile,-3.43673,0.000593908
2025-12-01,M1 hist. profile,-2.07635,0.00732531
2025-12-02,M1 hist. profile,-2.70676,0.00364815
2025-12-03,M1 hist. profile,-2.40871,0.0216249
2025-12-04,M1 hist. profile,-2.69809,0.0039138
2025-12-05,M1 hist. profile,-2.85809,0.00504457
2025-12-06,M1 hist. profile,-3.23095,0.00119667
2025-12-07,M1 hist. profile,-2.92511,0.00353367
2025-12-08,M1 hist. profile,-2.92288,0.00207077
2025-12-09,M1 hist. profile,-2.80708,0.00443297
2025-12-10,M1 hist. profile,-2.62258,0.00928798
2025-12-11,M1 hist. profile,-2.86279,0.00212519
2025-12-12,M1 hist. profile,-3.00665,0.00232843
2025-12-13,M1 hist. profile,-3.61537,0.000644509
2025-12-14,M1 hist. profile,-3.40691,0.000814386
2025-12-15,M1 hist. profile,-2.84995,0.00269527
2025-12-16,M1 hist. profile,-3.10108,0.00133755
2025-12-17,M1 hist. profile,-2.1483,0.0695388
2025-12-18,M1 hist. profile,-2.28562,0.0130486
2025-12-19,M1 hist. profile,-2.38534,0.00605154
2025-12-20,M1 hist. profile,-3.60965,0.000649441
2025-12-21,M1 hist. profile,-3.50885,0.000526912
2025-12-22,M1 hist. profile,-3.00907,0.00177278
2025-12-23,M1 hist. profile,-3.14646,0.00168672
2025-12-24,M1 hist. profile,-3.45334,0.00106525
2025-12-25,M1 hist. profile,-3.61623,0.000652966
2025-12-26,M1 hist. profile,-3.21071,0.0017687
2025-12-27,M1 hist. profile,-3.88815,0.000406865
2025-12-28,M1 hist. profile,-3.89277,0.000359077
2025-12-29,M1 hist. profile,-3.15216,0.00186359
2025-12-30,M1 hist. profile,-3.49467,0.001362
2025-12-31,M1 hist. profile,-3.69257,0.000398862
2025-01-01,M2 FFF,-3.42053,0.000475735
2025-01-02,M2 FFF,-2.93583,0.00164085
2025-01-03,M2 FFF,-3.40266,0.000945051
2025-01-04,M2 FFF,-3.70312,0.000414329
2025-01-05,M2 FFF,-3.68547,0.0004662
2025-01-06,M2 FFF,-3.02418,0.00412509
2025-01-07,M2 FFF,-3.14809,0.00107259
2025-01-08,M2 FFF,-2.44783,0.004694
2025-01-09,M2 FFF,-2.43504,0.00796695
2025-01-10,M2 FFF,-2.37343,0.0209454
2025-01-11,M2 FFF,-3.37676,0.000798083
2025-01-12,M2 FFF,-3.45122,0.000763137
2025-01-13,M2 FFF,-1.96207,0.014987
2025-01-14,M2 FFF,-2.85128,0.00453172
2025-01-15,M2 FFF,-2.8938,0.0105341
2025-01-16,M2 FFF,-2.92811,0.00228748
2025-01-17,M2 FFF,-2.95434,0.00181402
2025-01-18,M2 FFF,-2.77909,0.00172027
2025-01-19,M2 FFF,-0.874005,0.0799222
2025-01-20,M2 FFF,3.07571,0.351072
2025-01-21,M2 FFF,-1.37656,0.0297925
2025-01-22,M2 FFF,-3.00612,0.00121121
2025-01-23,M2 FFF,-1.07806,0.118273
2025-01-24,M2 FFF,-2.82239,0.00308239
2025-01-25,M2 FFF,-3.51105,0.000475843
2025-01-26,M2 FFF,-3.52932,0.000733706
2025-01-27,M2 FFF,-1.59949,0.00668386
2025-01-28,M2 FFF,-2.8416,0.00153282
2025-01-29,M2 FFF,-2.92376,0.00355763
2025-01-30,M2 FFF,-3.25504,0.000830714
2025-01-31,M2 FFF,-3.1714,0.000937067
2025-02-01,M2 FFF,-3.53559,0.000396713
2025-02-02,M2 FFF,-2.39472,0.00353071
2025-02-03,M2 FFF,0.194232,0.0433592
2025-02-04,M2 FFF,-1.88511,0.00861277
2025-02-05,M2 FFF,-2.71017,0.00207779
2025-02-06,M2 FFF,-2.93826,0.00118564
2025-02-07,M2 FFF,-2.66446,0.00734093
2025-02-08,M2 FFF,-3.55199,0.000429396
2025-02-09,M2 FFF,-3.39971,0.00109041
2025-02-10,M2 FFF,-3.14556,0.0013969
2025-02-11,M2 FFF,-3.46058,0.000294168
2025-02-12,M2 FFF,-2.60158,0.0302588
2025-02-13,M2 FFF,-3.2934,0.000652273
2025-02-14,M2 FFF,-3.17767,0.00229888
2025-02-15,M2 FFF,-3.82331,0.000301317
2025-02-16,M2 FFF,-3.88696,0.000352597
2025-02-17,M2 FFF,-3.57702,0.000297033
2025-02-18,M2 FFF,-3.28207,0.00146456
2025-02-19,M2 FFF,-3.49133,0.000753229
2025-02-20,M2 FFF,-3.69102,0.000292484
2025-02-21,M2 FFF,-3.07081,0.00460178
2025-02-22,M2 FFF,-3.83894,0.000296318
2025-02-23,M2 FFF,-3.90304,0.000298827
2025-02-24,M2 FFF,-2.9206,0.00153547
2025-02-25,M2 FFF,-1.06209,0.0171424
2025-02-26,M2 FFF,-1.15272,0.0678293
2025-02-27,M2 FFF,-2.38916,0.00277094
2025-02-28,M2 FFF,0.975449,0.158
2025-03-01,M2 FFF,-2.76746,0.00167882
2025-03-02,M2 FFF,-1.16034,0.124542
2025-03-03,M2 FFF,-1.54671,0.0451779
2025-03-04,M2 FFF,-1.3304,0.0690968
2025-03-05,M2 FFF,-1.95824,0.00926493
2025-03-06,M2 FFF,-1.88975,0.0172957
2025-03-07,M2 FFF,-0.986459,0.134786
2025-03-08,M2 FFF,-2.58508,0.00400937
2025-03-09,M2 FFF,-2.49829,0.0034845
2025-03-10,M2 FFF,-1.39981,0.0333537
2025-03-11,M2 FFF,-1.78561,0.0231044
2025-03-12,M2 FFF,-2.2387,0.00440711
2025-03-13,M2 FFF,-2.48625,0.00223413
2025-03-14,M2 FFF,-2.60415,0.00270655
2025-03-15,M2 FFF,-2.89591,0.00239192
2025-03-16,M2 FFF,-2.68614,0.0133691
2025-03-17,M2 FFF,-2.84259,0.0017683
2025-03-18,M2 FFF,-2.86115,0.00140639
2025-03-19,M2 FFF,-2.86206,0.00241853
2025-03-20,M2 FFF,-2.76305,0.00252748
2025-03-21,M2 FFF,-2.97674,0.00131479
2025-03-22,M2 FFF,-3.3151,0.00121324
2025-03-23,M2 FFF,-3.3232,0.000895561
2025-03-24,M2 FFF,-3.03495,0.000914645
2025-03-25,M2 FFF,-3.1248,0.000677469
2025-03-26,M2 FFF,-3.23229,0.00081068
2025-03-27,M2 FFF,-3.35609,0.000466511
2025-03-28,M2 FFF,-3.2197,0.000622647
2025-03-29,M2 FFF,-3.23363,0.00102798
2025-03-30,M2 FFF,-3.31972,0.000630604
2025-03-31,M2 FFF,-2.82909,0.00351504
2025-04-01,M2 FFF,-3.23021,0.00168539
2025-04-02,M2 FFF,-2.05685,0.043071
2025-04-03,M2 FFF,-2.79915,0.00242295
2025-04-04,M2 FFF,-2.05855,0.0100136
2025-04-05,M2 FFF,-3.55503,0.000427013
2025-04-06,M2 FFF,-2.75955,0.00340138
2025-04-07,M2 FFF,-0.14095,0.147143
2025-04-08,M2 FFF,-2.4378,0.00321746
2025-04-09,M2 FFF,-0.700563,0.116471
2025-04-10,M2 FFF,-2.3999,0.00523518
2025-04-11,M2 FFF,-2.38432,0.00664982
2025-04-12,M2 FFF,-2.664,0.00270517
2025-04-13,M2 FFF,-2.54622,0.00668263
2025-04-14,M2 FFF,-2.54802,0.0039284
2025-04-15,M2 FFF,-2.89244,0.0023688
2025-04-16,M2 FFF,-2.77459,0.00267501
2025-04-17,M2 FFF,-3.18032,0.000839534
2025-04-18,M2 FFF,-3.45401,0.000857206
2025-04-19,M2 FFF,-3.48522,0.000712108
2025-04-20,M2 FFF,-3.54459,0.000547147
2025-04-21,M2 FFF,-2.99356,0.00306695
2025-04-22,M2 FFF,-2.55108,0.0488625
2025-04-23,M2 FFF,-2.77958,0.00266028
2025-04-24,M2 FFF,-3.0357,0.000949717
2025-04-25,M2 FFF,-3.0729,0.00113515
2025-04-26,M2 FFF,-3.41143,0.00069355
2025-04-27,M2 FFF,-3.41018,0.000729427
2025-04-28,M2 FFF,-3.2376,0.000700508
2025-04-29,M2 FFF,-3.33675,0.000414494
2025-04-30,M2 FFF,-3.39074,0.000869193
2025-05-01,M2 FFF,-3.414,0.000577211
2025-05-02,M2 FFF,-3.47564,0.000439621
2025-05-03,M2 FFF,-3.78779,0.000362606
2025-05-04,M2 FFF,-3.61703,0.000678344
2025-05-05,M2 FFF,-3.46409,0.000625647
2025-05-06,M2 FFF,-3.4578,0.00100785
2025-05-07,M2 FFF,-3.34907,0.00127761
2025-05-08,M2 FFF,-3.07556,0.00266988
2025-05-09,M2 FFF,-2.98681,0.00149213
2025-05-10,M2 FFF,-3.32039,0.00152901
2025-05-11,M2 FFF,-3.14378,0.00103358
2025-05-12,M2 FFF,-2.63053,0.0103949
2025-05-13,M2 FFF,-3.19254,0.000624242
2025-05-14,M2 FFF,-3.45697,0.000520735
2025-05-15,M2 FFF,-3.19898,0.00085915
2025-05-16,M2 FFF,-3.48659,0.000409252
2025-05-17,M2 FFF,-3.7045,0.000347795
2025-05-18,M2 FFF,-3.40994,0.000957499
2025-05-19,M2 FFF,-2.87756,0.000937532
2025-05-20,M2 FFF,-2.91595,0.00170308
2025-05-21,M2 FFF,-2.29141,0.00787412
2025-05-22,M2 FFF,-2.99027,0.00112798
2025-05-23,M2 FFF,-3.03804,0.00220788
2025-05-24,M2 FFF,-3.28645,0.000805569
2025-05-25,M2 FFF,-3.35446,0.00069372
2025-05-26,M2 FFF,-3.44214,0.000445519
2025-05-27,M2 FFF,-3.31056,0.000823873
2025-05-28,M2 FFF,-3.53475,0.000321626
2025-05-29,M2 FFF,-3.28208,0.00125844
2025-05-30,M2 FFF,-3.17,0.000796048
2025-05-31,M2 FFF,-3.50809,0.000541316
2025-06-01,M2 FFF,-3.69132,0.000416885
2025-06-02,M2 FFF,-3.5072,0.000285876
2025-06-03,M2 FFF,-3.61799,0.000438786
2025-06-04,M2 FFF,-3.77618,0.000265781
2025-06-05,M2 FFF,-3.16649,0.00264577
2025-06-06,M2 FFF,-3.5396,0.000423818
2025-06-07,M2 FFF,-3.6804,0.000423848
2025-06-08,M2 FFF,-3.78169,0.00037938
2025-06-09,M2 FFF,-3.40004,0.00276572
2025-06-10,M2 FFF,-3.35085,0.000745697
2025-06-11,M2 FFF,-3.44628,0.000640911
2025-06-12,M2 FFF,-3.29998,0.000670155
2025-06-13,M2 FFF,-2.74616,0.00314299
2025-06-14,M2 FFF,-3.6534,0.000427915
2025-06-15,M2 FFF,-3.6839,0.000357988
2025-06-16,M2 FFF,-3.44,0.000940205
2025-06-17,M2 FFF,-3.26441,0.000747071
2025-06-18,M2 FFF,-3.33129,0.000589852
2025-06-19,M2 FFF,-3.66014,0.000337656
2025-06-20,M2 FFF,-3.38058,0.00100931
2025-06-21,M2 FFF,-3.44129,0.00371542
2025-06-22,M2 FFF,-2.46077,0.00465433
2025-06-23,M2 FFF,-2.82423,0.0031989
2025-06-24,M2 FFF,-3.35113,0.000443678
2025-06-25,M2 FFF,-3.44311,0.000493633
2025-06-26,M2 FFF,-3.52363,0.000506702
2025-06-27,M2 FFF,-3.62197,0.000362071
2025-06-28,M2 FFF,-3.95814,0.0003554
2025-06-29,M2 FFF,-3.88415,0.000280709
2025-06-30,M2 FFF,-3.75112,0.000333052
2025-07-01,M2 FFF,-3.75712,0.000243265
2025-07-02,M2 FFF,-3.61352,0.000654373
2025-07-03,M2 FFF,-3.53616,0.000546327
2025-07-04,M2 FFF,-3.75879,0.000297586
2025-07-05,M2 FFF,-3.89753,0.000357391
2025-07-06,M2 FFF,-3.90532,0.000288249
2025-07-07,M2 FFF,-3.7687,0.000267121
2025-07-08,M2 FFF,-3.82667,0.000286682
2025-07-09,M2 FFF,-3.67193,0.000621195
2025-07-10,M2 FFF,-2.895,0.0812519
2025-07-11,M2 FFF,-3.20935,0.000608727
2025-07-12,M2 FFF,-3.70577,0.000431644
2025-07-13,M2 FFF,-3.68362,0.000565269
2025-07-14,M2 FFF,-2.83178,0.00506778
2025-07-15,M2 FFF,-2.69097,0.00246686
2025-07-16,M2 FFF,-3.36493,0.00055527
2025-07-17,M2 FFF,-3.21579,0.000721003
2025-07-18,M2 FFF,-3.36989,0.000713223
2025-07-19,M2 FFF,-3.87566,0.000282651
2025-07-20,M2 FFF,-3.80157,0.000330363
2025-07-21,M2 FFF,-3.45402,0.000244301
2025-07-22,M2 FFF,-3.21705,0.00109585
2025-07-23,M2 FFF,-3.49896,0.000430446
2025-07-24,M2 FFF,-3.53043,0.000321495
2025-07-25,M2 FFF,-2.90336,0.00106005
2025-07-26,M2 FFF,-3.98962,0.000246078
2025-07-27,M2 FFF,-3.92916,0.000269957
2025-07-28,M2 FFF,-3.64098,0.000295393
2025-07-29,M2 FFF,-3.60221,0.000391808
2025-07-30,M2 FFF,-3.69932,0.000484264
2025-07-31,M2 FFF,-3.80374,0.000309555
2025-08-01,M2 FFF,-3.03436,0.00105288
2025-08-02,M2 FFF,-3.70048,0.000316306
2025-08-03,M2 FFF,-3.83325,0.00030666
2025-08-04,M2 FFF,-3.75451,0.000267813
2025-08-05,M2 FFF,-3.65152,0.000770721
2025-08-06,M2 FFF,-3.7192,0.000835159
2025-08-07,M2 FFF,-3.73478,0.000305853
2025-08-08,M2 FFF,-3.74535,0.000410985
2025-08-09,M2 FFF,-3.90204,0.000256444
2025-08-10,M2 FFF,-3.63533,0.000323341
2025-08-11,M2 FFF,-3.23569,0.00110355
2025-08-12,M2 FFF,-3.60604,0.000504861
2025-08-13,M2 FFF,-3.35418,0.00189713
2025-08-14,M2 FFF,-2.45656,0.0595133
2025-08-15,M2 FFF,-3.44398,0.00045426
2025-08-16,M2 FFF,-3.70965,0.000501235
2025-08-17,M2 FFF,-3.75345,0.000433708
2025-08-18,M2 FFF,-3.41116,0.000385513
2025-08-19,M2 FFF,-3.45765,0.000376491
2025-08-20,M2 FFF,-3.41326,0.000504715
2025-08-21,M2 FFF,-3.44205,0.000478477
2025-08-22,M2 FFF,-3.0722,0.0175967
2025-08-23,M2 FFF,-3.56778,0.00053742
2025-08-24,M2 FFF,-3.18951,0.00530042
2025-08-25,M2 FFF,-2.87147,0.00299998
2025-08-26,M2 FFF,-3.05895,0.00174846
2025-08-27,M2 FFF,-3.33473,0.0005511
2025-08-28,M2 FFF,-3.4889,0.000455133
2025-08-29,M2 FFF,-3.34798,0.000560633
2025-08-30,M2 FFF,-3.52403,0.000598661
2025-08-31,M2 FFF,-3.61473,0.000482444
2025-09-01,M2 FFF,-3.23411,0.000558743
2025-09-02,M2 FFF,-3.28756,0.00103401
2025-09-03,M2 FFF,-3.4739,0.000656769
2025-09-04,M2 FFF,-3.51039,0.000693843
2025-09-05,M2 FFF,-3.48081,0.00135937
2025-09-06,M2 FFF,-3.91693,0.000313937
2025-09-07,M2 FFF,-3.92031,0.000281597
2025-09-08,M2 FFF,-3.74796,0.000266766
2025-09-09,M2 FFF,-3.6974,0.00055941
2025-09-10,M2 FFF,-3.5876,0.000924432
2025-09-11,M2 FFF,-3.715,0.000596741
2025-09-12,M2 FFF,-3.73244,0.000248348
2025-09-13,M2 FFF,-4.00955,0.000254863
2025-09-14,M2 FFF,-4.00869,0.000225647
2025-09-15,M2 FFF,-3.68451,0.00026528
2025-09-16,M2 FFF,-3.86338,0.000251916
2025-09-17,M2 FFF,-3.5638,0.00106969
2025-09-18,M2 FFF,-3.82867,0.000226382
2025-09-19,M2 FFF,-4.00264,0.000189113
2025-09-20,M2 FFF,-4.13474,0.000241187
2025-09-21,M2 FFF,-4.12486,0.000219285
2025-09-22,M2 FFF,-3.20652,0.0049022
2025-09-23,M2 FFF,-3.7406,0.000230851
2025-09-24,M2 FFF,-3.74793,0.000334151
2025-09-25,M2 FFF,-3.29796,0.000723399
2025-09-26,M2 FFF,-3.41786,0.000535394
2025-09-27,M2 FFF,-3.86205,0.00040887
2025-09-28,M2 FFF,-3.82539,0.000487158
2025-09-29,M2 FFF,-3.65006,0.0015547
2025-09-30,M2 FFF,-3.6364,0.000312097
2025-10-01,M2 FFF,-3.47543,0.00055405
2025-10-02,M2 FFF,-3.42592,0.000495835
2025-10-03,M2 FFF,-3.27127,0.00130282
2025-10-04,M2 FFF,-3.72364,0.000422255
2025-10-05,M2 FFF,-2.92311,0.00573493
2025-10-06,M2 FFF,-3.39467,0.000986679
2025-10-07,M2 FFF,-3.37678,0.00128394
2025-10-08,M2 FFF,-3.33202,0.000561873
2025-10-09,M2 FFF,-3.3966,0.000509629
2025-10-10,M2 FFF,10.0513,12.8912
2025-10-11,M2 FFF,-2.42619,0.00322049
2025-10-12,M2 FFF,-2.57091,0.00504141
2025-10-13,M2 FFF,-2.81065,0.00231062
2025-10-14,M2 FFF,-2.72582,0.00177565
2025-10-15,M2 FFF,-2.90979,0.00136477
2025-10-16,M2 FFF,-2.35311,0.0142118
2025-10-17,M2 FFF,-2.52276,0.00380109
2025-10-18,M2 FFF,-3.28787,0.000876847
2025-10-19,M2 FFF,-3.10781,0.00341476
2025-10-20,M2 FFF,-2.99638,0.00292181
2025-10-21,M2 FFF,-2.37793,0.00703914
2025-10-22,M2 FFF,-2.89835,0.00276685
2025-10-23,M2 FFF,-2.9805,0.00211425
2025-10-24,M2 FFF,-3.30419,0.000806659
2025-10-25,M2 FFF,-3.70794,0.000438807
2025-10-26,M2 FFF,-3.44276,0.00577455
2025-10-27,M2 FFF,-3.44337,0.000378222
2025-10-28,M2 FFF,-3.32482,0.00118296
2025-10-29,M2 FFF,-2.54973,0.0663711
2025-10-30,M2 FFF,-2.23388,0.00898532
2025-10-31,M2 FFF,-2.77068,0.00181973
2025-11-01,M2 FFF,-3.70771,0.000388471
2025-11-02,M2 FFF,-3.61799,0.00041888
2025-11-03,M2 FFF,-2.75473,0.00555988
2025-11-04,M2 FFF,-1.69224,0.0110174
2025-11-05,M2 FFF,-2.55317,0.00330493
2025-11-06,M2 FFF,-2.66079,0.0024681
2025-11-07,M2 FFF,-2.60026,0.00867608
2025-11-08,M2 FFF,-3.23576,0.00073722
2025-11-09,M2 FFF,-3.21103,0.00112966
2025-11-10,M2 FFF,-3.09811,0.000817772
2025-11-11,M2 FFF,-2.86988,0.0048756
2025-11-12,M2 FFF,-3.05538,0.00192492
2025-11-13,M2 FFF,-2.46296,0.00378247
2025-11-14,M2 FFF,-1.12239,0.0193563
2025-11-15,M2 FFF,-2.88201,0.00114565
2025-11-16,M2 FFF,-2.68064,0.00868581
2025-11-17,M2 FFF,-2.5736,0.0042033
2025-11-18,M2 FFF,-2.06229,0.00710233
2025-11-19,M2 FFF,-2.48264,0.00305793
2025-11-20,M2 FFF,-2.32284,0.00276275
2025-11-21,M2 FFF,-0.415368,0.112415
2025-11-22,M2 FFF,-2.84051,0.00110551
2025-11-23,M2 FFF,-2.93584,0.00103415
2025-11-24,M2 FFF,-2.38413,0.0043887
2025-11-25,M2 FFF,-2.76609,0.00197345
2025-11-26,M2 FFF,-2.86874,0.00255823
2025-11-27,M2 FFF,-3.0937,0.000942585
2025-11-28,M2 FFF,-3.11717,0.00154854
2025-11-29,M2 FFF,-3.52188,0.000501784
2025-11-30,M2 FFF,-3.50903,0.00046337
2025-12-01,M2 FFF,-2.02186,0.00741656
2025-12-02,M2 FFF,-2.71347,0.00368158
2025-12-03,M2 FFF,-2.38273,0.0217785
2025-12-04,M2 FFF,-2.72625,0.00376357
2025-12-05,M2 FFF,-2.85254,0.0051243
2025-12-06,M2 FFF,-3.25633,0.00103606
2025-12-07,M2 FFF,-2.94114,0.00360071
2025-12-08,M2 FFF,-2.95886,0.00200075
2025-12-09,M2 FFF,-2.84065,0.00438028
2025-12-10,M2 FFF,-2.63137,0.00926731
2025-12-11,M2 FFF,-2.9142,0.002067
2025-12-12,M2 FFF,-3.10006,0.00219314
2025-12-13,M2 FFF,-3.70385,0.0004917
2025-12-14,M2 FFF,-3.48339,0.000697986
2025-12-15,M2 FFF,-2.85335,0.00274255
2025-12-16,M2 FFF,-3.14594,0.00126942
2025-12-17,M2 FFF,-2.26389,0.0693524
2025-12-18,M2 FFF,-2.27659,0.0131372
2025-12-19,M2 FFF,-2.34618,0.00607013
2025-12-20,M2 FFF,-3.70024,0.000493286
2025-12-21,M2 FFF,-3.58944,0.000403182
2025-12-22,M2 FFF,-3.02328,0.00176123
2025-12-23,M2 FFF,-3.1696,0.00168507
2025-12-24,M2 FFF,-3.53535,0.000967619
2025-12-25,M2 FFF,-3.72108,0.000538275
2025-12-26,M2 FFF,-3.22709,0.00172198
2025-12-27,M2 FFF,-4.02325,0.000285708
2025-12-28,M2 FFF,-4.02688,0.000246579
2025-12-29,M2 FFF,-3.11334,0.00185836
2025-12-30,M2 FFF,-3.55893,0.0013243
2025-12-31,M2 FFF,-3.79389,0.000318946
2025-01-01,M3 FFF+intraday GARCH,-3.68726,0.000313927
2025-01-02,M3 FFF+intraday GARCH,-2.96644,0.00161411
2025-01-03,M3 FFF+intraday GARCH,-3.74718,0.000845023
2025-01-04,M3 FFF+intraday GARCH,-4.59029,7.00162e-05
2025-01-05,M3 FFF+intraday GARCH,-4.11252,0.000267401
2025-01-06,M3 FFF+intraday GARCH,-3.07086,0.00416922
2025-01-07,M3 FFF+intraday GARCH,-3.39305,0.000985334
2025-01-08,M3 FFF+intraday GARCH,-2.44273,0.00500433
2025-01-09,M3 FFF+intraday GARCH,-1.85684,0.00874898
2025-01-10,M3 FFF+intraday GARCH,-2.25056,0.0211008
2025-01-11,M3 FFF+intraday GARCH,-4.37943,6.34777e-05
2025-01-12,M3 FFF+intraday GARCH,-4.34175,0.000254386
2025-01-13,M3 FFF+intraday GARCH,-2.09686,0.0149057
2025-01-14,M3 FFF+intraday GARCH,-2.77749,0.00495464
2025-01-15,M3 FFF+intraday GARCH,-2.79703,0.0117062
2025-01-16,M3 FFF+intraday GARCH,-3.033,0.00233618
2025-01-17,M3 FFF+intraday GARCH,-3.10589,0.00180862
2025-01-18,M3 FFF+intraday GARCH,-2.89236,0.00167297
2025-01-19,M3 FFF+intraday GARCH,-2.43265,0.0606609
2025-01-20,M3 FFF+intraday GARCH,-0.976526,0.302771
2025-01-21,M3 FFF+intraday GARCH,-1.82588,0.0301251
2025-01-22,M3 FFF+intraday GARCH,-3.09265,0.00121436
2025-01-23,M3 FFF+intraday GARCH,-1.80584,0.115196
2025-01-24,M3 FFF+intraday GARCH,-2.87334,0.00319761
2025-01-25,M3 FFF+intraday GARCH,-4.16715,7.92508e-05
2025-01-26,M3 FFF+intraday GARCH,-4.45101,0.000355647
2025-01-27,M3 FFF+intraday GARCH,-1.99536,0.00644589
2025-01-28,M3 FFF+intraday GARCH,-2.81258,0.00165465
2025-01-29,M3 FFF+intraday GARCH,-3.17756,0.00325105
2025-01-30,M3 FFF+intraday GARCH,-3.31211,0.000839317
2025-01-31,M3 FFF+intraday GARCH,-3.28325,0.000928665
2025-02-01,M3 FFF+intraday GARCH,-4.02478,0.000202398
2025-02-02,M3 FFF+intraday GARCH,-2.59989,0.003328
2025-02-03,M3 FFF+intraday GARCH,-1.58877,0.0373759
2025-02-04,M3 FFF+intraday GARCH,-2.09422,0.00849546
2025-02-05,M3 FFF+intraday GARCH,-2.64002,0.0022504
2025-02-06,M3 FFF+intraday GARCH,-2.93912,0.00127369
2025-02-07,M3 FFF+intraday GARCH,-2.58971,0.00761996
2025-02-08,M3 FFF+intraday GARCH,-4.1862,7.17401e-05
2025-02-09,M3 FFF+intraday GARCH,-3.78779,0.000908676
2025-02-10,M3 FFF+intraday GARCH,-3.19777,0.00145126
2025-02-11,M3 FFF+intraday GARCH,-3.67226,0.000231903
2025-02-12,M3 FFF+intraday GARCH,-2.80765,0.0327107
2025-02-13,M3 FFF+intraday GARCH,-3.3967,0.000663903
2025-02-14,M3 FFF+intraday GARCH,-3.19089,0.00245924
2025-02-15,M3 FFF+intraday GARCH,-4.65839,2.87891e-05
2025-02-16,M3 FFF+intraday GARCH,-4.9782,0.000113212
2025-02-17,M3 FFF+intraday GARCH,-3.77945,0.000211716
2025-02-18,M3 FFF+intraday GARCH,-3.36442,0.00159501
2025-02-19,M3 FFF+intraday GARCH,-3.41874,0.000796145
2025-02-20,M3 FFF+intraday GARCH,-4.01589,0.000219497
2025-02-21,M3 FFF+intraday GARCH,-3.3117,0.00476181
2025-02-22,M3 FFF+intraday GARCH,-4.7304,3.55352e-05
2025-02-23,M3 FFF+intraday GARCH,-4.93674,7.24646e-05
2025-02-24,M3 FFF+intraday GARCH,-3.05048,0.00135254
2025-02-25,M3 FFF+intraday GARCH,-1.79409,0.0161071
2025-02-26,M3 FFF+intraday GARCH,-2.19952,0.0625344
2025-02-27,M3 FFF+intraday GARCH,-2.3166,0.00310559
2025-02-28,M3 FFF+intraday GARCH,-1.19778,0.15434
2025-03-01,M3 FFF+intraday GARCH,-2.9352,0.00146921
2025-03-02,M3 FFF+intraday GARCH,-2.3866,0.11424
2025-03-03,M3 FFF+intraday GARCH,-1.69285,0.0431832
2025-03-04,M3 FFF+intraday GARCH,-1.4661,0.0710061
2025-03-05,M3 FFF+intraday GARCH,-2.1527,0.00891804
2025-03-06,M3 FFF+intraday GARCH,-1.90391,0.018105
2025-03-07,M3 FFF+intraday GARCH,-1.37294,0.134413
2025-03-08,M3 FFF+intraday GARCH,-3.32235,0.0017276
2025-03-09,M3 FFF+intraday GARCH,-3.07156,0.00305749
2025-03-10,M3 FFF+intraday GARCH,-1.48763,0.0348752
2025-03-11,M3 FFF+intraday GARCH,-1.99159,0.0212524
2025-03-12,M3 FFF+intraday GARCH,-2.43036,0.00371526
2025-03-13,M3 FFF+intraday GARCH,-2.7743,0.00135009
2025-03-14,M3 FFF+intraday GARCH,-3.04403,0.00168317
2025-03-15,M3 FFF+intraday GARCH,-4.30418,7.40536e-05
2025-03-16,M3 FFF+intraday GARCH,-2.92117,0.0138173
2025-03-17,M3 FFF+intraday GARCH,-3.23886,0.00118113
2025-03-18,M3 FFF+intraday GARCH,-3.17309,0.00102021
2025-03-19,M3 FFF+intraday GARCH,-3.13303,0.00227924
2025-03-20,M3 FFF+intraday GARCH,-3.13423,0.00222059
2025-03-21,M3 FFF+intraday GARCH,-3.58934,0.000573616
2025-03-22,M3 FFF+intraday GARCH,-5.11521,1.42311e-05
2025-03-23,M3 FFF+intraday GARCH,-4.5126,0.000168635
2025-03-24,M3 FFF+intraday GARCH,-3.21586,0.000727547
2025-03-25,M3 FFF+intraday GARCH,-3.31346,0.000456858
2025-03-26,M3 FFF+intraday GARCH,-3.52926,0.000643858
2025-03-27,M3 FFF+intraday GARCH,-3.63168,0.000275014
2025-03-28,M3 FFF+intraday GARCH,-3.35845,0.000579446
2025-03-29,M3 FFF+intraday GARCH,-3.50842,0.000823822
2025-03-30,M3 FFF+intraday GARCH,-3.69661,0.000358067
2025-03-31,M3 FFF+intraday GARCH,-2.87232,0.00361975
2025-04-01,M3 FFF+intraday GARCH,-3.35746,0.00171657
2025-04-02,M3 FFF+intraday GARCH,-2.56728,0.043611
2025-04-03,M3 FFF+intraday GARCH,-2.80291,0.00259218
2025-04-04,M3 FFF+intraday GARCH,-2.34215,0.00908185
2025-04-05,M3 FFF+intraday GARCH,-4.09186,0.000137839
2025-04-06,M3 FFF+intraday GARCH,-3.33561,0.00289322
2025-04-07,M3 FFF+intraday GARCH,-1.29625,0.133311
2025-04-08,M3 FFF+intraday GARCH,-2.41601,0.003446
2025-04-09,M3 FFF+intraday GARCH,-1.49313,0.120134
2025-04-10,M3 FFF+intraday GARCH,-2.75172,0.00431893
2025-04-11,M3 FFF+intraday GARCH,-2.56713,0.00654375
2025-04-12,M3 FFF+intraday GARCH,-3.36636,0.000955969
2025-04-13,M3 FFF+intraday GARCH,-2.7004,0.00652181
2025-04-14,M3 FFF+intraday GARCH,-2.84736,0.00348254
2025-04-15,M3 FFF+intraday GARCH,-3.30514,0.00180008
2025-04-16,M3 FFF+intraday GARCH,-3.03257,0.00208846
2025-04-17,M3 FFF+intraday GARCH,-3.75742,0.000257878
2025-04-18,M3 FFF+intraday GARCH,-4.98979,1.22415e-05
2025-04-19,M3 FFF+intraday GARCH,-4.67777,9.25101e-05
2025-04-20,M3 FFF+intraday GARCH,-4.60071,7.59786e-05
2025-04-21,M3 FFF+intraday GARCH,-3.1574,0.00288941
2025-04-22,M3 FFF+intraday GARCH,-2.50121,0.0538105
2025-04-23,M3 FFF+intraday GARCH,-3.08828,0.002272
2025-04-24,M3 FFF+intraday GARCH,-3.43978,0.000361368
2025-04-25,M3 FFF+intraday GARCH,-3.37775,0.000905852
2025-04-26,M3 FFF+intraday GARCH,-4.31406,7.83346e-05
2025-04-27,M3 FFF+intraday GARCH,-4.16014,0.000287356
2025-04-28,M3 FFF+intraday GARCH,-3.42738,0.000593826
2025-04-29,M3 FFF+intraday GARCH,-3.5333,0.000270909
2025-04-30,M3 FFF+intraday GARCH,-3.71723,0.000769818
2025-05-01,M3 FFF+intraday GARCH,-3.66103,0.000515346
2025-05-02,M3 FFF+intraday GARCH,-3.77403,0.00029614
2025-05-03,M3 FFF+intraday GARCH,-4.81256,2.32935e-05
2025-05-04,M3 FFF+intraday GARCH,-3.94383,0.00050232
2025-05-05,M3 FFF+intraday GARCH,-3.66597,0.00056235
2025-05-06,M3 FFF+intraday GARCH,-3.63868,0.00102805
2025-05-07,M3 FFF+intraday GARCH,-3.69884,0.0012373
2025-05-08,M3 FFF+intraday GARCH,-3.19629,0.00272897
2025-05-09,M3 FFF+intraday GARCH,-3.49503,0.00110761
2025-05-10,M3 FFF+intraday GARCH,-4.28741,0.000963434
2025-05-11,M3 FFF+intraday GARCH,-3.28976,0.000856932
2025-05-12,M3 FFF+intraday GARCH,-2.29627,0.0111275
2025-05-13,M3 FFF+intraday GARCH,-3.35103,0.000502124
2025-05-14,M3 FFF+intraday GARCH,-3.8943,0.000334746
2025-05-15,M3 FFF+intraday GARCH,-3.26944,0.000890454
2025-05-16,M3 FFF+intraday GARCH,-3.78711,0.00029946
2025-05-17,M3 FFF+intraday GARCH,-4.35007,0.000103649
2025-05-18,M3 FFF+intraday GARCH,-3.81806,0.000923534
2025-05-19,M3 FFF+intraday GARCH,-2.93436,0.000995844
2025-05-20,M3 FFF+intraday GARCH,-2.9399,0.00176176
2025-05-21,M3 FFF+intraday GARCH,-2.5965,0.00726305
2025-05-22,M3 FFF+intraday GARCH,-3.03774,0.00115754
2025-05-23,M3 FFF+intraday GARCH,-3.2124,0.00223612
2025-05-24,M3 FFF+intraday GARCH,-3.74821,0.0004911
2025-05-25,M3 FFF+intraday GARCH,-3.77611,0.000496763
2025-05-26,M3 FFF+intraday GARCH,-3.73615,0.000263451
2025-05-27,M3 FFF+intraday GARCH,-3.41906,0.000798228
2025-05-28,M3 FFF+intraday GARCH,-3.78431,0.000196496
2025-05-29,M3 FFF+intraday GARCH,-3.41999,0.00127231
2025-05-30,M3 FFF+intraday GARCH,-3.27376,0.000797068
2025-05-31,M3 FFF+intraday GARCH,-4.10351,0.000289174
2025-06-01,M3 FFF+intraday GARCH,-4.13943,0.000236174
2025-06-02,M3 FFF+intraday GARCH,-3.69059,0.000221822
2025-06-03,M3 FFF+intraday GARCH,-3.88183,0.00037705
2025-06-04,M3 FFF+intraday GARCH,-4.21392,0.000142663
2025-06-05,M3 FFF+intraday GARCH,-3.54748,0.00260548
2025-06-06,M3 FFF+intraday GARCH,-3.80991,0.000306866
2025-06-07,M3 FFF+intraday GARCH,-4.44761,0.000105851
2025-06-08,M3 FFF+intraday GARCH,-4.88475,5.23785e-05
2025-06-09,M3 FFF+intraday GARCH,-3.67689,0.00292561
2025-06-10,M3 FFF+intraday GARCH,-3.63953,0.000603519
2025-06-11,M3 FFF+intraday GARCH,-3.91659,0.000508301
2025-06-12,M3 FFF+intraday GARCH,-3.52218,0.000593491
2025-06-13,M3 FFF+intraday GARCH,-2.94026,0.00309994
2025-06-14,M3 FFF+intraday GARCH,-4.54503,7.01773e-05
2025-06-15,M3 FFF+intraday GARCH,-4.50342,6.95354e-05
2025-06-16,M3 FFF+intraday GARCH,-3.63105,0.000864567
2025-06-17,M3 FFF+intraday GARCH,-3.32268,0.000778992
2025-06-18,M3 FFF+intraday GARCH,-3.51915,0.000550456
2025-06-19,M3 FFF+intraday GARCH,-4.09531,0.000165847
2025-06-20,M3 FFF+intraday GARCH,-3.64964,0.00097613
2025-06-21,M3 FFF+intraday GARCH,-4.10338,0.0036362
2025-06-22,M3 FFF+intraday GARCH,-2.74436,0.00457371
2025-06-23,M3 FFF+intraday GARCH,-2.92007,0.00311767
2025-06-24,M3 FFF+intraday GARCH,-3.56815,0.000285238
2025-06-25,M3 FFF+intraday GARCH,-3.73686,0.000382532
2025-06-26,M3 FFF+intraday GARCH,-3.86815,0.000360402
2025-06-27,M3 FFF+intraday GARCH,-4.10144,0.000193446
2025-06-28,M3 FFF+intraday GARCH,-5.80817,4.75732e-06
2025-06-29,M3 FFF+intraday GARCH,-4.9357,4.38443e-05
2025-06-30,M3 FFF+intraday GARCH,-4.13525,0.000219607
2025-07-01,M3 FFF+intraday GARCH,-4.20245,0.000123653
2025-07-02,M3 FFF+intraday GARCH,-3.87944,0.000615558
2025-07-03,M3 FFF+intraday GARCH,-3.85007,0.000461645
2025-07-04,M3 FFF+intraday GARCH,-4.38978,9.3845e-05
2025-07-05,M3 FFF+intraday GARCH,-5.28499,2.34461e-05
2025-07-06,M3 FFF+intraday GARCH,-5.09709,5.59928e-05
2025-07-07,M3 FFF+intraday GARCH,-4.23575,0.000136715
2025-07-08,M3 FFF+intraday GARCH,-4.44494,0.000131479
2025-07-09,M3 FFF+intraday GARCH,-4.109,0.000565645
2025-07-10,M3 FFF+intraday GARCH,-1.25975,0.0898042
2025-07-11,M3 FFF+intraday GARCH,-3.29689,0.000547696
2025-07-12,M3 FFF+intraday GARCH,-4.73678,4.03599e-05
2025-07-13,M3 FFF+intraday GARCH,-4.48073,0.000366238
2025-07-14,M3 FFF+intraday GARCH,-2.82519,0.0055014
2025-07-15,M3 FFF+intraday GARCH,-2.82621,0.00254988
2025-07-16,M3 FFF+intraday GARCH,-3.46364,0.000514371
2025-07-17,M3 FFF+intraday GARCH,-3.2406,0.000750181
2025-07-18,M3 FFF+intraday GARCH,-3.38966,0.000739263
2025-07-19,M3 FFF+intraday GARCH,-4.66522,7.39536e-05
2025-07-20,M3 FFF+intraday GARCH,-4.35077,0.000198624
2025-07-21,M3 FFF+intraday GARCH,-3.48052,0.000232425
2025-07-22,M3 FFF+intraday GARCH,-3.24294,0.00114366
2025-07-23,M3 FFF+intraday GARCH,-3.55682,0.000440856
2025-07-24,M3 FFF+intraday GARCH,-3.77506,0.000253154
2025-07-25,M3 FFF+intraday GARCH,-3.20936,0.00101323
2025-07-26,M3 FFF+intraday GARCH,-5.06045,3.14381e-05
2025-07-27,M3 FFF+intraday GARCH,-4.67347,0.000135598
2025-07-28,M3 FFF+intraday GARCH,-3.75314,0.00026408
2025-07-29,M3 FFF+intraday GARCH,-3.71072,0.000365961
2025-07-30,M3 FFF+intraday GARCH,-3.95532,0.000437066
2025-07-31,M3 FFF+intraday GARCH,-4.21775,0.000261628
2025-08-01,M3 FFF+intraday GARCH,-3.02437,0.0011227
2025-08-02,M3 FFF+intraday GARCH,-4.13331,0.000187079
2025-08-03,M3 FFF+intraday GARCH,-4.54469,0.000116994
2025-08-04,M3 FFF+intraday GARCH,-4.20145,0.000148806
2025-08-05,M3 FFF+intraday GARCH,-3.92646,0.000775458
2025-08-06,M3 FFF+intraday GARCH,-4.08624,0.000806108
2025-08-07,M3 FFF+intraday GARCH,-4.02804,0.000232307
2025-08-08,M3 FFF+intraday GARCH,-4.26196,0.000276882
2025-08-09,M3 FFF+intraday GARCH,-4.79422,3.80654e-05
2025-08-10,M3 FFF+intraday GARCH,-3.93929,0.000236749
2025-08-11,M3 FFF+intraday GARCH,-3.23753,0.00114568
2025-08-12,M3 FFF+intraday GARCH,-3.73418,0.000483324
2025-08-13,M3 FFF+intraday GARCH,-3.44953,0.00200164
2025-08-14,M3 FFF+intraday GARCH,-2.59324,0.0651894
2025-08-15,M3 FFF+intraday GARCH,-3.93823,0.000182473
2025-08-16,M3 FFF+intraday GARCH,-5.13802,1.49293e-05
2025-08-17,M3 FFF+intraday GARCH,-4.84954,4.42708e-05
2025-08-18,M3 FFF+intraday GARCH,-3.54964,0.00028444
2025-08-19,M3 FFF+intraday GARCH,-3.66413,0.000299636
2025-08-20,M3 FFF+intraday GARCH,-3.73746,0.000404918
2025-08-21,M3 FFF+intraday GARCH,-3.65145,0.00037785
2025-08-22,M3 FFF+intraday GARCH,-3.3406,0.0190681
2025-08-23,M3 FFF+intraday GARCH,-4.65795,4.72808e-05
2025-08-24,M3 FFF+intraday GARCH,-3.79065,0.00514632
2025-08-25,M3 FFF+intraday GARCH,-2.98893,0.00298823
2025-08-26,M3 FFF+intraday GARCH,-3.21808,0.00177051
2025-08-27,M3 FFF+intraday GARCH,-3.62728,0.00039722
2025-08-28,M3 FFF+intraday GARCH,-3.87244,0.00024213
2025-08-29,M3 FFF+intraday GARCH,-3.47228,0.00051847
2025-08-30,M3 FFF+intraday GARCH,-4.57231,5.96502e-05
2025-08-31,M3 FFF+intraday GARCH,-4.5884,4.04357e-05
2025-09-01,M3 FFF+intraday GARCH,-3.33477,0.000446976
2025-09-02,M3 FFF+intraday GARCH,-3.41923,0.00104805
2025-09-03,M3 FFF+intraday GARCH,-3.77029,0.000539993
2025-09-04,M3 FFF+intraday GARCH,-3.65721,0.000616984
2025-09-05,M3 FFF+intraday GARCH,-3.78433,0.00140364
2025-09-06,M3 FFF+intraday GARCH,-5.23865,2.15406e-05
2025-09-07,M3 FFF+intraday GARCH,-4.96785,3.24316e-05
2025-09-08,M3 FFF+intraday GARCH,-4.13047,0.000142832
2025-09-09,M3 FFF+intraday GARCH,-4.00338,0.000509328
2025-09-10,M3 FFF+intraday GARCH,-3.76622,0.000908893
2025-09-11,M3 FFF+intraday GARCH,-4.12277,0.000526531
2025-09-12,M3 FFF+intraday GARCH,-4.09141,0.000131194
2025-09-13,M3 FFF+intraday GARCH,-5.21956,1.51248e-05
2025-09-14,M3 FFF+intraday GARCH,-5.06869,2.53275e-05
2025-09-15,M3 FFF+intraday GARCH,-3.87446,0.000202835
2025-09-16,M3 FFF+intraday GARCH,-4.24315,0.000157718
2025-09-17,M3 FFF+intraday GARCH,-4.04596,0.000911108
2025-09-18,M3 FFF+intraday GARCH,-4.14663,0.000125146
2025-09-19,M3 FFF+intraday GARCH,-4.70161,3.99214e-05
2025-09-20,M3 FFF+intraday GARCH,-5.72951,4.25786e-06
2025-09-21,M3 FFF+intraday GARCH,-5.47139,9.66769e-06
2025-09-22,M3 FFF+intraday GARCH,-3.51555,0.0052032
2025-09-23,M3 FFF+intraday GARCH,-4.13381,9.53101e-05
2025-09-24,M3 FFF+intraday GARCH,-4.17048,0.000208277
2025-09-25,M3 FFF+intraday GARCH,-3.27769,0.000795865
2025-09-26,M3 FFF+intraday GARCH,-3.66836,0.000409118
2025-09-27,M3 FFF+intraday GARCH,-5.54105,6.6637e-06
2025-09-28,M3 FFF+intraday GARCH,-4.91688,0.000236605
2025-09-29,M3 FFF+intraday GARCH,-4.23296,0.00154379
2025-09-30,M3 FFF+intraday GARCH,-4.13557,0.000124778
2025-10-01,M3 FFF+intraday GARCH,-3.70106,0.000461637
2025-10-02,M3 FFF+intraday GARCH,-3.83627,0.000312528
2025-10-03,M3 FFF+intraday GARCH,-3.81091,0.00101283
2025-10-04,M3 FFF+intraday GARCH,-4.82157,2.6951e-05
2025-10-05,M3 FFF+intraday GARCH,-3.15825,0.00602753
2025-10-06,M3 FFF+intraday GARCH,-3.45313,0.000961834
2025-10-07,M3 FFF+intraday GARCH,-3.54987,0.0013445
2025-10-08,M3 FFF+intraday GARCH,-3.47245,0.000500651
2025-10-09,M3 FFF+intraday GARCH,-3.61698,0.000444216
2025-10-10,M3 FFF+intraday GARCH,-2.34591,13.1233
2025-10-11,M3 FFF+intraday GARCH,-2.70353,0.00486674
2025-10-12,M3 FFF+intraday GARCH,-2.66624,0.00503421
2025-10-13,M3 FFF+intraday GARCH,-3.12728,0.00189461
2025-10-14,M3 FFF+intraday GARCH,-2.85077,0.0016859
2025-10-15,M3 FFF+intraday GARCH,-3.04873,0.00119059
2025-10-16,M3 FFF+intraday GARCH,-2.43091,0.0150326
2025-10-17,M3 FFF+intraday GARCH,-2.79333,0.00390674
2025-10-18,M3 FFF+intraday GARCH,-4.06337,0.000208005
2025-10-19,M3 FFF+intraday GARCH,-3.55916,0.00325182
2025-10-20,M3 FFF+intraday GARCH,-3.22183,0.00300481
2025-10-21,M3 FFF+intraday GARCH,-2.49995,0.00695293
2025-10-22,M3 FFF+intraday GARCH,-2.88573,0.00298417
2025-10-23,M3 FFF+intraday GARCH,-2.89873,0.00231659
2025-10-24,M3 FFF+intraday GARCH,-3.55539,0.000709737
2025-10-25,M3 FFF+intraday GARCH,-4.80815,2.91738e-05
2025-10-26,M3 FFF+intraday GARCH,-3.79631,0.00622462
2025-10-27,M3 FFF+intraday GARCH,-3.72966,0.000197667
2025-10-28,M3 FFF+intraday GARCH,-3.54358,0.00122222
2025-10-29,M3 FFF+intraday GARCH,-3.04407,0.0715461
2025-10-30,M3 FFF+intraday GARCH,-2.65351,0.00890673
2025-10-31,M3 FFF+intraday GARCH,-2.7804,0.00197814
2025-11-01,M3 FFF+intraday GARCH,-4.54251,8.72153e-05
2025-11-02,M3 FFF+intraday GARCH,-3.89818,0.000232498
2025-11-03,M3 FFF+intraday GARCH,-2.75633,0.00586695
2025-11-04,M3 FFF+intraday GARCH,-2.11853,0.0104774
2025-11-05,M3 FFF+intraday GARCH,-2.73572,0.00304966
2025-11-06,M3 FFF+intraday GARCH,-2.6457,0.00263417
2025-11-07,M3 FFF+intraday GARCH,-2.64169,0.00923963
2025-11-08,M3 FFF+intraday GARCH,-3.66592,0.000337033
2025-11-09,M3 FFF+intraday GARCH,-3.40474,0.00103802
2025-11-10,M3 FFF+intraday GARCH,-3.23354,0.00071702
2025-11-11,M3 FFF+intraday GARCH,-2.88339,0.00514391
2025-11-12,M3 FFF+intraday GARCH,-3.17518,0.00194284
2025-11-13,M3 FFF+intraday GARCH,-2.41146,0.00389013
2025-11-14,M3 FFF+intraday GARCH,-1.65856,0.0192931
2025-11-15,M3 FFF+intraday GARCH,-3.16566,0.00073233
2025-11-16,M3 FFF+intraday GARCH,-2.89457,0.00869809
2025-11-17,M3 FFF+intraday GARCH,-2.64835,0.00421009
2025-11-18,M3 FFF+intraday GARCH,-2.23741,0.00736946
2025-11-19,M3 FFF+intraday GARCH,-2.4654,0.00329906
2025-11-20,M3 FFF+intraday GARCH,-2.35291,0.00282671
2025-11-21,M3 FFF+intraday GARCH,-0.738828,0.116149
2025-11-22,M3 FFF+intraday GARCH,-2.94953,0.000846874
2025-11-23,M3 FFF+intraday GARCH,-2.99042,0.000940526
2025-11-24,M3 FFF+intraday GARCH,-2.42909,0.00459704
2025-11-25,M3 FFF+intraday GARCH,-2.77597,0.00203053
2025-11-26,M3 FFF+intraday GARCH,-2.88636,0.00269328
2025-11-27,M3 FFF+intraday GARCH,-3.24644,0.00070336
2025-11-28,M3 FFF+intraday GARCH,-3.32028,0.0015116
2025-11-29,M3 FFF+intraday GARCH,-4.22965,9.13214e-05
2025-11-30,M3 FFF+intraday GARCH,-4.03449,0.000184158
2025-12-01,M3 FFF+intraday GARCH,-2.34802,0.00716612
2025-12-02,M3 FFF+intraday GARCH,-2.80046,0.0037604
2025-12-03,M3 FFF+intraday GARCH,-1.8968,0.022925
2025-12-04,M3 FFF+intraday GARCH,-2.83282,0.00386993
2025-12-05,M3 FFF+intraday GARCH,-2.95971,0.00538861
2025-12-06,M3 FFF+intraday GARCH,-4.21927,0.000194231
2025-12-07,M3 FFF+intraday GARCH,-3.4256,0.00365903
2025-12-08,M3 FFF+intraday GARCH,-3.21504,0.0018256
2025-12-09,M3 FFF+intraday GARCH,-2.94768,0.00428179
2025-12-10,M3 FFF+intraday GARCH,-3.14324,0.00862752
2025-12-11,M3 FFF+intraday GARCH,-3.06431,0.00213078
2025-12-12,M3 FFF+intraday GARCH,-3.40144,0.00209664
2025-12-13,M3 FFF+intraday GARCH,-5.11102,2.39061e-05
2025-12-14,M3 FFF+intraday GARCH,-3.98071,0.000556121
2025-12-15,M3 FFF+intraday GARCH,-3.1026,0.00219875
2025-12-16,M3 FFF+intraday GARCH,-3.15779,0.00133564
2025-12-17,M3 FFF+intraday GARCH,-2.2133,0.0739056
2025-12-18,M3 FFF+intraday GARCH,-2.70565,0.0129848
2025-12-19,M3 FFF+intraday GARCH,-2.59843,0.00612658
2025-12-20,M3 FFF+intraday GARCH,-4.97775,3.69504e-05
2025-12-21,M3 FFF+intraday GARCH,-4.23114,0.000165421
2025-12-22,M3 FFF+intraday GARCH,-3.101,0.00184516
2025-12-23,M3 FFF+intraday GARCH,-3.10242,0.00183945
2025-12-24,M3 FFF+intraday GARCH,-3.8905,0.00090651
2025-12-25,M3 FFF+intraday GARCH,-4.23968,0.000410439
2025-12-26,M3 FFF+intraday GARCH,-3.49215,0.00167409
2025-12-27,M3 FFF+intraday GARCH,-5.46488,1.99351e-05
2025-12-28,M3 FFF+intraday GARCH,-5.23252,1.70728e-05
2025-12-29,M3 FFF+intraday GARCH,-3.14481,0.00199963
2025-12-30,M3 FFF+intraday GARCH,-3.79256,0.00134538
2025-12-31,M3 FFF+intraday GARCH,-4.21725,0.000231592
2025-01-01,M4 raw intraday GARCH,-3.6761,0.000319582
2025-01-02,M4 raw intraday GARCH,-2.94995,0.00165186
2025-01-03,M4 raw intraday GARCH,-3.74075,0.000864159
2025-01-04,M4 raw intraday GARCH,-4.59292,7.10112e-05
2025-01-05,M4 raw intraday GARCH,-4.09067,0.000269762
2025-01-06,M4 raw intraday GARCH,-3.07464,0.00426923
2025-01-07,M4 raw intraday GARCH,-3.37276,0.0010257
2025-01-08,M4 raw intraday GARCH,-2.42283,0.00507233
2025-01-09,M4 raw intraday GARCH,-1.94881,0.00890764
2025-01-10,M4 raw intraday GARCH,-2.14027,0.0213691
2025-01-11,M4 raw intraday GARCH,-4.37977,6.44569e-05
2025-01-12,M4 raw intraday GARCH,-4.31471,0.000258412
2025-01-13,M4 raw intraday GARCH,-2.07001,0.0152163
2025-01-14,M4 raw intraday GARCH,-2.72437,0.00501089
2025-01-15,M4 raw intraday GARCH,-2.76808,0.0117672
2025-01-16,M4 raw intraday GARCH,-3.01753,0.00239496
2025-01-17,M4 raw intraday GARCH,-3.10496,0.00186159
2025-01-18,M4 raw intraday GARCH,-2.89094,0.00169415
2025-01-19,M4 raw intraday GARCH,-2.44135,0.061468
2025-01-20,M4 raw intraday GARCH,-0.99878,0.305326
2025-01-21,M4 raw intraday GARCH,-1.81106,0.0308493
2025-01-22,M4 raw intraday GARCH,-3.08338,0.00123636
2025-01-23,M4 raw intraday GARCH,-1.79164,0.117465
2025-01-24,M4 raw intraday GARCH,-2.86673,0.00325155
2025-01-25,M4 raw intraday GARCH,-4.16759,8.01438e-05
2025-01-26,M4 raw intraday GARCH,-4.475,0.000360038
2025-01-27,M4 raw intraday GARCH,-1.9836,0.0065586
2025-01-28,M4 raw intraday GARCH,-2.79789,0.00171683
2025-01-29,M4 raw intraday GARCH,-3.16968,0.00324228
2025-01-30,M4 raw intraday GARCH,-3.29957,0.000856649
2025-01-31,M4 raw intraday GARCH,-3.27423,0.000942891
2025-02-01,M4 raw intraday GARCH,-4.01914,0.000208975
2025-02-02,M4 raw intraday GARCH,-2.60835,0.00339663
2025-02-03,M4 raw intraday GARCH,-1.57114,0.0386414
2025-02-04,M4 raw intraday GARCH,-2.08465,0.00865946
2025-02-05,M4 raw intraday GARCH,-2.62955,0.00228674
2025-02-06,M4 raw intraday GARCH,-2.93063,0.00129571
2025-02-07,M4 raw intraday GARCH,-2.6079,0.00781108
2025-02-08,M4 raw intraday GARCH,-4.18523,7.24091e-05
2025-02-09,M4 raw intraday GARCH,-3.78398,0.000943039
2025-02-10,M4 raw intraday GARCH,-3.19717,0.00148463
2025-02-11,M4 raw intraday GARCH,-3.66115,0.000240417
2025-02-12,M4 raw intraday GARCH,-2.78847,0.0328017
2025-02-13,M4 raw intraday GARCH,-3.38728,0.000680029
2025-02-14,M4 raw intraday GARCH,-3.16542,0.00250525
2025-02-15,M4 raw intraday GARCH,-4.65348,2.89574e-05
2025-02-16,M4 raw intraday GARCH,-4.96924,0.000116598
2025-02-17,M4 raw intraday GARCH,-3.7675,0.000216621
2025-02-18,M4 raw intraday GARCH,-3.34837,0.00161987
2025-02-19,M4 raw intraday GARCH,-3.42094,0.000805544
2025-02-20,M4 raw intraday GARCH,-4.00855,0.000224974
2025-02-21,M4 raw intraday GARCH,-3.31277,0.00485364
2025-02-22,M4 raw intraday GARCH,-4.73964,3.59339e-05
2025-02-23,M4 raw intraday GARCH,-4.94036,7.34893e-05
2025-02-24,M4 raw intraday GARCH,-3.03217,0.00140318
2025-02-25,M4 raw intraday GARCH,-1.78293,0.0162935
2025-02-26,M4 raw intraday GARCH,-2.19216,0.0629059
2025-02-27,M4 raw intraday GARCH,-2.30033,0.00318088
2025-02-28,M4 raw intraday GARCH,-1.21257,0.157681
2025-03-01,M4 raw intraday GARCH,-2.94237,0.00148898
2025-03-02,M4 raw intraday GARCH,-2.38505,0.117288
2025-03-03,M4 raw intraday GARCH,-1.68528,0.0441617
2025-03-04,M4 raw intraday GARCH,-1.46397,0.0726477
2025-03-05,M4 raw intraday GARCH,-2.15205,0.00898481
2025-03-06,M4 raw intraday GARCH,-1.90929,0.018535
2025-03-07,M4 raw intraday GARCH,-1.35002,0.138869
2025-03-08,M4 raw intraday GARCH,-3.3271,0.00176341
2025-03-09,M4 raw intraday GARCH,-3.06171,0.00311003
2025-03-10,M4 raw intraday GARCH,-1.47868,0.0353363
2025-03-11,M4 raw intraday GARCH,-1.97842,0.0220643
2025-03-12,M4 raw intraday GARCH,-2.42628,0.00378323
2025-03-13,M4 raw intraday GARCH,-2.7631,0.00138316
2025-03-14,M4 raw intraday GARCH,-3.02179,0.00173267
2025-03-15,M4 raw intraday GARCH,-4.30541,7.34002e-05
2025-03-16,M4 raw intraday GARCH,-2.91842,0.0140873
2025-03-17,M4 raw intraday GARCH,-3.22743,0.00119219
2025-03-18,M4 raw intraday GARCH,-3.17109,0.00103913
2025-03-19,M4 raw intraday GARCH,-3.13298,0.00229078
2025-03-20,M4 raw intraday GARCH,-3.1173,0.00229883
2025-03-21,M4 raw intraday GARCH,-3.58282,0.000581451
2025-03-22,M4 raw intraday GARCH,-5.15671,1.36541e-05
2025-03-23,M4 raw intraday GARCH,-4.50506,0.000168348
2025-03-24,M4 raw intraday GARCH,-3.20407,0.000744938
2025-03-25,M4 raw intraday GARCH,-3.30212,0.00046426
2025-03-26,M4 raw intraday GARCH,-3.51811,0.000652107
2025-03-27,M4 raw intraday GARCH,-3.61092,0.000281474
2025-03-28,M4 raw intraday GARCH,-3.34914,0.000587897
2025-03-29,M4 raw intraday GARCH,-3.51556,0.00082378
2025-03-30,M4 raw intraday GARCH,-3.68678,0.000370831
2025-03-31,M4 raw intraday GARCH,-2.85568,0.00367532
2025-04-01,M4 raw intraday GARCH,-3.34672,0.00175715
2025-04-02,M4 raw intraday GARCH,-2.54804,0.0438472
2025-04-03,M4 raw intraday GARCH,-2.79871,0.00264215
2025-04-04,M4 raw intraday GARCH,-2.32704,0.0092294
2025-04-05,M4 raw intraday GARCH,-4.09544,0.0001392
2025-04-06,M4 raw intraday GARCH,-3.33561,0.00292366
2025-04-07,M4 raw intraday GARCH,-1.27946,0.135847
2025-04-08,M4 raw intraday GARCH,-2.40852,0.00352022
2025-04-09,M4 raw intraday GARCH,-1.49436,0.122001
2025-04-10,M4 raw intraday GARCH,-2.7479,0.00446001
2025-04-11,M4 raw intraday GARCH,-2.56515,0.00662439
2025-04-12,M4 raw intraday GARCH,-3.3642,0.00097398
2025-04-13,M4 raw intraday GARCH,-2.67472,0.00658248
2025-04-14,M4 raw intraday GARCH,-2.83909,0.00360186
2025-04-15,M4 raw intraday GARCH,-3.2981,0.00182298
2025-04-16,M4 raw intraday GARCH,-3.0273,0.00210782
2025-04-17,M4 raw intraday GARCH,-3.75197,0.000261619
2025-04-18,M4 raw intraday GARCH,-5.00731,1.18636e-05
2025-04-19,M4 raw intraday GARCH,-4.69291,9.39169e-05
2025-04-20,M4 raw intraday GARCH,-4.59134,7.5353e-05
2025-04-21,M4 raw intraday GARCH,-3.13991,0.00301874
2025-04-22,M4 raw intraday GARCH,-2.49508,0.0546691
2025-04-23,M4 raw intraday GARCH,-3.07212,0.00228766
2025-04-24,M4 raw intraday GARCH,-3.43858,0.000365695
2025-04-25,M4 raw intraday GARCH,-3.37156,0.000924367
2025-04-26,M4 raw intraday GARCH,-4.31295,7.97907e-05
2025-04-27,M4 raw intraday GARCH,-4.15279,0.000296557
2025-04-28,M4 raw intraday GARCH,-3.42046,0.000595444
2025-04-29,M4 raw intraday GARCH,-3.52339,0.000278681
2025-04-30,M4 raw intraday GARCH,-3.70565,0.000780395
2025-05-01,M4 raw intraday GARCH,-3.65753,0.000516557
2025-05-02,M4 raw intraday GARCH,-3.76366,0.000301993
2025-05-03,M4 raw intraday GARCH,-4.82926,2.31548e-05
2025-05-04,M4 raw intraday GARCH,-3.89884,0.000513164
2025-05-05,M4 raw intraday GARCH,-3.64322,0.000571315
2025-05-06,M4 raw intraday GARCH,-3.62232,0.00105209
2025-05-07,M4 raw intraday GARCH,-3.68657,0.00124551
2025-05-08,M4 raw intraday GARCH,-3.19091,0.00281045
2025-05-09,M4 raw intraday GARCH,-3.49095,0.00111635
2025-05-10,M4 raw intraday GARCH,-4.30266,0.000987909
2025-05-11,M4 raw intraday GARCH,-3.2802,0.000878501
2025-05-12,M4 raw intraday GARCH,-2.31072,0.0112498
2025-05-13,M4 raw intraday GARCH,-3.34694,0.000515348
2025-05-14,M4 raw intraday GARCH,-3.89075,0.000339349
2025-05-15,M4 raw intraday GARCH,-3.25549,0.000898196
2025-05-16,M4 raw intraday GARCH,-3.77937,0.000307226
2025-05-17,M4 raw intraday GARCH,-4.3428,0.000105811
2025-05-18,M4 raw intraday GARCH,-3.79679,0.00093468
2025-05-19,M4 raw intraday GARCH,-2.92439,0.00101228
2025-05-20,M4 raw intraday GARCH,-2.92554,0.0018147
2025-05-21,M4 raw intraday GARCH,-2.60163,0.00738628
2025-05-22,M4 raw intraday GARCH,-3.03553,0.00117757
2025-05-23,M4 raw intraday GARCH,-3.1954,0.0022174
2025-05-24,M4 raw intraday GARCH,-3.74236,0.000509417
2025-05-25,M4 raw intraday GARCH,-3.77125,0.000510021
2025-05-26,M4 raw intraday GARCH,-3.71497,0.000269809
2025-05-27,M4 raw intraday GARCH,-3.39314,0.000813903
2025-05-28,M4 raw intraday GARCH,-3.78356,0.000199202
2025-05-29,M4 raw intraday GARCH,-3.41871,0.00129123
2025-05-30,M4 raw intraday GARCH,-3.26779,0.000815868
2025-05-31,M4 raw intraday GARCH,-4.09657,0.000301305
2025-06-01,M4 raw intraday GARCH,-4.12456,0.000239482
2025-06-02,M4 raw intraday GARCH,-3.68355,0.000224049
2025-06-03,M4 raw intraday GARCH,-3.86097,0.000386218
2025-06-04,M4 raw intraday GARCH,-4.20291,0.000143343
2025-06-05,M4 raw intraday GARCH,-3.52873,0.00263886
2025-06-06,M4 raw intraday GARCH,-3.79315,0.000312791
2025-06-07,M4 raw intraday GARCH,-4.45085,0.000106404
2025-06-08,M4 raw intraday GARCH,-4.88463,5.25804e-05
2025-06-09,M4 raw intraday GARCH,-3.66688,0.00295996
2025-06-10,M4 raw intraday GARCH,-3.62873,0.000614083
2025-06-11,M4 raw intraday GARCH,-3.89322,0.000509927
2025-06-12,M4 raw intraday GARCH,-3.51529,0.000600347
2025-06-13,M4 raw intraday GARCH,-2.89902,0.00321636
2025-06-14,M4 raw intraday GARCH,-4.53989,7.07688e-05
2025-06-15,M4 raw intraday GARCH,-4.48578,6.97898e-05
2025-06-16,M4 raw intraday GARCH,-3.62322,0.000889316
2025-06-17,M4 raw intraday GARCH,-3.30385,0.000799484
2025-06-18,M4 raw intraday GARCH,-3.51445,0.000554346
2025-06-19,M4 raw intraday GARCH,-4.0906,0.000170212
2025-06-20,M4 raw intraday GARCH,-3.63666,0.000995791
2025-06-21,M4 raw intraday GARCH,-4.09252,0.00367448
2025-06-22,M4 raw intraday GARCH,-2.72885,0.00471945
2025-06-23,M4 raw intraday GARCH,-2.8933,0.00323135
2025-06-24,M4 raw intraday GARCH,-3.56276,0.000288697
2025-06-25,M4 raw intraday GARCH,-3.72149,0.000392014
2025-06-26,M4 raw intraday GARCH,-3.86792,0.000368386
2025-06-27,M4 raw intraday GARCH,-4.09658,0.000196689
2025-06-28,M4 raw intraday GARCH,-5.8367,4.48732e-06
2025-06-29,M4 raw intraday GARCH,-4.91776,4.43718e-05
2025-06-30,M4 raw intraday GARCH,-4.11096,0.000224817
2025-07-01,M4 raw intraday GARCH,-4.19179,0.000126119
2025-07-02,M4 raw intraday GARCH,-3.87753,0.000628284
2025-07-03,M4 raw intraday GARCH,-3.83361,0.000463816
2025-07-04,M4 raw intraday GARCH,-4.38654,9.50652e-05
2025-07-05,M4 raw intraday GARCH,-5.34154,2.31264e-05
2025-07-06,M4 raw intraday GARCH,-5.07737,5.64557e-05
2025-07-07,M4 raw intraday GARCH,-4.22557,0.000138067
2025-07-08,M4 raw intraday GARCH,-4.43586,0.000133008
2025-07-09,M4 raw intraday GARCH,-4.08705,0.000566381
2025-07-10,M4 raw intraday GARCH,-0.909177,0.0908547
2025-07-11,M4 raw intraday GARCH,-3.28307,0.000559859
2025-07-12,M4 raw intraday GARCH,-4.72852,3.98318e-05
2025-07-13,M4 raw intraday GARCH,-4.444,0.000370422
2025-07-14,M4 raw intraday GARCH,-2.83521,0.00555782
2025-07-15,M4 raw intraday GARCH,-2.81956,0.00258675
2025-07-16,M4 raw intraday GARCH,-3.45994,0.000533327
2025-07-17,M4 raw intraday GARCH,-3.23413,0.000768776
2025-07-18,M4 raw intraday GARCH,-3.36447,0.000752617
2025-07-19,M4 raw intraday GARCH,-4.64526,7.49921e-05
2025-07-20,M4 raw intraday GARCH,-4.33399,0.000204741
2025-07-21,M4 raw intraday GARCH,-3.4748,0.000236544
2025-07-22,M4 raw intraday GARCH,-3.2415,0.00114928
2025-07-23,M4 raw intraday GARCH,-3.54673,0.000448111
2025-07-24,M4 raw intraday GARCH,-3.77428,0.000256897
2025-07-25,M4 raw intraday GARCH,-3.21153,0.0010189
2025-07-26,M4 raw intraday GARCH,-5.06457,3.08868e-05
2025-07-27,M4 raw intraday GARCH,-4.66268,0.00013944
2025-07-28,M4 raw intraday GARCH,-3.75018,0.000266026
2025-07-29,M4 raw intraday GARCH,-3.70969,0.000371434
2025-07-30,M4 raw intraday GARCH,-3.95468,0.000436734
2025-07-31,M4 raw intraday GARCH,-4.20203,0.000262542
2025-08-01,M4 raw intraday GARCH,-3.00972,0.00115441
2025-08-02,M4 raw intraday GARCH,-4.1261,0.000187752
2025-08-03,M4 raw intraday GARCH,-4.52964,0.000120625
2025-08-04,M4 raw intraday GARCH,-4.19241,0.000151395
2025-08-05,M4 raw intraday GARCH,-3.90965,0.000775326
2025-08-06,M4 raw intraday GARCH,-4.07887,0.000818266
2025-08-07,M4 raw intraday GARCH,-4.02403,0.000232037
2025-08-08,M4 raw intraday GARCH,-4.24821,0.00028624
2025-08-09,M4 raw intraday GARCH,-4.80725,3.73809e-05
2025-08-10,M4 raw intraday GARCH,-3.93183,0.0002396
2025-08-11,M4 raw intraday GARCH,-3.23026,0.00117024
2025-08-12,M4 raw intraday GARCH,-3.72196,0.000484639
2025-08-13,M4 raw intraday GARCH,-3.43839,0.00202276
2025-08-14,M4 raw intraday GARCH,-2.55786,0.0648705
2025-08-15,M4 raw intraday GARCH,-3.93492,0.000187994
2025-08-16,M4 raw intraday GARCH,-5.18247,1.43416e-05
2025-08-17,M4 raw intraday GARCH,-4.86377,4.42026e-05
2025-08-18,M4 raw intraday GARCH,-3.54632,0.000290864
2025-08-19,M4 raw intraday GARCH,-3.66134,0.000305798
2025-08-20,M4 raw intraday GARCH,-3.71895,0.000415755
2025-08-21,M4 raw intraday GARCH,-3.64175,0.000383212
2025-08-22,M4 raw intraday GARCH,-3.31074,0.0192467
2025-08-23,M4 raw intraday GARCH,-4.66033,4.77882e-05
2025-08-24,M4 raw intraday GARCH,-3.77953,0.00513643
2025-08-25,M4 raw intraday GARCH,-2.98131,0.00301018
2025-08-26,M4 raw intraday GARCH,-3.20462,0.00178277
2025-08-27,M4 raw intraday GARCH,-3.6236,0.000404161
2025-08-28,M4 raw intraday GARCH,-3.85903,0.000250221
2025-08-29,M4 raw intraday GARCH,-3.4529,0.00052464
2025-08-30,M4 raw intraday GARCH,-4.58489,6.02127e-05
2025-08-31,M4 raw intraday GARCH,-4.58407,4.10795e-05
2025-09-01,M4 raw intraday GARCH,-3.31269,0.000452841
2025-09-02,M4 raw intraday GARCH,-3.41511,0.00105257
2025-09-03,M4 raw intraday GARCH,-3.7618,0.00054976
2025-09-04,M4 raw intraday GARCH,-3.65676,0.00063061
2025-09-05,M4 raw intraday GARCH,-3.7668,0.00142108
2025-09-06,M4 raw intraday GARCH,-5.28124,2.15483e-05
2025-09-07,M4 raw intraday GARCH,-4.97638,3.22795e-05
2025-09-08,M4 raw intraday GARCH,-4.12181,0.000145314
2025-09-09,M4 raw intraday GARCH,-3.96712,0.000518934
2025-09-10,M4 raw intraday GARCH,-3.75498,0.000896404
2025-09-11,M4 raw intraday GARCH,-4.10548,0.000526164
2025-09-12,M4 raw intraday GARCH,-4.07535,0.000134439
2025-09-13,M4 raw intraday GARCH,-5.22699,1.5034e-05
2025-09-14,M4 raw intraday GARCH,-5.06324,2.55473e-05
2025-09-15,M4 raw intraday GARCH,-3.86333,0.000204595
2025-09-16,M4 raw intraday GARCH,-4.2271,0.000160442
2025-09-17,M4 raw intraday GARCH,-4.04267,0.000912453
2025-09-18,M4 raw intraday GARCH,-4.13567,0.000126314
2025-09-19,M4 raw intraday GARCH,-4.7086,4.01951e-05
2025-09-20,M4 raw intraday GARCH,-5.77843,3.90861e-06
2025-09-21,M4 raw intraday GARCH,-5.4834,9.58974e-06
2025-09-22,M4 raw intraday GARCH,-3.51957,0.00524554
2025-09-23,M4 raw intraday GARCH,-4.13335,9.62162e-05
2025-09-24,M4 raw intraday GARCH,-4.17238,0.000210642
2025-09-25,M4 raw intraday GARCH,-3.26786,0.000804254
2025-09-26,M4 raw intraday GARCH,-3.65417,0.000418974
2025-09-27,M4 raw intraday GARCH,-5.59803,6.36427e-06
2025-09-28,M4 raw intraday GARCH,-4.88984,0.000241765
2025-09-29,M4 raw intraday GARCH,-4.21911,0.00155128
2025-09-30,M4 raw intraday GARCH,-4.12114,0.000127531
2025-10-01,M4 raw intraday GARCH,-3.7028,0.000467006
2025-10-02,M4 raw intraday GARCH,-3.8158,0.000327809
2025-10-03,M4 raw intraday GARCH,-3.80929,0.0010391
2025-10-04,M4 raw intraday GARCH,-4.81472,2.68306e-05
2025-10-05,M4 raw intraday GARCH,-3.20864,0.00611025
2025-10-06,M4 raw intraday GARCH,-3.43738,0.000990794
2025-10-07,M4 raw intraday GARCH,-3.5315,0.00137465
2025-10-08,M4 raw intraday GARCH,-3.45971,0.00050822
2025-10-09,M4 raw intraday GARCH,-3.60764,0.000454275
2025-10-10,M4 raw intraday GARCH,-2.32592,13.2768
2025-10-11,M4 raw intraday GARCH,-2.69727,0.00391079
2025-10-12,M4 raw intraday GARCH,-2.6547,0.00515525
2025-10-13,M4 raw intraday GARCH,-3.11579,0.0019075
2025-10-14,M4 raw intraday GARCH,-2.85111,0.00169337
2025-10-15,M4 raw intraday GARCH,-3.04096,0.00120512
2025-10-16,M4 raw intraday GARCH,-2.43762,0.0150709
2025-10-17,M4 raw intraday GARCH,-2.78464,0.00392091
2025-10-18,M4 raw intraday GARCH,-4.07095,0.00021026
2025-10-19,M4 raw intraday GARCH,-3.5736,0.00324063
2025-10-20,M4 raw intraday GARCH,-3.22094,0.003039
2025-10-21,M4 raw intraday GARCH,-2.48616,0.00713844
2025-10-22,M4 raw intraday GARCH,-2.86347,0.00300716
2025-10-23,M4 raw intraday GARCH,-2.89111,0.00234648
2025-10-24,M4 raw intraday GARCH,-3.53754,0.000714415
2025-10-25,M4 raw intraday GARCH,-4.81997,2.91476e-05
2025-10-26,M4 raw intraday GARCH,-3.7999,0.00633115
2025-10-27,M4 raw intraday GARCH,-3.72472,0.000199367
2025-10-28,M4 raw intraday GARCH,-3.53321,0.00123608
2025-10-29,M4 raw intraday GARCH,-3.06673,0.0720485
2025-10-30,M4 raw intraday GARCH,-2.64952,0.00892557
2025-10-31,M4 raw intraday GARCH,-2.76753,0.00201089
2025-11-01,M4 raw intraday GARCH,-4.52318,8.87678e-05
2025-11-02,M4 raw intraday GARCH,-3.86401,0.000235831
2025-11-03,M4 raw intraday GARCH,-2.75564,0.00600362
2025-11-04,M4 raw intraday GARCH,-2.11426,0.0106398
2025-11-05,M4 raw intraday GARCH,-2.73049,0.00316655
2025-11-06,M4 raw intraday GARCH,-2.62664,0.00268444
2025-11-07,M4 raw intraday GARCH,-2.63351,0.00940487
2025-11-08,M4 raw intraday GARCH,-3.66275,0.000343739
2025-11-09,M4 raw intraday GARCH,-3.38633,0.00105866
2025-11-10,M4 raw intraday GARCH,-3.21117,0.000753475
2025-11-11,M4 raw intraday GARCH,-2.8893,0.00527287
2025-11-12,M4 raw intraday GARCH,-3.1575,0.00199174
2025-11-13,M4 raw intraday GARCH,-2.41477,0.00395815
2025-11-14,M4 raw intraday GARCH,-1.65434,0.0194595
2025-11-15,M4 raw intraday GARCH,-3.15644,0.000749016
2025-11-16,M4 raw intraday GARCH,-2.89015,0.00893894
2025-11-17,M4 raw intraday GARCH,-2.63357,0.00435658
2025-11-18,M4 raw intraday GARCH,-2.23509,0.00750115
2025-11-19,M4 raw intraday GARCH,-2.4522,0.00340634
2025-11-20,M4 raw intraday GARCH,-2.34687,0.00289913
2025-11-21,M4 raw intraday GARCH,-0.747021,0.116992
2025-11-22,M4 raw intraday GARCH,-2.93855,0.000868304
2025-11-23,M4 raw intraday GARCH,-2.98811,0.00095969
2025-11-24,M4 raw intraday GARCH,-2.41639,0.00469649
2025-11-25,M4 raw intraday GARCH,-2.762,0.00208404
2025-11-26,M4 raw intraday GARCH,-2.87765,0.00274301
2025-11-27,M4 raw intraday GARCH,-3.2554,0.000716323
2025-11-28,M4 raw intraday GARCH,-3.30994,0.0015436
2025-11-29,M4 raw intraday GARCH,-4.23414,9.24014e-05
2025-11-30,M4 raw intraday GARCH,-4.03988,0.00018438
2025-12-01,M4 raw intraday GARCH,-2.32756,0.00734182
2025-12-02,M4 raw intraday GARCH,-2.79745,0.00385973
2025-12-03,M4 raw intraday GARCH,-1.74396,0.0232755
2025-12-04,M4 raw intraday GARCH,-2.81485,0.00393882
2025-12-05,M4 raw intraday GARCH,-2.95241,0.00550421
2025-12-06,M4 raw intraday GARCH,-4.20405,0.000197147
2025-12-07,M4 raw intraday GARCH,-3.39722,0.00375593
2025-12-08,M4 raw intraday GARCH,-3.20238,0.0018874
2025-12-09,M4 raw intraday GARCH,-2.93485,0.00440671
2025-12-10,M4 raw intraday GARCH,-3.1297,0.00868435
2025-12-11,M4 raw intraday GARCH,-3.05249,0.00218559
2025-12-12,M4 raw intraday GARCH,-3.40016,0.00216673
2025-12-13,M4 raw intraday GARCH,-5.11067,2.38965e-05
2025-12-14,M4 raw intraday GARCH,-3.96897,0.000549058
2025-12-15,M4 raw intraday GARCH,-3.09446,0.00229481
2025-12-16,M4 raw intraday GARCH,-3.14965,0.00134669
2025-12-17,M4 raw intraday GARCH,-2.17664,0.0752195
2025-12-18,M4 raw intraday GARCH,-2.69679,0.0132323
2025-12-19,M4 raw intraday GARCH,-2.59931,0.00622409
2025-12-20,M4 raw intraday GARCH,-4.98701,3.64529e-05
2025-12-21,M4 raw intraday GARCH,-4.22574,0.000165497
2025-12-22,M4 raw intraday GARCH,-3.09325,0.00190166
2025-12-23,M4 raw intraday GARCH,-3.08913,0.00187676
2025-12-24,M4 raw intraday GARCH,-3.89027,0.000925639
2025-12-25,M4 raw intraday GARCH,-4.22647,0.00041973
2025-12-26,M4 raw intraday GARCH,-3.52204,0.00172226
2025-12-27,M4 raw intraday GARCH,-5.48602,1.99405e-05
2025-12-28,M4 raw intraday GARCH,-5.22993,1.70564e-05
2025-12-29,M4 raw intraday GARCH,-3.12088,0.00200761
2025-12-30,M4 raw intraday GARCH,-3.78785,0.0013746
2025-12-31,M4 raw intraday GARCH,-4.213,0.000237402
