day,model,qlike,mse
2020-01-02,M0 flat,-5.21617,1.37591e-05
2020-01-03,M0 flat,-4.88495,2.2593e-05
2020-01-06,M0 flat,-5.33,9.51342e-06
2020-01-07,M0 flat,-5.37464,8.84218e-06
2020-01-08,M0 flat,-4.66724,7.28553e-05
2020-01-09,M0 flat,-5.38492,8.23563e-06
2020-01-10,M0 flat,-5.22836,9.8394e-06
2020-01-13,M0 flat,-5.68934,4.87197e-06
2020-01-14,M0 flat,-5.15464,1.52235e-05
2020-01-15,M0 flat,-5.24202,5.73409e-06
2020-01-16,M0 flat,-5.83289,3.68376e-06
2020-01-17,M0 flat,-5.52946,5.02427e-06
2020-01-21,M0 flat,-5.46616,6.28416e-06
2020-01-22,M0 flat,-5.44504,7.1183e-06
2020-01-23,M0 flat,-5.1591,1.11186e-05
2020-01-24,M0 flat,-2.10796,0.000109351
2020-01-27,M0 flat,-4.1275,5.03265e-05
2020-01-28,M0 flat,-4.47302,4.6707e-05
2020-01-29,M0 flat,-4.42401,6.44056e-05
2020-01-30,M0 flat,-3.9085,0.000107712
2020-01-31,M0 flat,-3.4452,0.00015764
2020-02-03,M0 flat,-4.11447,7.63952e-05
2020-02-04,M0 flat,-4.5299,5.76934e-05
2020-02-05,M0 flat,-4.2396,8.70328e-05
2020-02-06,M0 flat,-4.38729,7.85181e-05
2020-02-07,M0 flat,-4.49538,4.47507e-05
2020-02-10,M0 flat,-4.76327,3.48183e-05
2020-02-11,M0 flat,-4.63132,3.0793e-05
2020-02-12,M0 flat,-5.06559,1.68542e-05
2020-02-13,M0 flat,-4.69871,3.61446e-05
2020-02-14,M0 flat,-5.17014,9.44924e-06
2020-02-18,M0 flat,-4.90416,3.80217e-05
2020-02-19,M0 flat,-5.60605,4.75106e-06
2020-02-20,M0 flat,-1.46094,0.000861984
2020-02-21,M0 flat,-3.38247,0.000214701
2020-02-24,M0 flat,-2.01376,0.000583957
2020-02-25,M0 flat,-2.38886,0.00182531
2020-02-26,M0 flat,-2.34991,0.00279646
2020-02-27,M0 flat,-0.228233,0.0163568
2020-02-28,M0 flat,0.15283,0.0932326
2020-03-02,M0 flat,-1.25188,0.0179542
2020-03-03,M0 flat,1.77302,0.393313
2020-03-04,M0 flat,-2.40042,0.00317515
2020-03-05,M0 flat,-2.10355,0.00285659
2020-03-06,M0 flat,-1.67928,0.0105994
2020-03-10,M0 flat,-0.366549,0.0252285
2020-03-11,M0 flat,-1.68084,0.00848201
2020-03-12,M0 flat,4.04513,1.57111
2020-03-13,M0 flat,-0.163076,0.255591
2020-03-17,M0 flat,-0.163594,0.167069
2020-03-18,M0 flat,-0.0663719,0.181679
2020-03-19,M0 flat,-0.362039,0.114134
2020-03-20,M0 flat,-0.524493,0.0973609
2020-03-23,M0 flat,0.838309,0.474108
2020-03-24,M0 flat,-1.23795,0.0189748
2020-03-25,M0 flat,-0.780846,0.0519842
2020-03-26,M0 flat,-0.878273,0.193948
2020-03-27,M0 flat,-1.31779,0.0230502
2020-03-30,M0 flat,-1.68011,0.0143898
2020-03-31,M0 flat,-1.66317,0.0110267
2020-04-01,M0 flat,-1.91178,0.00736968
2020-04-02,M0 flat,-1.31534,0.0201772
2020-04-03,M0 flat,-1.92428,0.00627379
2020-04-06,M0 flat,-2.13297,0.0141084
2020-04-07,M0 flat,-1.44157,0.0267295
2020-04-08,M0 flat,-2.1289,0.0042919
2020-04-09,M0 flat,-1.9095,0.00563489
2020-04-13,M0 flat,-2.21922,0.00334835
2020-04-14,M0 flat,-2.68122,0.00182567
2020-04-15,M0 flat,-2.50923,0.00201946
2020-04-16,M0 flat,-2.55391,0.00179269
2020-04-17,M0 flat,-2.92166,0.000942436
2020-04-20,M0 flat,-2.77271,0.00104481
2020-04-21,M0 flat,-2.3878,0.00178096
2020-04-22,M0 flat,-2.93274,0.00149433
2020-04-23,M0 flat,-2.69097,0.00249142
2020-04-24,M0 flat,-3.1903,0.000460193
2020-04-27,M0 flat,-3.45497,0.000379951
2020-04-28,M0 flat,-2.93983,0.00115123
2020-04-29,M0 flat,-3.52151,0.000311414
2020-04-30,M0 flat,-3.01519,0.000923139
2020-05-01,M0 flat,-3.04056,0.000904645
2020-05-04,M0 flat,-3.11774,0.000599632
2020-05-05,M0 flat,-3.39569,0.000682705
2020-05-06,M0 flat,-3.26079,0.000404398
2020-05-07,M0 flat,-3.6502,0.000303236
2020-05-08,M0 flat,-3.92703,0.000149906
2020-05-11,M0 flat,-3.7207,0.000168416
2020-05-12,M0 flat,-3.34533,0.000373049
2020-05-13,M0 flat,-2.10125,0.00222027
2020-05-14,M0 flat,-2.24395,0.00258228
2020-05-15,M0 flat,-2.95043,0.000696532
2020-05-18,M0 flat,-3.76672,0.000311058
2020-05-19,M0 flat,-2.97085,0.00221062
2020-05-20,M0 flat,-3.52705,0.000311955
2020-05-21,M0 flat,-3.2342,0.000419925
2020-05-22,M0 flat,-3.75016,0.00020219
2020-05-26,M0 flat,-3.87108,0.000165264
2020-05-27,M0 flat,-3.07329,0.00108581
2020-05-28,M0 flat,-3.25671,0.00112532
2020-05-29,M0 flat,-1.73923,0.007086
2020-06-01,M0 flat,-4.37507,0.000134206
2020-06-02,M0 flat,-4.16526,8.32268e-05
2020-06-03,M0 flat,-4.55931,4.9619e-05
2020-06-04,M0 flat,-3.82014,0.000174777
2020-06-05,M0 flat,-3.65551,0.000164437
2020-06-08,M0 flat,-3.96398,0.00012731
2020-06-09,M0 flat,-3.78395,0.000142618
2020-06-10,M0 flat,-2.49498,0.00167154
2020-06-11,M0 flat,-0.81747,0.00322299
2020-06-12,M0 flat,-1.65697,0.00904757
2020-06-15,M0 flat,-2.25153,0.00772557
2020-06-16,M0 flat,-2.25372,0.00731445
2020-06-17,M0 flat,-3.12987,0.000749304
2020-06-18,M0 flat,-3.33088,0.000539223
2020-06-19,M0 flat,-2.55764,0.00178187
2020-06-22,M0 flat,-3.62734,0.000214156
2020-06-23,M0 flat,-3.77097,0.000190566
2020-06-24,M0 flat,-1.95367,0.00128435
2020-06-25,M0 flat,-2.77614,0.00141911
2020-06-26,M0 flat,-2.77373,0.00114295
2020-06-29,M0 flat,-3.47241,0.000429153
2020-06-30,M0 flat,-3.45831,0.00103476
2020-07-01,M0 flat,-3.67364,0.00021402
2020-07-02,M0 flat,-3.84996,0.000150605
2020-07-06,M0 flat,-4.31419,6.00912e-05
2020-07-07,M0 flat,-4.00846,8.69151e-05
2020-07-08,M0 flat,-3.81112,0.000280292
2020-07-09,M0 flat,-2.56071,0.00157685
2020-07-10,M0 flat,-3.54384,0.000391318
2020-07-13,M0 flat,-2.46689,0.00222519
2020-07-14,M0 flat,-1.44538,0.00153741
2020-07-15,M0 flat,-2.73882,0.000642355
2020-07-16,M0 flat,-3.86382,0.000320373
2020-07-17,M0 flat,-4.40703,5.39513e-05
2020-07-20,M0 flat,-4.63053,3.0615e-05
2020-07-21,M0 flat,-4.11197,8.10099e-05
2020-07-22,M0 flat,-4.31185,4.88785e-05
2020-07-23,M0 flat,-2.6455,0.000343897
2020-07-24,M0 flat,-3.49121,0.000269935
2020-07-27,M0 flat,-4.64973,3.45808e-05
2020-07-28,M0 flat,-4.3742,7.4541e-05
2020-07-29,M0 flat,-4.47005,4.33395e-05
2020-07-30,M0 flat,-3.44109,0.000390245
2020-07-31,M0 flat,-3.05029,0.000270781
2020-08-03,M0 flat,-4.67799,2.7865e-05
2020-08-04,M0 flat,-4.67553,2.81799e-05
2020-08-05,M0 flat,-5.02018,2.638e-05
2020-08-06,M0 flat,-4.79121,2.95026e-05
2020-08-07,M0 flat,-3.77813,8.40051e-05
2020-08-10,M0 flat,-4.47981,8.92063e-05
2020-08-11,M0 flat,-1.2795,0.000995671
2020-08-12,M0 flat,-4.85438,1.64325e-05
2020-08-13,M0 flat,-4.57451,2.85138e-05
2020-08-14,M0 flat,-4.49275,7.04262e-05
2020-08-17,M0 flat,-5.47206,7.6598e-06
2020-08-18,M0 flat,-4.40048,0.000176857
2020-08-19,M0 flat,-4.78458,8.00893e-05
2020-08-20,M0 flat,-5.07798,1.06208e-05
2020-08-21,M0 flat,-4.9971,2.21098e-05
2020-08-24,M0 flat,-4.74946,2.72138e-05
2020-08-25,M0 flat,-5.01676,1.85621e-05
2020-08-26,M0 flat,-4.65373,2.24857e-05
2020-08-27,M0 flat,-3.45393,0.000205969
2020-08-28,M0 flat,-4.99382,1.28304e-05
2020-08-31,M0 flat,-4.36774,7.37723e-05
2020-09-01,M0 flat,-4.70723,4.58931e-05
2020-09-02,M0 flat,-4.06025,0.000111057
2020-09-03,M0 flat,4.72196,0.0154188
2020-09-04,M0 flat,-1.16615,0.0108512
2020-09-08,M0 flat,-2.19412,0.00337949
2020-09-09,M0 flat,-3.06835,0.000978355
2020-09-10,M0 flat,-2.3134,0.00223816
2020-09-11,M0 flat,-2.82535,0.00108561
2020-09-14,M0 flat,-3.53705,0.000248438
2020-09-15,M0 flat,-3.83489,0.000192969
2020-09-16,M0 flat,-3.71128,0.000300329
2020-09-17,M0 flat,-3.02047,0.000706542
2020-09-18,M0 flat,-3.08553,0.000559206
2020-09-21,M0 flat,-2.8326,0.000665279
2020-09-22,M0 flat,-3.52751,0.000430412
2020-09-23,M0 flat,-2.8713,0.00102473
2020-09-24,M0 flat,-2.35405,0.00203275
2020-09-25,M0 flat,-3.12172,0.000537033
2020-09-28,M0 flat,-3.8359,0.000142988
2020-09-29,M0 flat,-3.73461,0.000191874
2020-09-30,M0 flat,-2.90596,0.00139356
2020-10-01,M0 flat,-3.71253,0.000207258
2020-10-02,M0 flat,-2.37295,0.00105201
2020-10-05,M0 flat,-4.56079,3.90648e-05
2020-10-06,M0 flat,-1.81727,0.0162834
2020-10-07,M0 flat,-4.19218,9.57984e-05
2020-10-08,M0 flat,-4.18493,0.000111021
2020-10-09,M0 flat,-4.3463,7.72099e-05
2020-10-12,M0 flat,-4.35394,5.58228e-05
2020-10-13,M0 flat,-3.82703,0.000134248
2020-10-14,M0 flat,-3.76337,0.000167195
2020-10-15,M0 flat,-4.06342,0.000108389
2020-10-16,M0 flat,-4.15809,7.47356e-05
2020-10-19,M0 flat,-3.06635,0.000432812
2020-10-20,M0 flat,-3.05884,0.00107704
2020-10-21,M0 flat,-2.97115,0.000759587
2020-10-22,M0 flat,-3.21404,0.00034441
2020-10-23,M0 flat,-4.33284,8.53886e-05
2020-10-26,M0 flat,-1.29421,0.000645218
2020-10-27,M0 flat,-3.809,0.000128141
2020-10-28,M0 flat,-1.42813,0.0014514
2020-10-29,M0 flat,-2.76174,0.00236427
2020-10-30,M0 flat,-1.95033,0.0043477
2020-11-02,M0 flat,-3.23538,0.000404911
2020-11-03,M0 flat,-3.05262,0.00191767
2020-11-04,M0 flat,-2.71125,0.00144223
2020-11-05,M0 flat,-3.36632,0.000367402
2020-11-06,M0 flat,-3.31212,0.000899609
2020-11-09,M0 flat,-2.22691,0.0038787
2020-11-10,M0 flat,-2.88825,0.000807137
2020-11-11,M0 flat,-4.01429,0.000119521
2020-11-12,M0 flat,-3.65146,0.000162786
2020-11-13,M0 flat,-4.272,5.25157e-05
2020-11-16,M0 flat,-3.95621,0.000294086
2020-11-17,M0 flat,-4.24733,8.47759e-05
2020-11-18,M0 flat,-4.03604,0.000130918
2020-11-19,M0 flat,-4.01936,6.61717e-05
2020-11-20,M0 flat,-4.22004,0.000113522
2020-11-23,M0 flat,-4.03,0.000131884
2020-11-24,M0 flat,-4.52591,3.1982e-05
2020-11-25,M0 flat,-4.37683,6.84623e-05
2020-12-01,M0 flat,-4.25598,4.36139e-05
2020-12-02,M0 flat,-4.6126,5.02174e-05
2020-12-03,M0 flat,-4.1874,0.000301318
2020-12-04,M0 flat,-5.01663,1.44044e-05
2020-12-07,M0 flat,-4.8654,3.9266e-05
2020-12-08,M0 flat,-5.18247,1.49967e-05
2020-12-09,M0 flat,-2.83733,0.000148744
2020-12-10,M0 flat,-3.84833,0.000308778
2020-12-11,M0 flat,-4.2433,5.66558e-05
2020-12-14,M0 flat,-3.42812,0.000140699
2020-12-15,M0 flat,-4.70059,2.985e-05
2020-12-16,M0 flat,-4.81727,3.6775e-05
2020-12-17,M0 flat,-5.11105,1.56079e-05
2020-12-18,M0 flat,-3.76588,0.000149179
2020-12-21,M0 flat,-2.26291,0.000438768
2020-12-22,M0 flat,-4.39433,7.68662e-05
2020-12-23,M0 flat,-5.26181,2.17525e-05
2020-12-28,M0 flat,-5.69604,7.22686e-06
2020-12-29,M0 flat,-4.46802,3.72737e-05
2020-12-30,M0 flat,-5.19564,1.30347e-05
2020-12-31,M0 flat,-5.30735,1.20508e-05
2020-01-02,M1 hist. profile,-5.36233,1.26586e-05
2020-01-03,M1 hist. profile,-5.08902,1.75543e-05
2020-01-06,M1 hist. profile,-5.32325,1.1184e-05
2020-01-07,M1 hist. profile,-5.53053,6.79848e-06
2020-01-08,M1 hist. profile,-4.74241,7.27802e-05
2020-01-09,M1 hist. profile,-5.37357,9.3698e-06
2020-01-10,M1 hist. profile,-5.26369,1.05087e-05
2020-01-13,M1 hist. profile,-5.78842,4.96048e-06
2020-01-14,M1 hist. profile,-5.14794,1.60337e-05
2020-01-15,M1 hist. profile,-5.28972,5.49953e-06
2020-01-16,M1 hist. profile,-5.94506,3.60327e-06
2020-01-17,M1 hist. profile,-5.59335,5.64642e-06
2020-01-21,M1 hist. profile,-5.5211,6.09028e-06
2020-01-22,M1 hist. profile,-5.52272,7.09981e-06
2020-01-23,M1 hist. profile,-5.02618,1.1852e-05
2020-01-24,M1 hist. profile,-1.55341,0.000110593
2020-01-27,M1 hist. profile,-4.24028,4.54294e-05
2020-01-28,M1 hist. profile,-4.56977,4.91489e-05
2020-01-29,M1 hist. profile,-4.55099,5.51799e-05
2020-01-30,M1 hist. profile,-3.92252,0.000109394
2020-01-31,M1 hist. profile,-3.32547,0.000155699
2020-02-03,M1 hist. profile,-4.20555,7.07984e-05
2020-02-04,M1 hist. profile,-4.63798,5.58771e-05
2020-02-05,M1 hist. profile,-4.3394,8.86132e-05
2020-02-06,M1 hist. profile,-4.46607,9.06165e-05
2020-02-07,M1 hist. profile,-4.58804,4.38543e-05
2020-02-10,M1 hist. profile,-4.86473,3.65537e-05
2020-02-11,M1 hist. profile,-4.7171,2.79624e-05
2020-02-12,M1 hist. profile,-5.16622,1.60505e-05
2020-02-13,M1 hist. profile,-4.79807,3.40638e-05
2020-02-14,M1 hist. profile,-5.21084,1.07627e-05
2020-02-18,M1 hist. profile,-4.99362,3.70499e-05
2020-02-19,M1 hist. profile,-5.68568,5.1552e-06
2020-02-20,M1 hist. profile,-0.712598,0.00086927
2020-02-21,M1 hist. profile,-3.7565,0.000201961
2020-02-24,M1 hist. profile,-1.83275,0.000579319
2020-02-25,M1 hist. profile,-2.33637,0.00192947
2020-02-26,M1 hist. profile,-2.26059,0.00291848
2020-02-27,M1 hist. profile,-0.146825,0.0156376
2020-02-28,M1 hist. profile,-0.0462741,0.0883723
2020-03-02,M1 hist. profile,-1.31555,0.0174201
2020-03-03,M1 hist. profile,1.11481,0.383212
2020-03-04,M1 hist. profile,-2.51863,0.00276755
2020-03-05,M1 hist. profile,-2.08702,0.00331998
2020-03-06,M1 hist. profile,-1.71056,0.0105574
2020-03-10,M1 hist. profile,0.0334149,0.0262284
2020-03-11,M1 hist. profile,-1.58556,0.0092774
2020-03-12,M1 hist. profile,4.42756,1.55874
2020-03-13,M1 hist. profile,-0.295446,0.238919
2020-03-17,M1 hist. profile,-0.193745,0.155082
2020-03-18,M1 hist. profile,-0.14216,0.164246
2020-03-19,M1 hist. profile,-0.38539,0.111971
2020-03-20,M1 hist. profile,-0.57745,0.0897017
2020-03-23,M1 hist. profile,0.941667,0.45835
2020-03-24,M1 hist. profile,-1.21321,0.0199352
2020-03-25,M1 hist. profile,-0.907214,0.0408224
2020-03-26,M1 hist. profile,-1.03729,0.188987
2020-03-27,M1 hist. profile,-1.35713,0.0270829
2020-03-30,M1 hist. profile,-1.76346,0.0147553
2020-03-31,M1 hist. profile,-1.71978,0.0122501
2020-04-01,M1 hist. profile,-1.9421,0.00836101
2020-04-02,M1 hist. profile,-1.38645,0.0202219
2020-04-03,M1 hist. profile,-1.97514,0.00698589
2020-04-06,M1 hist. profile,-2.28309,0.0134002
2020-04-07,M1 hist. profile,-1.58338,0.0242638
2020-04-08,M1 hist. profile,-2.19687,0.00498357
2020-04-09,M1 hist. profile,-2.02062,0.0047804
2020-04-13,M1 hist. profile,-2.29912,0.00307319
2020-04-14,M1 hist. profile,-2.73199,0.00215752
2020-04-15,M1 hist. profile,-2.61895,0.00166203
2020-04-16,M1 hist. profile,-2.59141,0.00196932
2020-04-17,M1 hist. profile,-2.98975,0.00102108
2020-04-20,M1 hist. profile,-2.77161,0.00129362
2020-04-21,M1 hist. profile,-2.43686,0.00168695
2020-04-22,M1 hist. profile,-3.0507,0.00138139
2020-04-23,M1 hist. profile,-2.57943,0.00287387
2020-04-24,M1 hist. profile,-3.27194,0.000451166
2020-04-27,M1 hist. profile,-3.53201,0.000399664
2020-04-28,M1 hist. profile,-2.97166,0.00118864
2020-04-29,M1 hist. profile,-3.5834,0.00030361
2020-04-30,M1 hist. profile,-3.08481,0.00092829
2020-05-01,M1 hist. profile,-3.15195,0.000776882
2020-05-04,M1 hist. profile,-3.22755,0.000543055
2020-05-05,M1 hist. profile,-3.49299,0.000682658
2020-05-06,M1 hist. profile,-3.37279,0.000355585
2020-05-07,M1 hist. profile,-3.68082,0.000328471
2020-05-08,M1 hist. profile,-4.01995,0.000151217
2020-05-11,M1 hist. profile,-3.80589,0.000148948
2020-05-12,M1 hist. profile,-3.43618,0.000349854
2020-05-13,M1 hist. profile,-1.95318,0.00226376
2020-05-14,M1 hist. profile,-2.12244,0.00262634
2020-05-15,M1 hist. profile,-3.13013,0.000565733
2020-05-18,M1 hist. profile,-3.95298,0.000246607
2020-05-19,M1 hist. profile,-3.04871,0.00224059
2020-05-20,M1 hist. profile,-3.57045,0.000375578
2020-05-21,M1 hist. profile,-3.3137,0.000409596
2020-05-22,M1 hist. profile,-3.84767,0.000198183
2020-05-26,M1 hist. profile,-3.97106,0.000156469
2020-05-27,M1 hist. profile,-3.2049,0.00104017
2020-05-28,M1 hist. profile,-3.40618,0.00107379
2020-05-29,M1 hist. profile,-1.28442,0.00715208
2020-06-01,M1 hist. profile,-4.55504,0.000113574
2020-06-02,M1 hist. profile,-4.26451,8.12446e-05
2020-06-03,M1 hist. profile,-4.72728,3.81413e-05
2020-06-04,M1 hist. profile,-3.82831,0.000175982
2020-06-05,M1 hist. profile,-3.7444,0.000153634
2020-06-08,M1 hist. profile,-4.03495,0.00013563
2020-06-09,M1 hist. profile,-3.85695,0.000151353
2020-06-10,M1 hist. profile,-2.70429,0.00160785
2020-06-11,M1 hist. profile,-0.56145,0.00319115
2020-06-12,M1 hist. profile,-1.65691,0.00953393
2020-06-15,M1 hist. profile,-2.43812,0.00692799
2020-06-16,M1 hist. profile,-2.33489,0.00728654
2020-06-17,M1 hist. profile,-3.23903,0.000739104
2020-06-18,M1 hist. profile,-3.43148,0.000542396
2020-06-19,M1 hist. profile,-2.31833,0.00190664
2020-06-22,M1 hist. profile,-3.7264,0.000197339
2020-06-23,M1 hist. profile,-3.85757,0.000198639
2020-06-24,M1 hist. profile,-1.93317,0.00124261
2020-06-25,M1 hist. profile,-3.01031,0.00120196
2020-06-26,M1 hist. profile,-2.9428,0.00104486
2020-06-29,M1 hist. profile,-3.64062,0.000329101
2020-06-30,M1 hist. profile,-3.62797,0.000965082
2020-07-01,M1 hist. profile,-3.78636,0.000182747
2020-07-02,M1 hist. profile,-3.92024,0.000158957
2020-07-06,M1 hist. profile,-4.39751,6.15844e-05
2020-07-07,M1 hist. profile,-4.12597,6.7039e-05
2020-07-08,M1 hist. profile,-3.7821,0.000302082
2020-07-09,M1 hist. profile,-2.64006,0.00156103
2020-07-10,M1 hist. profile,-3.92183,0.000321915
2020-07-13,M1 hist. profile,-2.69797,0.0021999
2020-07-14,M1 hist. profile,-1.67735,0.00146379
2020-07-15,M1 hist. profile,-2.8081,0.000609035
2020-07-16,M1 hist. profile,-3.95674,0.000310067
2020-07-17,M1 hist. profile,-4.4443,5.71922e-05
2020-07-20,M1 hist. profile,-4.76772,2.27517e-05
2020-07-21,M1 hist. profile,-4.17466,8.00948e-05
2020-07-22,M1 hist. profile,-4.34745,4.87486e-05
2020-07-23,M1 hist. profile,-2.33754,0.000347007
2020-07-24,M1 hist. profile,-3.5452,0.000256705
2020-07-27,M1 hist. profile,-4.74812,3.28019e-05
2020-07-28,M1 hist. profile,-4.51346,6.65571e-05
2020-07-29,M1 hist. profile,-4.54264,4.21424e-05
2020-07-30,M1 hist. profile,-3.23135,0.000384476
2020-07-31,M1 hist. profile,-3.11827,0.00025511
2020-08-03,M1 hist. profile,-4.84559,2.1403e-05
2020-08-04,M1 hist. profile,-4.73946,2.60191e-05
2020-08-05,M1 hist. profile,-5.10492,2.65684e-05
2020-08-06,M1 hist. profile,-4.90953,2.79183e-05
2020-08-07,M1 hist. profile,-3.69527,8.45687e-05
2020-08-10,M1 hist. profile,-4.52077,8.88285e-05
2020-08-11,M1 hist. profile,-1.14824,0.000993427
2020-08-12,M1 hist. profile,-4.87897,1.71012e-05
2020-08-13,M1 hist. profile,-4.58434,2.85743e-05
2020-08-14,M1 hist. profile,-4.73017,6.39715e-05
2020-08-17,M1 hist. profile,-5.5313,9.19464e-06
2020-08-18,M1 hist. profile,-4.81063,0.000168006
2020-08-19,M1 hist. profile,-4.87251,7.95776e-05
2020-08-20,M1 hist. profile,-5.16681,1.03068e-05
2020-08-21,M1 hist. profile,-5.15033,2.00043e-05
2020-08-24,M1 hist. profile,-4.94269,2.50375e-05
2020-08-25,M1 hist. profile,-5.12554,1.76274e-05
2020-08-26,M1 hist. profile,-4.5944,2.40334e-05
2020-08-27,M1 hist. profile,-3.56399,0.000189758
2020-08-28,M1 hist. profile,-5.02523,1.2654e-05
2020-08-31,M1 hist. profile,-4.56915,6.87307e-05
2020-09-01,M1 hist. profile,-4.93889,4.07597e-05
2020-09-02,M1 hist. profile,-4.28469,0.000103729
2020-09-03,M1 hist. profile,5.72296,0.015438
2020-09-04,M1 hist. profile,-1.19274,0.0106957
2020-09-08,M1 hist. profile,-2.45447,0.00296589
2020-09-09,M1 hist. profile,-3.20525,0.000806517
2020-09-10,M1 hist. profile,-2.2569,0.00236175
2020-09-11,M1 hist. profile,-2.83281,0.0011461
2020-09-14,M1 hist. profile,-3.60721,0.00025041
2020-09-15,M1 hist. profile,-3.93567,0.000208586
2020-09-16,M1 hist. profile,-3.76739,0.000310302
2020-09-17,M1 hist. profile,-3.0894,0.000685534
2020-09-18,M1 hist. profile,-2.8696,0.000580732
2020-09-21,M1 hist. profile,-2.9969,0.000583129
2020-09-22,M1 hist. profile,-3.61416,0.000420203
2020-09-23,M1 hist. profile,-2.86548,0.00101632
2020-09-24,M1 hist. profile,-2.49269,0.00189641
2020-09-25,M1 hist. profile,-3.23524,0.000509778
2020-09-28,M1 hist. profile,-3.95505,0.000133346
2020-09-29,M1 hist. profile,-3.75559,0.000203535
2020-09-30,M1 hist. profile,-2.98199,0.00137777
2020-10-01,M1 hist. profile,-3.69084,0.000208825
2020-10-02,M1 hist. profile,-2.22463,0.00101971
2020-10-05,M1 hist. profile,-4.6318,4.38319e-05
2020-10-06,M1 hist. profile,-1.2448,0.0163611
2020-10-07,M1 hist. profile,-4.2749,8.95248e-05
2020-10-08,M1 hist. profile,-4.27306,0.000114413
2020-10-09,M1 hist. profile,-4.38842,8.86391e-05
2020-10-12,M1 hist. profile,-4.37625,6.804e-05
2020-10-13,M1 hist. profile,-3.85103,0.000138661
2020-10-14,M1 hist. profile,-3.71177,0.000184215
2020-10-15,M1 hist. profile,-4.14078,0.000108033
2020-10-16,M1 hist. profile,-4.1947,7.06376e-05
2020-10-19,M1 hist. profile,-3.18471,0.000420891
2020-10-20,M1 hist. profile,-2.95156,0.00108384
2020-10-21,M1 hist. profile,-2.66329,0.000763863
2020-10-22,M1 hist. profile,-3.27438,0.000338231
2020-10-23,M1 hist. profile,-4.2576,8.64847e-05
2020-10-26,M1 hist. profile,-1.32722,0.000634928
2020-10-27,M1 hist. profile,-3.81476,0.000120939
2020-10-28,M1 hist. profile,-1.51633,0.00141692
2020-10-29,M1 hist. profile,-2.96382,0.00198175
2020-10-30,M1 hist. profile,-2.16708,0.00409562
2020-11-02,M1 hist. profile,-3.29671,0.000363359
2020-11-03,M1 hist. profile,-3.37035,0.00175816
2020-11-04,M1 hist. profile,-2.97652,0.00125315
2020-11-05,M1 hist. profile,-3.44249,0.000379907
2020-11-06,M1 hist. profile,-3.43137,0.000876608
2020-11-09,M1 hist. profile,-2.60913,0.00344938
2020-11-10,M1 hist. profile,-2.90125,0.000780356
2020-11-11,M1 hist. profile,-4.05788,0.000141933
2020-11-12,M1 hist. profile,-3.59534,0.00016838
2020-11-13,M1 hist. profile,-4.34267,6.22487e-05
2020-11-16,M1 hist. profile,-4.12144,0.000262244
2020-11-17,M1 hist. profile,-4.30472,9.09739e-05
2020-11-18,M1 hist. profile,-4.09322,0.000131156
2020-11-19,M1 hist. profile,-4.05585,7.09079e-05
2020-11-20,M1 hist. profile,-4.2979,0.000113179
2020-11-23,M1 hist. profile,-4.09948,0.000132617
2020-11-24,M1 hist. profile,-4.56001,3.88618e-05
2020-11-25,M1 hist. profile,-4.46599,7.10812e-05
2020-12-01,M1 hist. profile,-4.33597,3.94565e-05
2020-12-02,M1 hist. profile,-4.73952,4.47576e-05
2020-12-03,M1 hist. profile,-4.41127,0.000290195
2020-12-04,M1 hist. profile,-5.11042,1.46065e-05
2020-12-07,M1 hist. profile,-4.9591,3.87435e-05
2020-12-08,M1 hist. profile,-5.32715,1.31726e-05
2020-12-09,M1 hist. profile,-2.55362,0.000149354
2020-12-10,M1 hist. profile,-4.27432,0.000284308
2020-12-11,M1 hist. profile,-4.19022,5.37639e-05
2020-12-14,M1 hist. profile,-3.54348,0.000135257
2020-12-15,M1 hist. profile,-4.7181,2.96075e-05
2020-12-16,M1 hist. profile,-4.9101,3.46919e-05
2020-12-17,M1 hist. profile,-5.20815,1.46515e-05
2020-12-18,M1 hist. profile,-3.97078,0.000141688
2020-12-21,M1 hist. profile,-2.90373,0.000416047
2020-12-22,M1 hist. profile,-4.52033,7.3471e-05
2020-12-23,M1 hist. profile,-5.41364,1.99774e-05
2020-12-28,M1 hist. profile,-5.7991,7.42427e-06
2020-12-29,M1 hist. profile,-4.48711,3.7294e-05
2020-12-30,M1 hist. profile,-5.26897,1.43847e-05
2020-12-31,M1 hist. profile,-5.39238,1.21408e-05
2020-01-02,M2 FFF,-5.39187,1.23862e-05
2020-01-03,M2 FFF,-5.04242,1.91964e-05
2020-01-06,M2 FFF,-5.32176,1.08636e-05
2020-01-07,M2 FFF,-5.52492,6.61164e-06
2020-01-08,M2 FFF,-4.70468,7.32248e-05
2020-01-09,M2 FFF,-5.35746,9.31183e-06
2020-01-10,M2 FFF,-5.27458,1.01156e-05
2020-01-13,M2 FFF,-5.78964,4.58823e-06
2020-01-14,M2 FFF,-5.12341,1.63676e-05
2020-01-15,M2 FFF,-5.28835,5.44546e-06
2020-01-16,M2 FFF,-5.93821,3.48423e-06
2020-01-17,M2 FFF,-5.60669,5.06952e-06
2020-01-21,M2 FFF,-5.51691,6.1218e-06
2020-01-22,M2 FFF,-5.52674,6.95658e-06
2020-01-23,M2 FFF,-5.05626,1.14544e-05
2020-01-24,M2 FFF,-1.49683,0.000110995
2020-01-27,M2 FFF,-4.23339,4.72094e-05
2020-01-28,M2 FFF,-4.55969,4.81485e-05
2020-01-29,M2 FFF,-4.52703,6.07263e-05
2020-01-30,M2 FFF,-3.91653,0.000108677
2020-01-31,M2 FFF,-3.30664,0.000158812
2020-02-03,M2 FFF,-4.1933,7.49341e-05
2020-02-04,M2 FFF,-4.6349,5.46355e-05
2020-02-05,M2 FFF,-4.33969,8.51363e-05
2020-02-06,M2 FFF,-4.46633,8.50227e-05
2020-02-07,M2 FFF,-4.5944,4.01772e-05
2020-02-10,M2 FFF,-4.86442,3.41795e-05
2020-02-11,M2 FFF,-4.72235,2.94972e-05
2020-02-12,M2 FFF,-5.15944,1.66339e-05
2020-02-13,M2 FFF,-4.80804,3.26963e-05
2020-02-14,M2 FFF,-5.21539,1.02227e-05
2020-02-18,M2 FFF,-5.01379,3.65334e-05
2020-02-19,M2 FFF,-5.68085,4.9946e-06
2020-02-20,M2 FFF,-0.714473,0.000869504
2020-02-21,M2 FFF,-3.79553,0.00020261
2020-02-24,M2 FFF,-1.82231,0.000577205
2020-02-25,M2 FFF,-2.37056,0.00188147
2020-02-26,M2 FFF,-2.26186,0.00288651
2020-02-27,M2 FFF,-0.255658,0.0155696
2020-02-28,M2 FFF,0.00297233,0.0894832
2020-03-02,M2 FFF,-1.37886,0.0169495
2020-03-03,M2 FFF,1.24614,0.387478
2020-03-04,M2 FFF,-2.52249,0.00263871
2020-03-05,M2 FFF,-2.08158,0.00338634
2020-03-06,M2 FFF,-1.71091,0.0103966
2020-03-10,M2 FFF,0.00288095,0.026119
2020-03-11,M2 FFF,-1.578,0.00928257
2020-03-12,M2 FFF,4.21183,1.55521
2020-03-13,M2 FFF,-0.273679,0.238693
2020-03-17,M2 FFF,-0.194239,0.154214
2020-03-18,M2 FFF,-0.149412,0.163051
2020-03-19,M2 FFF,-0.432732,0.106853
2020-03-20,M2 FFF,-0.598285,0.0898107
2020-03-23,M2 FFF,0.804065,0.452724
2020-03-24,M2 FFF,-1.23117,0.0191494
2020-03-25,M2 FFF,-0.907904,0.0388864
2020-03-26,M2 FFF,-1.07283,0.184432
2020-03-27,M2 FFF,-1.35361,0.0258717
2020-03-30,M2 FFF,-1.75619,0.0145203
2020-03-31,M2 FFF,-1.71934,0.0119594
2020-04-01,M2 FFF,-1.92955,0.00836977
2020-04-02,M2 FFF,-1.41536,0.0191552
2020-04-03,M2 FFF,-1.97426,0.00677085
2020-04-06,M2 FFF,-2.30386,0.0129467
2020-04-07,M2 FFF,-1.5933,0.0236023
2020-04-08,M2 FFF,-2.19927,0.00472316
2020-04-09,M2 FFF,-2.01271,0.00488758
2020-04-13,M2 FFF,-2.29628,0.00315468
2020-04-14,M2 FFF,-2.72073,0.0021137
2020-04-15,M2 FFF,-2.6126,0.00171379
2020-04-16,M2 FFF,-2.59621,0.00187026
2020-04-17,M2 FFF,-2.99927,0.000938931
2020-04-20,M2 FFF,-2.77537,0.00124047
2020-04-21,M2 FFF,-2.446,0.00161373
2020-04-22,M2 FFF,-3.04329,0.00137815
2020-04-23,M2 FFF,-2.58708,0.00282126
2020-04-24,M2 FFF,-3.27841,0.000420971
2020-04-27,M2 FFF,-3.5234,0.000393748
2020-04-28,M2 FFF,-2.9949,0.0011307
2020-04-29,M2 FFF,-3.57683,0.000300038
2020-04-30,M2 FFF,-3.09082,0.000898267
2020-05-01,M2 FFF,-3.15897,0.000748672
2020-05-04,M2 FFF,-3.2195,0.000549181
2020-05-05,M2 FFF,-3.50208,0.000663102
2020-05-06,M2 FFF,-3.34992,0.000374851
2020-05-07,M2 FFF,-3.68724,0.000322982
2020-05-08,M2 FFF,-4.01255,0.000148218
2020-05-11,M2 FFF,-3.79055,0.000155593
2020-05-12,M2 FFF,-3.45386,0.000338501
2020-05-13,M2 FFF,-1.93909,0.00229905
2020-05-14,M2 FFF,-2.14654,0.00260836
2020-05-15,M2 FFF,-3.09895,0.000577284
2020-05-18,M2 FFF,-3.93957,0.000245747
2020-05-19,M2 FFF,-3.05768,0.00218746
2020-05-20,M2 FFF,-3.56708,0.00036212
2020-05-21,M2 FFF,-3.28345,0.000423244
2020-05-22,M2 FFF,-3.84256,0.000192567
2020-05-26,M2 FFF,-3.95955,0.000155442
2020-05-27,M2 FFF,-3.19063,0.00104328
2020-05-28,M2 FFF,-3.40725,0.00107267
2020-05-29,M2 FFF,-1.40187,0.00712934
2020-06-01,M2 FFF,-4.53646,0.000116328
2020-06-02,M2 FFF,-4.26586,7.96039e-05
2020-06-03,M2 FFF,-4.68803,4.15233e-05
2020-06-04,M2 FFF,-3.80655,0.000176565
2020-06-05,M2 FFF,-3.75017,0.000152506
2020-06-08,M2 FFF,-4.02564,0.000137678
2020-06-09,M2 FFF,-3.85303,0.000146621
2020-06-10,M2 FFF,-2.60891,0.00163903
2020-06-11,M2 FFF,-0.483386,0.00321317
2020-06-12,M2 FFF,-1.63753,0.00964602
2020-06-15,M2 FFF,-2.3593,0.00728285
2020-06-16,M2 FFF,-2.34749,0.007239
2020-06-17,M2 FFF,-3.24095,0.000685744
2020-06-18,M2 FFF,-3.42651,0.000534291
2020-06-19,M2 FFF,-2.34273,0.00189285
2020-06-22,M2 FFF,-3.70156,0.000207847
2020-06-23,M2 FFF,-3.84298,0.000200673
2020-06-24,M2 FFF,-1.90647,0.00125001
2020-06-25,M2 FFF,-2.99447,0.00121829
2020-06-26,M2 FFF,-2.91125,0.00107806
2020-06-29,M2 FFF,-3.62768,0.000329868
2020-06-30,M2 FFF,-3.63853,0.0009494
2020-07-01,M2 FFF,-3.79037,0.000175255
2020-07-02,M2 FFF,-3.93644,0.00014835
2020-07-06,M2 FFF,-4.38727,5.96628e-05
2020-07-07,M2 FFF,-4.11716,6.98657e-05
2020-07-08,M2 FFF,-3.78076,0.000300706
2020-07-09,M2 FFF,-2.65765,0.00155577
2020-07-10,M2 FFF,-3.89519,0.000330537
2020-07-13,M2 FFF,-2.60191,0.00221149
2020-07-14,M2 FFF,-1.74281,0.00145833
2020-07-15,M2 FFF,-2.7809,0.000616309
2020-07-16,M2 FFF,-3.98724,0.000303787
2020-07-17,M2 FFF,-4.44638,5.74722e-05
2020-07-20,M2 FFF,-4.76364,2.26226e-05
2020-07-21,M2 FFF,-4.2012,7.67155e-05
2020-07-22,M2 FFF,-4.36044,4.77813e-05
2020-07-23,M2 FFF,-2.23087,0.00035074
2020-07-24,M2 FFF,-3.53418,0.000255547
2020-07-27,M2 FFF,-4.74258,3.24213e-05
2020-07-28,M2 FFF,-4.51093,6.57063e-05
2020-07-29,M2 FFF,-4.5299,4.23605e-05
2020-07-30,M2 FFF,-3.25008,0.000381461
2020-07-31,M2 FFF,-3.08899,0.000257638
2020-08-03,M2 FFF,-4.83291,2.28704e-05
2020-08-04,M2 FFF,-4.74788,2.55759e-05
2020-08-05,M2 FFF,-5.1053,2.58439e-05
2020-08-06,M2 FFF,-4.92662,2.69018e-05
2020-08-07,M2 FFF,-3.70259,8.50108e-05
2020-08-10,M2 FFF,-4.55497,8.81623e-05
2020-08-11,M2 FFF,-1.23087,0.000992295
2020-08-12,M2 FFF,-4.88137,1.64116e-05
2020-08-13,M2 FFF,-4.59641,2.69086e-05
2020-08-14,M2 FFF,-4.74848,6.25696e-05
2020-08-17,M2 FFF,-5.52809,8.93263e-06
2020-08-18,M2 FFF,-4.8469,0.000166341
2020-08-19,M2 FFF,-4.86351,7.97809e-05
2020-08-20,M2 FFF,-5.17416,9.96638e-06
2020-08-21,M2 FFF,-5.14416,2.01086e-05
2020-08-24,M2 FFF,-4.97183,2.46966e-05
2020-08-25,M2 FFF,-5.14305,1.6696e-05
2020-08-26,M2 FFF,-4.56637,2.434e-05
2020-08-27,M2 FFF,-3.64913,0.000189284
2020-08-28,M2 FFF,-5.02931,1.28526e-05
2020-08-31,M2 FFF,-4.56692,6.89001e-05
2020-09-01,M2 FFF,-4.92749,4.1247e-05
2020-09-02,M2 FFF,-4.24814,0.000104854
2020-09-03,M2 FFF,5.66074,0.0154285
2020-09-04,M2 FFF,-1.22686,0.0106413
2020-09-08,M2 FFF,-2.44846,0.00299444
2020-09-09,M2 FFF,-3.19128,0.000821384
2020-09-10,M2 FFF,-2.26429,0.00235901
2020-09-11,M2 FFF,-2.85637,0.00106862
2020-09-14,M2 FFF,-3.61752,0.000242276
2020-09-15,M2 FFF,-3.92642,0.000205641
2020-09-16,M2 FFF,-3.78138,0.000302857
2020-09-17,M2 FFF,-3.07155,0.00068736
2020-09-18,M2 FFF,-2.88586,0.000582063
2020-09-21,M2 FFF,-2.98105,0.000601419
2020-09-22,M2 FFF,-3.61236,0.000419582
2020-09-23,M2 FFF,-2.91321,0.00100917
2020-09-24,M2 FFF,-2.49607,0.00192338
2020-09-25,M2 FFF,-3.24811,0.000500797
2020-09-28,M2 FFF,-3.94482,0.000128111
2020-09-29,M2 FFF,-3.76632,0.000206005
2020-09-30,M2 FFF,-2.95709,0.00138718
2020-10-01,M2 FFF,-3.71902,0.000206858
2020-10-02,M2 FFF,-2.21793,0.00101772
2020-10-05,M2 FFF,-4.6239,4.43005e-05
2020-10-06,M2 FFF,-1.57764,0.0163281
2020-10-07,M2 FFF,-4.2825,8.66789e-05
2020-10-08,M2 FFF,-4.25994,0.000116807
2020-10-09,M2 FFF,-4.38806,8.64184e-05
2020-10-12,M2 FFF,-4.37033,6.77686e-05
2020-10-13,M2 FFF,-3.87621,0.000127952
2020-10-14,M2 FFF,-3.71569,0.000183634
2020-10-15,M2 FFF,-4.1295,0.000107764
2020-10-16,M2 FFF,-4.2111,6.72559e-05
2020-10-19,M2 FFF,-3.18629,0.000418946
2020-10-20,M2 FFF,-2.95415,0.00107802
2020-10-21,M2 FFF,-2.61045,0.000766283
2020-10-22,M2 FFF,-3.28688,0.000338127
2020-10-23,M2 FFF,-4.24432,8.77104e-05
2020-10-26,M2 FFF,-1.32439,0.000635678
2020-10-27,M2 FFF,-3.82678,0.000118769
2020-10-28,M2 FFF,-1.50812,0.00142332
2020-10-29,M2 FFF,-2.95671,0.00199838
2020-10-30,M2 FFF,-2.14267,0.00411705
2020-11-02,M2 FFF,-3.30059,0.000371952
2020-11-03,M2 FFF,-3.35364,0.00178335
2020-11-04,M2 FFF,-2.98816,0.00123801
2020-11-05,M2 FFF,-3.43002,0.000371702
2020-11-06,M2 FFF,-3.42851,0.000857423
2020-11-09,M2 FFF,-2.59537,0.0035322
2020-11-10,M2 FFF,-2.8889,0.000780249
2020-11-11,M2 FFF,-4.06888,0.000130958
2020-11-12,M2 FFF,-3.62369,0.000162398
2020-11-13,M2 FFF,-4.33873,6.03136e-05
2020-11-16,M2 FFF,-4.12865,0.000255068
2020-11-17,M2 FFF,-4.31493,8.60452e-05
2020-11-18,M2 FFF,-4.0992,0.000128642
2020-11-19,M2 FFF,-4.05096,6.83501e-05
2020-11-20,M2 FFF,-4.31081,0.000108786
2020-11-23,M2 FFF,-4.11489,0.000129491
2020-11-24,M2 FFF,-4.55903,3.70923e-05
2020-11-25,M2 FFF,-4.45918,7.23299e-05
2020-12-01,M2 FFF,-4.32885,3.97313e-05
2020-12-02,M2 FFF,-4.74683,4.23231e-05
2020-12-03,M2 FFF,-4.42904,0.000288409
2020-12-04,M2 FFF,-5.10078,1.43946e-05
2020-12-07,M2 FFF,-4.97938,3.73035e-05
2020-12-08,M2 FFF,-5.33094,1.29868e-05
2020-12-09,M2 FFF,-2.52611,0.000150302
2020-12-10,M2 FFF,-4.27499,0.000282933
2020-12-11,M2 FFF,-4.21541,5.42988e-05
2020-12-14,M2 FFF,-3.55674,0.000135336
2020-12-15,M2 FFF,-4.74248,2.89253e-05
2020-12-16,M2 FFF,-4.89799,3.40544e-05
2020-12-17,M2 FFF,-5.21257,1.43666e-05
2020-12-18,M2 FFF,-3.95185,0.000142761
2020-12-21,M2 FFF,-2.75537,0.000423681
2020-12-22,M2 FFF,-4.52663,7.30509e-05
2020-12-23,M2 FFF,-5.42926,1.93603e-05
2020-12-28,M2 FFF,-5.80374,7.21187e-06
2020-12-29,M2 FFF,-4.5094,3.45874e-05
2020-12-30,M2 FFF,-5.26824,1.39076e-05
2020-12-31,M2 FFF,-5.3905,1.23145e-05
2020-01-02,M3 FFF+intraday GARCH,-5.33757,1.2965e-05
2020-01-03,M3 FFF+intraday GARCH,-4.98608,2.0574e-05
2020-01-06,M3 FFF+intraday GARCH,-5.40774,7.21978e-06
2020-01-07,M3 FFF+intraday GARCH,-5.68786,5.65812e-06
2020-01-08,M3 FFF+intraday GARCH,-4.65168,7.29702e-05
2020-01-09,M3 FFF+intraday GARCH,-5.371,1.07475e-05
2020-01-10,M3 FFF+intraday GARCH,-5.29631,9.23463e-06
2020-01-13,M3 FFF+intraday GARCH,-6.28858,2.08901e-06
2020-01-14,M3 FFF+intraday GARCH,-5.14038,1.49943e-05
2020-01-15,M3 FFF+intraday GARCH,-5.25257,6.1328e-06
2020-01-16,M3 FFF+intraday GARCH,-6.31814,2.62318e-06
2020-01-17,M3 FFF+intraday GARCH,-5.81643,3.23039e-06
2020-01-21,M3 FFF+intraday GARCH,-5.49826,5.82393e-06
2020-01-22,M3 FFF+intraday GARCH,-5.51406,7.1234e-06
2020-01-23,M3 FFF+intraday GARCH,-5.09628,1.2139e-05
2020-01-24,M3 FFF+intraday GARCH,-3.80798,8.96668e-05
2020-01-27,M3 FFF+intraday GARCH,-4.33852,4.37203e-05
2020-01-28,M3 FFF+intraday GARCH,-4.96638,1.79312e-05
2020-01-29,M3 FFF+intraday GARCH,-4.80063,4.36741e-05
2020-01-30,M3 FFF+intraday GARCH,-3.8897,0.000109564
2020-01-31,M3 FFF+intraday GARCH,-3.59952,0.000155269
2020-02-03,M3 FFF+intraday GARCH,-4.43115,4.37007e-05
2020-02-04,M3 FFF+intraday GARCH,-5.31657,1.93803e-05
2020-02-05,M3 FFF+intraday GARCH,-4.82983,3.27026e-05
2020-02-06,M3 FFF+intraday GARCH,-5.2318,1.67921e-05
2020-02-07,M3 FFF+intraday GARCH,-4.97915,1.79323e-05
2020-02-10,M3 FFF+intraday GARCH,-5.6658,7.7491e-06
2020-02-11,M3 FFF+intraday GARCH,-4.86769,2.06089e-05
2020-02-12,M3 FFF+intraday GARCH,-5.70537,5.73878e-06
2020-02-13,M3 FFF+intraday GARCH,-4.72788,3.46323e-05
2020-02-14,M3 FFF+intraday GARCH,-5.37088,6.88726e-06
2020-02-18,M3 FFF+intraday GARCH,-4.90818,3.84141e-05
2020-02-19,M3 FFF+intraday GARCH,-6.12551,1.47991e-06
2020-02-20,M3 FFF+intraday GARCH,-3.30515,0.00077192
2020-02-21,M3 FFF+intraday GARCH,-4.18369,0.000177211
2020-02-24,M3 FFF+intraday GARCH,-3.17189,0.000506573
2020-02-25,M3 FFF+intraday GARCH,-2.38459,0.00186653
2020-02-26,M3 FFF+intraday GARCH,-2.26592,0.00291555
2020-02-27,M3 FFF+intraday GARCH,-1.3181,0.0121874
2020-02-28,M3 FFF+intraday GARCH,-0.685293,0.0704856
2020-03-02,M3 FFF+intraday GARCH,-1.48541,0.0239088
2020-03-03,M3 FFF+intraday GARCH,-0.409313,0.360731
2020-03-04,M3 FFF+intraday GARCH,-2.33707,0.0156049
2020-03-05,M3 FFF+intraday GARCH,-2.07306,0.00298399
2020-03-06,M3 FFF+intraday GARCH,-1.67105,0.0105815
2020-03-10,M3 FFF+intraday GARCH,-0.97313,0.0214284
2020-03-11,M3 FFF+intraday GARCH,-1.56195,0.0129843
2020-03-12,M3 FFF+intraday GARCH,0.589612,1.44277
2020-03-13,M3 FFF+intraday GARCH,-0.237435,0.224038
2020-03-17,M3 FFF+intraday GARCH,-0.144427,0.163743
2020-03-18,M3 FFF+intraday GARCH,-0.19839,0.147878
2020-03-19,M3 FFF+intraday GARCH,-0.426788,0.125682
2020-03-20,M3 FFF+intraday GARCH,-0.612412,0.0892337
2020-03-23,M3 FFF+intraday GARCH,0.0429755,0.406959
2020-03-24,M3 FFF+intraday GARCH,-1.09141,0.0511827
2020-03-25,M3 FFF+intraday GARCH,-0.919207,0.0394726
2020-03-26,M3 FFF+intraday GARCH,-0.98538,0.194653
2020-03-27,M3 FFF+intraday GARCH,-1.4572,0.024014
2020-03-30,M3 FFF+intraday GARCH,-2.24679,0.00476718
2020-03-31,M3 FFF+intraday GARCH,-1.89674,0.00701081
2020-04-01,M3 FFF+intraday GARCH,-2.04647,0.00601853
2020-04-02,M3 FFF+intraday GARCH,-1.37322,0.0197759
2020-04-03,M3 FFF+intraday GARCH,-2.04522,0.00623277
2020-04-06,M3 FFF+intraday GARCH,-2.44759,0.0129345
2020-04-07,M3 FFF+intraday GARCH,-1.7042,0.0222142
2020-04-08,M3 FFF+intraday GARCH,-2.40547,0.00593878
2020-04-09,M3 FFF+intraday GARCH,-2.0576,0.00452293
2020-04-13,M3 FFF+intraday GARCH,-2.41358,0.00236191
2020-04-14,M3 FFF+intraday GARCH,-3.04392,0.00099611
2020-04-15,M3 FFF+intraday GARCH,-2.73864,0.0014183
2020-04-16,M3 FFF+intraday GARCH,-2.69416,0.0013967
2020-04-17,M3 FFF+intraday GARCH,-3.18338,0.000635273
2020-04-20,M3 FFF+intraday GARCH,-2.89844,0.000714551
2020-04-21,M3 FFF+intraday GARCH,-2.40524,0.00170567
2020-04-22,M3 FFF+intraday GARCH,-3.54409,0.000817951
2020-04-23,M3 FFF+intraday GARCH,-2.10341,0.00255651
2020-04-24,M3 FFF+intraday GARCH,-3.48407,0.000256942
2020-04-27,M3 FFF+intraday GARCH,-3.97879,0.000105698
2020-04-28,M3 FFF+intraday GARCH,-2.86821,0.0011827
2020-04-29,M3 FFF+intraday GARCH,-3.59561,0.000298116
2020-04-30,M3 FFF+intraday GARCH,-3.0397,0.00091312
2020-05-01,M3 FFF+intraday GARCH,-3.1279,0.000787463
2020-05-04,M3 FFF+intraday GARCH,-3.43618,0.000354874
2020-05-05,M3 FFF+intraday GARCH,-3.64013,0.000513842
2020-05-06,M3 FFF+intraday GARCH,-3.31945,0.000394711
2020-05-07,M3 FFF+intraday GARCH,-3.69258,0.000314744
2020-05-08,M3 FFF+intraday GARCH,-4.41375,5.66821e-05
2020-05-11,M3 FFF+intraday GARCH,-3.96697,9.81389e-05
2020-05-12,M3 FFF+intraday GARCH,-3.46408,0.000319369
2020-05-13,M3 FFF+intraday GARCH,-2.2338,0.00220107
2020-05-14,M3 FFF+intraday GARCH,-2.36571,0.00266783
2020-05-15,M3 FFF+intraday GARCH,-3.06027,0.000572141
2020-05-18,M3 FFF+intraday GARCH,-4.03862,0.000272916
2020-05-19,M3 FFF+intraday GARCH,-2.65592,0.0021341
2020-05-20,M3 FFF+intraday GARCH,-3.8838,0.000190421
2020-05-21,M3 FFF+intraday GARCH,-3.30376,0.000370995
2020-05-22,M3 FFF+intraday GARCH,-4.31303,5.8e-05
2020-05-26,M3 FFF+intraday GARCH,-4.20483,0.000111656
2020-05-27,M3 FFF+intraday GARCH,-3.20524,0.00103577
2020-05-28,M3 FFF+intraday GARCH,-3.3349,0.00108642
2020-05-29,M3 FFF+intraday GARCH,-2.40101,0.00707667
2020-06-01,M3 FFF+intraday GARCH,-4.57293,0.000510809
2020-06-02,M3 FFF+intraday GARCH,-4.22352,8.00132e-05
2020-06-03,M3 FFF+intraday GARCH,-4.70631,4.24602e-05
2020-06-04,M3 FFF+intraday GARCH,-3.70678,0.000177507
2020-06-05,M3 FFF+intraday GARCH,-3.80758,0.000148767
2020-06-08,M3 FFF+intraday GARCH,-4.33515,6.21727e-05
2020-06-09,M3 FFF+intraday GARCH,-3.9537,0.000110488
2020-06-10,M3 FFF+intraday GARCH,-2.80729,0.00150489
2020-06-11,M3 FFF+intraday GARCH,-2.30436,0.00270998
2020-06-12,M3 FFF+intraday GARCH,-1.65106,0.00913815
2020-06-15,M3 FFF+intraday GARCH,-2.20591,0.0076602
2020-06-16,M3 FFF+intraday GARCH,-2.3184,0.00707503
2020-06-17,M3 FFF+intraday GARCH,-3.71425,0.000290551
2020-06-18,M3 FFF+intraday GARCH,-3.72772,0.000330665
2020-06-19,M3 FFF+intraday GARCH,-2.51904,0.00173175
2020-06-22,M3 FFF+intraday GARCH,-3.69802,0.000527751
2020-06-23,M3 FFF+intraday GARCH,-4.19989,7.83459e-05
2020-06-24,M3 FFF+intraday GARCH,-2.37168,0.00108764
2020-06-25,M3 FFF+intraday GARCH,-2.98531,0.00115159
2020-06-26,M3 FFF+intraday GARCH,-2.95823,0.00105808
2020-06-29,M3 FFF+intraday GARCH,-3.74731,0.000348091
2020-06-30,M3 FFF+intraday GARCH,-3.69897,0.000920842
2020-07-01,M3 FFF+intraday GARCH,-3.83913,0.000187616
2020-07-02,M3 FFF+intraday GARCH,-4.00239,0.000135181
2020-07-06,M3 FFF+intraday GARCH,-4.67232,2.95971e-05
2020-07-07,M3 FFF+intraday GARCH,-4.20061,6.55579e-05
2020-07-08,M3 FFF+intraday GARCH,-3.66241,0.000295825
2020-07-09,M3 FFF+intraday GARCH,-3.10647,0.00141969
2020-07-10,M3 FFF+intraday GARCH,-4.03631,0.00027191
2020-07-13,M3 FFF+intraday GARCH,-3.45627,0.00186179
2020-07-14,M3 FFF+intraday GARCH,-2.80788,0.00102037
2020-07-15,M3 FFF+intraday GARCH,-3.18479,0.000553782
2020-07-16,M3 FFF+intraday GARCH,-3.89673,0.000318003
2020-07-17,M3 FFF+intraday GARCH,-4.3971,8.61357e-05
2020-07-20,M3 FFF+intraday GARCH,-4.89848,1.95224e-05
2020-07-21,M3 FFF+intraday GARCH,-4.14797,7.67704e-05
2020-07-22,M3 FFF+intraday GARCH,-4.30666,5.10283e-05
2020-07-23,M3 FFF+intraday GARCH,-3.39808,0.000301402
2020-07-24,M3 FFF+intraday GARCH,-3.61697,0.000260748
2020-07-27,M3 FFF+intraday GARCH,-4.86185,4.50111e-05
2020-07-28,M3 FFF+intraday GARCH,-4.49148,6.97398e-05
2020-07-29,M3 FFF+intraday GARCH,-4.64216,3.61149e-05
2020-07-30,M3 FFF+intraday GARCH,-3.13878,0.000378649
2020-07-31,M3 FFF+intraday GARCH,-3.50397,0.000279647
2020-08-03,M3 FFF+intraday GARCH,-4.82558,3.3342e-05
2020-08-04,M3 FFF+intraday GARCH,-4.71306,2.65559e-05
2020-08-05,M3 FFF+intraday GARCH,-5.20841,2.51586e-05
2020-08-06,M3 FFF+intraday GARCH,-4.87071,2.91011e-05
2020-08-07,M3 FFF+intraday GARCH,-3.96752,7.84988e-05
2020-08-10,M3 FFF+intraday GARCH,-4.59174,9.61118e-05
2020-08-11,M3 FFF+intraday GARCH,-3.56179,0.000860275
2020-08-12,M3 FFF+intraday GARCH,-4.53402,0.000236228
2020-08-13,M3 FFF+intraday GARCH,-4.65764,2.59142e-05
2020-08-14,M3 FFF+intraday GARCH,-4.76431,6.39624e-05
2020-08-17,M3 FFF+intraday GARCH,-5.80605,1.0671e-05
2020-08-18,M3 FFF+intraday GARCH,-4.81479,0.000167504
2020-08-19,M3 FFF+intraday GARCH,-5.07205,7.89768e-05
2020-08-20,M3 FFF+intraday GARCH,-5.09927,1.68064e-05
2020-08-21,M3 FFF+intraday GARCH,-5.1571,1.98949e-05
2020-08-24,M3 FFF+intraday GARCH,-4.98413,2.41832e-05
2020-08-25,M3 FFF+intraday GARCH,-5.34526,1.47564e-05
2020-08-26,M3 FFF+intraday GARCH,-4.6306,2.39536e-05
2020-08-27,M3 FFF+intraday GARCH,-3.87734,0.000169733
2020-08-28,M3 FFF+intraday GARCH,-5.00878,1.43537e-05
2020-08-31,M3 FFF+intraday GARCH,-4.59496,6.08942e-05
2020-09-01,M3 FFF+intraday GARCH,-4.86635,4.50457e-05
2020-09-02,M3 FFF+intraday GARCH,-4.27655,0.000102227
2020-09-03,M3 FFF+intraday GARCH,-1.51519,0.0136425
2020-09-04,M3 FFF+intraday GARCH,-1.85776,0.0091431
2020-09-08,M3 FFF+intraday GARCH,-2.51965,0.00261971
2020-09-09,M3 FFF+intraday GARCH,-3.35044,0.000782619
2020-09-10,M3 FFF+intraday GARCH,-2.32568,0.00221016
2020-09-11,M3 FFF+intraday GARCH,-2.80463,0.0012589
2020-09-14,M3 FFF+intraday GARCH,-3.80578,0.000175088
2020-09-15,M3 FFF+intraday GARCH,-4.48771,8.49294e-05
2020-09-16,M3 FFF+intraday GARCH,-3.99392,0.000261364
2020-09-17,M3 FFF+intraday GARCH,-3.12431,0.00070305
2020-09-18,M3 FFF+intraday GARCH,-3.06063,0.000598333
2020-09-21,M3 FFF+intraday GARCH,-3.12807,0.000541123
2020-09-22,M3 FFF+intraday GARCH,-3.6059,0.000440051
2020-09-23,M3 FFF+intraday GARCH,-3.06964,0.00099587
2020-09-24,M3 FFF+intraday GARCH,-2.65919,0.00183236
2020-09-25,M3 FFF+intraday GARCH,-3.29915,0.000477091
2020-09-28,M3 FFF+intraday GARCH,-4.01343,0.000115099
2020-09-29,M3 FFF+intraday GARCH,-3.79982,0.000159598
2020-09-30,M3 FFF+intraday GARCH,-3.26549,0.00120742
2020-10-01,M3 FFF+intraday GARCH,-3.56825,0.000500443
2020-10-02,M3 FFF+intraday GARCH,-2.98662,0.00091534
2020-10-05,M3 FFF+intraday GARCH,-4.7968,4.67691e-05
2020-10-06,M3 FFF+intraday GARCH,-2.47713,0.016676
2020-10-07,M3 FFF+intraday GARCH,-4.09879,0.000741371
2020-10-08,M3 FFF+intraday GARCH,-4.69311,6.74486e-05
2020-10-09,M3 FFF+intraday GARCH,-4.54155,4.32338e-05
2020-10-12,M3 FFF+intraday GARCH,-4.60417,2.97989e-05
2020-10-13,M3 FFF+intraday GARCH,-3.91045,0.00011062
2020-10-14,M3 FFF+intraday GARCH,-3.67504,0.000176684
2020-10-15,M3 FFF+intraday GARCH,-4.15653,0.000101804
2020-10-16,M3 FFF+intraday GARCH,-4.17593,6.97917e-05
2020-10-19,M3 FFF+intraday GARCH,-3.45498,0.000362371
2020-10-20,M3 FFF+intraday GARCH,-2.94286,0.00110034
2020-10-21,M3 FFF+intraday GARCH,-3.21506,0.000791984
2020-10-22,M3 FFF+intraday GARCH,-3.8063,0.000296163
2020-10-23,M3 FFF+intraday GARCH,-4.25005,8.99578e-05
2020-10-26,M3 FFF+intraday GARCH,-3.23065,0.000516443
2020-10-27,M3 FFF+intraday GARCH,-3.76415,0.000138861
2020-10-28,M3 FFF+intraday GARCH,-2.77224,0.00117923
2020-10-29,M3 FFF+intraday GARCH,-2.91583,0.00214475
2020-10-30,M3 FFF+intraday GARCH,-2.38816,0.00370944
2020-11-02,M3 FFF+intraday GARCH,-3.21276,0.000546217
2020-11-03,M3 FFF+intraday GARCH,-3.30682,0.0017904
2020-11-04,M3 FFF+intraday GARCH,-3.02223,0.0010687
2020-11-05,M3 FFF+intraday GARCH,-3.52632,0.00028152
2020-11-06,M3 FFF+intraday GARCH,-3.7916,0.000686802
2020-11-09,M3 FFF+intraday GARCH,-2.55408,0.00350417
2020-11-10,M3 FFF+intraday GARCH,-2.89967,0.000838114
2020-11-11,M3 FFF+intraday GARCH,-4.20914,0.000120543
2020-11-12,M3 FFF+intraday GARCH,-3.56851,0.000164758
2020-11-13,M3 FFF+intraday GARCH,-4.53131,4.61847e-05
2020-11-16,M3 FFF+intraday GARCH,-4.11555,0.000273384
2020-11-17,M3 FFF+intraday GARCH,-4.4597,5.52452e-05
2020-11-18,M3 FFF+intraday GARCH,-4.26856,0.00010627
2020-11-19,M3 FFF+intraday GARCH,-4.06618,6.69049e-05
2020-11-20,M3 FFF+intraday GARCH,-4.34697,0.000106791
2020-11-23,M3 FFF+intraday GARCH,-4.10792,0.000130024
2020-11-24,M3 FFF+intraday GARCH,-4.66793,2.41898e-05
2020-11-25,M3 FFF+intraday GARCH,-4.91043,2.78197e-05
2020-12-01,M3 FFF+intraday GARCH,-4.38161,3.5253e-05
2020-12-02,M3 FFF+intraday GARCH,-5.04157,3.29487e-05
2020-12-03,M3 FFF+intraday GARCH,-4.66705,0.000251598
2020-12-04,M3 FFF+intraday GARCH,-5.08616,4.9357e-05
2020-12-07,M3 FFF+intraday GARCH,-5.07662,3.561e-05
2020-12-08,M3 FFF+intraday GARCH,-5.53117,1.26757e-05
2020-12-09,M3 FFF+intraday GARCH,-3.62464,0.000125438
2020-12-10,M3 FFF+intraday GARCH,-4.35427,0.000251503
2020-12-11,M3 FFF+intraday GARCH,-4.31056,5.53536e-05
2020-12-14,M3 FFF+intraday GARCH,-4.05339,0.000112768
2020-12-15,M3 FFF+intraday GARCH,-4.72817,4.0047e-05
2020-12-16,M3 FFF+intraday GARCH,-4.94686,3.42108e-05
2020-12-17,M3 FFF+intraday GARCH,-5.34593,1.3436e-05
2020-12-18,M3 FFF+intraday GARCH,-4.10061,0.000135219
2020-12-21,M3 FFF+intraday GARCH,-3.80473,0.000357326
2020-12-22,M3 FFF+intraday GARCH,-4.54187,7.38603e-05
2020-12-23,M3 FFF+intraday GARCH,-5.59428,1.90476e-05
2020-12-28,M3 FFF+intraday GARCH,-6.22915,6.24064e-06
2020-12-29,M3 FFF+intraday GARCH,-4.35783,3.85634e-05
2020-12-30,M3 FFF+intraday GARCH,-5.55936,8.94854e-06
2020-12-31,M3 FFF+intraday GARCH,-5.6966,8.95466e-06
2020-01-02,M4 raw intraday GARCH,-5.1957,1.39111e-05
2020-01-03,M4 raw intraday GARCH,-4.91646,2.25424e-05
2020-01-06,M4 raw intraday GARCH,-5.57008,6.71399e-06
2020-01-07,M4 raw intraday GARCH,-5.57467,7.45836e-06
2020-01-08,M4 raw intraday GARCH,-4.62575,7.3459e-05
2020-01-09,M4 raw intraday GARCH,-5.46489,8.09755e-06
2020-01-10,M4 raw intraday GARCH,-5.21463,9.86517e-06
2020-01-13,M4 raw intraday GARCH,-6.24316,1.96457e-06
2020-01-14,M4 raw intraday GARCH,-5.21249,1.50444e-05
2020-01-15,M4 raw intraday GARCH,-5.22344,5.90772e-06
2020-01-16,M4 raw intraday GARCH,-6.28152,2.05197e-06
2020-01-17,M4 raw intraday GARCH,-5.78068,3.44178e-06
2020-01-21,M4 raw intraday GARCH,-5.44508,6.22324e-06
2020-01-22,M4 raw intraday GARCH,-5.47247,7.23341e-06
2020-01-23,M4 raw intraday GARCH,-5.15609,1.1547e-05
2020-01-24,M4 raw intraday GARCH,-3.81447,8.8277e-05
2020-01-27,M4 raw intraday GARCH,-4.28972,4.33649e-05
2020-01-28,M4 raw intraday GARCH,-4.87608,1.91362e-05
2020-01-29,M4 raw intraday GARCH,-4.65771,4.69541e-05
2020-01-30,M4 raw intraday GARCH,-3.87809,0.000111127
2020-01-31,M4 raw intraday GARCH,-3.60604,0.000151891
2020-02-03,M4 raw intraday GARCH,-4.39545,4.29413e-05
2020-02-04,M4 raw intraday GARCH,-5.25022,2.21889e-05
2020-02-05,M4 raw intraday GARCH,-4.72578,3.51598e-05
2020-02-06,M4 raw intraday GARCH,-5.17557,1.8059e-05
2020-02-07,M4 raw intraday GARCH,-4.819,2.10758e-05
2020-02-10,M4 raw intraday GARCH,-5.56626,8.3556e-06
2020-02-11,M4 raw intraday GARCH,-4.74914,2.26242e-05
2020-02-12,M4 raw intraday GARCH,-5.64152,5.65257e-06
2020-02-13,M4 raw intraday GARCH,-4.61249,3.64223e-05
2020-02-14,M4 raw intraday GARCH,-5.36081,6.36639e-06
2020-02-18,M4 raw intraday GARCH,-4.8214,4.04771e-05
2020-02-19,M4 raw intraday GARCH,-6.10669,1.29093e-06
2020-02-20,M4 raw intraday GARCH,-3.50754,0.000757783
2020-02-21,M4 raw intraday GARCH,-4.00667,0.00019975
2020-02-24,M4 raw intraday GARCH,-3.07672,0.000532297
2020-02-25,M4 raw intraday GARCH,-2.3588,0.00188223
2020-02-26,M4 raw intraday GARCH,-2.30511,0.00285125
2020-02-27,M4 raw intraday GARCH,-1.12624,0.0133437
2020-02-28,M4 raw intraday GARCH,-0.598654,0.0813865
2020-03-02,M4 raw intraday GARCH,-1.45574,0.0191643
2020-03-03,M4 raw intraday GARCH,-0.148556,0.378157
2020-03-04,M4 raw intraday GARCH,-2.40014,0.00522471
2020-03-05,M4 raw intraday GARCH,-2.07299,0.00293646
2020-03-06,M4 raw intraday GARCH,-1.62905,0.0107119
2020-03-10,M4 raw intraday GARCH,-1.0199,0.020109
2020-03-11,M4 raw intraday GARCH,-1.64895,0.00902083
2020-03-12,M4 raw intraday GARCH,0.853716,1.47565
2020-03-13,M4 raw intraday GARCH,-0.143448,0.244426
2020-03-17,M4 raw intraday GARCH,-0.126723,0.175728
2020-03-18,M4 raw intraday GARCH,-0.14008,0.169378
2020-03-19,M4 raw intraday GARCH,-0.381784,0.115018
2020-03-20,M4 raw intraday GARCH,-0.544805,0.0983115
2020-03-23,M4 raw intraday GARCH,0.258447,0.450404
2020-03-24,M4 raw intraday GARCH,-1.13691,0.0267123
2020-03-25,M4 raw intraday GARCH,-0.794636,0.0497037
2020-03-26,M4 raw intraday GARCH,-0.79637,0.201244
2020-03-27,M4 raw intraday GARCH,-1.45905,0.0193174
2020-03-30,M4 raw intraday GARCH,-2.22186,0.00466601
2020-03-31,M4 raw intraday GARCH,-1.84027,0.00723859
2020-04-01,M4 raw intraday GARCH,-2.05376,0.00540681
2020-04-02,M4 raw intraday GARCH,-1.27967,0.0209536
2020-04-03,M4 raw intraday GARCH,-2.03075,0.00510227
2020-04-06,M4 raw intraday GARCH,-2.24155,0.0134048
2020-04-07,M4 raw intraday GARCH,-1.60599,0.0247109
2020-04-08,M4 raw intraday GARCH,-2.35177,0.00338583
2020-04-09,M4 raw intraday GARCH,-1.96808,0.00493922
2020-04-13,M4 raw intraday GARCH,-2.34231,0.00257176
2020-04-14,M4 raw intraday GARCH,-3.06759,0.000931357
2020-04-15,M4 raw intraday GARCH,-2.5397,0.00158329
2020-04-16,M4 raw intraday GARCH,-2.64148,0.00146128
2020-04-17,M4 raw intraday GARCH,-3.11032,0.000673055
2020-04-20,M4 raw intraday GARCH,-2.90193,0.000707337
2020-04-21,M4 raw intraday GARCH,-2.33175,0.00189526
2020-04-22,M4 raw intraday GARCH,-3.1664,0.000730251
2020-04-23,M4 raw intraday GARCH,-2.32535,0.00253975
2020-04-24,M4 raw intraday GARCH,-3.44243,0.000257451
2020-04-27,M4 raw intraday GARCH,-3.91623,0.000118524
2020-04-28,M4 raw intraday GARCH,-2.79801,0.00120407
2020-04-29,M4 raw intraday GARCH,-3.53532,0.000295854
2020-04-30,M4 raw intraday GARCH,-2.95577,0.000949362
2020-05-01,M4 raw intraday GARCH,-2.99022,0.000936629
2020-05-04,M4 raw intraday GARCH,-3.34473,0.000387872
2020-05-05,M4 raw intraday GARCH,-3.53878,0.000545994
2020-05-06,M4 raw intraday GARCH,-3.22908,0.000410563
2020-05-07,M4 raw intraday GARCH,-3.69371,0.000296328
2020-05-08,M4 raw intraday GARCH,-4.32072,6.37307e-05
2020-05-11,M4 raw intraday GARCH,-3.87419,0.000110854
2020-05-12,M4 raw intraday GARCH,-3.38625,0.000344244
2020-05-13,M4 raw intraday GARCH,-2.24486,0.00212729
2020-05-14,M4 raw intraday GARCH,-2.39686,0.00249831
2020-05-15,M4 raw intraday GARCH,-2.94567,0.000698458
2020-05-18,M4 raw intraday GARCH,-3.90277,0.000290634
2020-05-19,M4 raw intraday GARCH,-2.43578,0.00219171
2020-05-20,M4 raw intraday GARCH,-3.9574,9.44069e-05
2020-05-21,M4 raw intraday GARCH,-3.27563,0.000383091
2020-05-22,M4 raw intraday GARCH,-4.23966,6.73539e-05
2020-05-26,M4 raw intraday GARCH,-4.15318,0.000116682
2020-05-27,M4 raw intraday GARCH,-3.14907,0.00107574
2020-05-28,M4 raw intraday GARCH,-3.29094,0.00112581
2020-05-29,M4 raw intraday GARCH,-2.40572,0.00710955
2020-06-01,M4 raw intraday GARCH,-4.73597,0.000161275
2020-06-02,M4 raw intraday GARCH,-4.15595,8.41863e-05
2020-06-03,M4 raw intraday GARCH,-4.50506,4.88073e-05
2020-06-04,M4 raw intraday GARCH,-3.65909,0.000187355
2020-06-05,M4 raw intraday GARCH,-3.73051,0.000162537
2020-06-08,M4 raw intraday GARCH,-4.32553,5.90186e-05
2020-06-09,M4 raw intraday GARCH,-3.91715,0.00011171
2020-06-10,M4 raw intraday GARCH,-2.51803,0.00156356
2020-06-11,M4 raw intraday GARCH,-2.27101,0.00273432
2020-06-12,M4 raw intraday GARCH,-1.66864,0.00885726
2020-06-15,M4 raw intraday GARCH,-1.88065,0.00828952
2020-06-16,M4 raw intraday GARCH,-2.27662,0.00723512
2020-06-17,M4 raw intraday GARCH,-3.63037,0.000278475
2020-06-18,M4 raw intraday GARCH,-3.61447,0.000350257
2020-06-19,M4 raw intraday GARCH,-2.61808,0.00171785
2020-06-22,M4 raw intraday GARCH,-3.68911,0.000233704
2020-06-23,M4 raw intraday GARCH,-4.12424,8.00767e-05
2020-06-24,M4 raw intraday GARCH,-2.31701,0.00110282
2020-06-25,M4 raw intraday GARCH,-2.87566,0.00132037
2020-06-26,M4 raw intraday GARCH,-2.90554,0.0010889
2020-06-29,M4 raw intraday GARCH,-3.62551,0.000380665
2020-06-30,M4 raw intraday GARCH,-3.53443,0.000995408
2020-07-01,M4 raw intraday GARCH,-3.6984,0.000207273
2020-07-02,M4 raw intraday GARCH,-3.95903,0.000137643
2020-07-06,M4 raw intraday GARCH,-4.63214,2.91066e-05
2020-07-07,M4 raw intraday GARCH,-4.05921,7.60497e-05
2020-07-08,M4 raw intraday GARCH,-3.69563,0.00029254
2020-07-09,M4 raw intraday GARCH,-3.06678,0.00142489
2020-07-10,M4 raw intraday GARCH,-3.95537,0.000323394
2020-07-13,M4 raw intraday GARCH,-3.39274,0.00186768
2020-07-14,M4 raw intraday GARCH,-2.76061,0.00106794
2020-07-15,M4 raw intraday GARCH,-3.06593,0.000598938
2020-07-16,M4 raw intraday GARCH,-3.80061,0.000333393
2020-07-17,M4 raw intraday GARCH,-4.3716,6.04517e-05
2020-07-20,M4 raw intraday GARCH,-4.80954,2.3055e-05
2020-07-21,M4 raw intraday GARCH,-4.11073,8.21656e-05
2020-07-22,M4 raw intraday GARCH,-4.26203,5.1681e-05
2020-07-23,M4 raw intraday GARCH,-3.4289,0.000295196
2020-07-24,M4 raw intraday GARCH,-3.57435,0.000270793
2020-07-27,M4 raw intraday GARCH,-4.86394,2.73353e-05
2020-07-28,M4 raw intraday GARCH,-4.39898,7.47012e-05
2020-07-29,M4 raw intraday GARCH,-4.59882,3.72608e-05
2020-07-30,M4 raw intraday GARCH,-3.43446,0.000391741
2020-07-31,M4 raw intraday GARCH,-3.41655,0.000250207
2020-08-03,M4 raw intraday GARCH,-4.76813,2.89541e-05
2020-08-04,M4 raw intraday GARCH,-4.61253,2.99218e-05
2020-08-05,M4 raw intraday GARCH,-5.21787,2.43095e-05
2020-08-06,M4 raw intraday GARCH,-4.76096,3.0857e-05
2020-08-07,M4 raw intraday GARCH,-3.94482,7.86328e-05
2020-08-10,M4 raw intraday GARCH,-4.56475,8.97747e-05
2020-08-11,M4 raw intraday GARCH,-3.55399,0.000839701
2020-08-12,M4 raw intraday GARCH,-4.65452,6.19315e-05
2020-08-13,M4 raw intraday GARCH,-4.64902,2.74094e-05
2020-08-14,M4 raw intraday GARCH,-4.64499,6.83605e-05
2020-08-17,M4 raw intraday GARCH,-5.86013,6.62635e-06
2020-08-18,M4 raw intraday GARCH,-4.65311,0.000174662
2020-08-19,M4 raw intraday GARCH,-5.02432,7.98517e-05
2020-08-20,M4 raw intraday GARCH,-5.07671,1.19281e-05
2020-08-21,M4 raw intraday GARCH,-5.11487,2.17489e-05
2020-08-24,M4 raw intraday GARCH,-4.85775,2.67812e-05
2020-08-25,M4 raw intraday GARCH,-5.36679,1.55908e-05
2020-08-26,M4 raw intraday GARCH,-4.62697,2.20272e-05
2020-08-27,M4 raw intraday GARCH,-3.76437,0.000189688
2020-08-28,M4 raw intraday GARCH,-5.01683,1.24645e-05
2020-08-31,M4 raw intraday GARCH,-4.53062,6.99437e-05
2020-09-01,M4 raw intraday GARCH,-4.7612,4.79894e-05
2020-09-02,M4 raw intraday GARCH,-4.14863,0.000111909
2020-09-03,M4 raw intraday GARCH,-1.68243,0.013552
2020-09-04,M4 raw intraday GARCH,-1.84086,0.00926263
2020-09-08,M4 raw intraday GARCH,-2.4041,0.00304801
2020-09-09,M4 raw intraday GARCH,-3.22822,0.000817567
2020-09-10,M4 raw intraday GARCH,-2.35367,0.00218108
2020-09-11,M4 raw intraday GARCH,-2.79294,0.00115472
2020-09-14,M4 raw intraday GARCH,-3.80438,0.000144831
2020-09-15,M4 raw intraday GARCH,-4.46094,6.2419e-05
2020-09-16,M4 raw intraday GARCH,-3.92919,0.000265699
2020-09-17,M4 raw intraday GARCH,-3.05085,0.000720765
2020-09-18,M4 raw intraday GARCH,-3.14178,0.000571565
2020-09-21,M4 raw intraday GARCH,-2.9834,0.00064942
2020-09-22,M4 raw intraday GARCH,-3.55613,0.000439502
2020-09-23,M4 raw intraday GARCH,-2.88388,0.00105065
2020-09-24,M4 raw intraday GARCH,-2.53403,0.0019541
2020-09-25,M4 raw intraday GARCH,-3.24539,0.000487687
2020-09-28,M4 raw intraday GARCH,-3.92804,0.000122606
2020-09-29,M4 raw intraday GARCH,-3.77721,0.00016532
2020-09-30,M4 raw intraday GARCH,-3.18934,0.00123149
2020-10-01,M4 raw intraday GARCH,-3.57842,0.000285994
2020-10-02,M4 raw intraday GARCH,-2.97742,0.000947438
2020-10-05,M4 raw intraday GARCH,-4.82862,2.48946e-05
2020-10-06,M4 raw intraday GARCH,-2.68511,0.0166495
2020-10-07,M4 raw intraday GARCH,-4.17987,0.000149312
2020-10-08,M4 raw intraday GARCH,-4.66067,6.90332e-05
2020-10-09,M4 raw intraday GARCH,-4.51696,4.5352e-05
2020-10-12,M4 raw intraday GARCH,-4.63359,2.84401e-05
2020-10-13,M4 raw intraday GARCH,-3.82531,0.000122263
2020-10-14,M4 raw intraday GARCH,-3.70368,0.000174637
2020-10-15,M4 raw intraday GARCH,-4.1098,0.000104194
2020-10-16,M4 raw intraday GARCH,-4.17074,7.44e-05
2020-10-19,M4 raw intraday GARCH,-3.36841,0.000399072
2020-10-20,M4 raw intraday GARCH,-2.91274,0.00111368
2020-10-21,M4 raw intraday GARCH,-3.32071,0.000748991
2020-10-22,M4 raw intraday GARCH,-3.84103,0.000291776
2020-10-23,M4 raw intraday GARCH,-4.26489,8.97881e-05
2020-10-26,M4 raw intraday GARCH,-3.17464,0.000567957
2020-10-27,M4 raw intraday GARCH,-3.77815,0.000134371
2020-10-28,M4 raw intraday GARCH,-2.70106,0.00122706
2020-10-29,M4 raw intraday GARCH,-2.6817,0.00237852
2020-10-30,M4 raw intraday GARCH,-2.28574,0.00396224
2020-11-02,M4 raw intraday GARCH,-3.15385,0.000474964
2020-11-03,M4 raw intraday GARCH,-3.0622,0.00196317
2020-11-04,M4 raw intraday GARCH,-2.92155,0.00127294
2020-11-05,M4 raw intraday GARCH,-3.49383,0.000284238
2020-11-06,M4 raw intraday GARCH,-3.71868,0.000717946
2020-11-09,M4 raw intraday GARCH,-2.461,0.00367407
2020-11-10,M4 raw intraday GARCH,-2.89573,0.000843627
2020-11-11,M4 raw intraday GARCH,-4.2392,8.20369e-05
2020-11-12,M4 raw intraday GARCH,-3.55253,0.000177877
2020-11-13,M4 raw intraday GARCH,-4.51651,2.93676e-05
2020-11-16,M4 raw intraday GARCH,-3.88953,0.000304159
2020-11-17,M4 raw intraday GARCH,-4.42852,5.68832e-05
2020-11-18,M4 raw intraday GARCH,-4.23839,0.000115015
2020-11-19,M4 raw intraday GARCH,-4.09208,5.62492e-05
2020-11-20,M4 raw intraday GARCH,-4.29561,0.000108662
2020-11-23,M4 raw intraday GARCH,-4.07334,0.000128684
2020-11-24,M4 raw intraday GARCH,-4.65854,2.29327e-05
2020-11-25,M4 raw intraday GARCH,-4.81688,2.94872e-05
2020-12-01,M4 raw intraday GARCH,-4.34601,3.84711e-05
2020-12-02,M4 raw intraday GARCH,-4.92746,3.67483e-05
2020-12-03,M4 raw intraday GARCH,-4.60434,0.000267719
2020-12-04,M4 raw intraday GARCH,-5.11566,3.14976e-05
2020-12-07,M4 raw intraday GARCH,-5.0254,3.72915e-05
2020-12-08,M4 raw intraday GARCH,-5.51781,1.22411e-05
2020-12-09,M4 raw intraday GARCH,-3.61949,0.000125722
2020-12-10,M4 raw intraday GARCH,-4.10795,0.000306487
2020-12-11,M4 raw intraday GARCH,-4.27648,5.80328e-05
2020-12-14,M4 raw intraday GARCH,-3.92976,0.000128806
2020-12-15,M4 raw intraday GARCH,-4.68191,3.46783e-05
2020-12-16,M4 raw intraday GARCH,-4.85685,3.72906e-05
2020-12-17,M4 raw intraday GARCH,-5.33463,1.38558e-05
2020-12-18,M4 raw intraday GARCH,-4.04391,0.000139437
2020-12-21,M4 raw intraday GARCH,-3.69518,0.000398248
2020-12-22,M4 raw intraday GARCH,-4.50458,7.47097e-05
2020-12-23,M4 raw intraday GARCH,-5.46838,1.9613e-05
2020-12-28,M4 raw intraday GARCH,-6.15683,5.91579e-06
2020-12-29,M4 raw intraday GARCH,-4.38825,3.75105e-05
2020-12-30,M4 raw intraday GARCH,-5.52804,7.98971e-06
2020-12-31,M4 raw intraday GARCH,-5.60081,9.45321e-06
2021-01-04,M0 flat,-0.545188,0.000705499
2021-01-05,M0 flat,-3.74417,0.00020365
2021-01-06,M0 flat,-2.27514,0.00110589
2021-01-07,M0 flat,-4.28076,0.000164501
2021-01-08,M0 flat,-3.83848,0.000183832
2021-01-11,M0 flat,-4.41031,4.42746e-05
2021-01-12,M0 flat,-4.29215,5.78017e-05
2021-01-13,M0 flat,-4.67322,5.45681e-05
2021-01-14,M0 flat,-4.81667,3.88262e-05
2021-01-15,M0 flat,-2.91911,0.000593144
2021-01-19,M0 flat,-4.73594,2.48616e-05
2021-01-20,M0 flat,-4.69589,2.95994e-05
2021-01-21,M0 flat,-4.59384,5.0503e-05
2021-01-22,M0 flat,-4.69695,4.36038e-05
2021-01-25,M0 flat,-2.3038,0.00158572
2021-01-26,M0 flat,-4.65392,3.32538e-05
2021-01-27,M0 flat,0.84893,0.00185335
2021-01-28,M0 flat,-3.07249,0.00220732
2021-01-29,M0 flat,-2.422,0.00218682
2021-02-01,M0 flat,-3.26749,0.000594681
2021-02-02,M0 flat,-3.62064,0.000379455
2021-02-03,M0 flat,-3.61902,0.000369985
2021-02-04,M0 flat,-3.97206,0.000221876
2021-02-05,M0 flat,-4.15743,0.000135906
2021-02-08,M0 flat,-4.42066,8.41072e-05
2021-02-09,M0 flat,-4.62467,5.48373e-05
2021-02-10,M0 flat,-3.60248,0.000545013
2021-02-11,M0 flat,-4.29183,9.18719e-05
2021-02-12,M0 flat,-5.04927,2.9774e-05
2021-02-16,M0 flat,-4.24458,9.04882e-05
2021-02-17,M0 flat,-4.40637,4.97916e-05
2021-02-18,M0 flat,-4.39949,4.25998e-05
2021-02-19,M0 flat,-4.55753,2.71027e-05
2021-02-22,M0 flat,-4.41075,0.000109632
2021-02-23,M0 flat,-0.539789,0.000720522
2021-02-24,M0 flat,-3.5504,9.97953e-05
2021-02-25,M0 flat,-1.49117,0.00065029
2021-02-26,M0 flat,-1.85504,0.00470329
2021-03-01,M0 flat,-4.03051,0.000121306
2021-03-02,M0 flat,-3.47235,0.000312012
2021-03-03,M0 flat,-3.21324,0.000631357
2021-03-04,M0 flat,-1.2041,0.00437098
2021-03-05,M0 flat,-2.26088,0.00225161
2021-03-08,M0 flat,-2.88174,0.000877606
2021-03-09,M0 flat,-3.96287,0.0001991
2021-03-10,M0 flat,-3.58147,0.000136034
2021-03-11,M0 flat,-4.32316,5.85993e-05
2021-03-12,M0 flat,-4.34518,6.28778e-05
2021-03-15,M0 flat,-4.59875,4.20921e-05
2021-03-16,M0 flat,-4.72164,1.97699e-05
2021-03-17,M0 flat,-3.36107,0.000403139
2021-03-18,M0 flat,-3.46467,0.00012556
2021-03-19,M0 flat,-3.67367,0.000261365
2021-03-22,M0 flat,-4.8758,2.55331e-05
2021-03-23,M0 flat,-4.3421,5.04003e-05
2021-03-24,M0 flat,-3.76415,0.000210302
2021-03-25,M0 flat,-3.0766,0.00025731
2021-03-26,M0 flat,-3.37536,0.000627028
2021-03-29,M0 flat,-4.00405,8.27174e-05
2021-03-30,M0 flat,-4.35065,0.000105782
2021-03-31,M0 flat,-5.04003,1.48507e-05
2021-04-01,M0 flat,-5.19952,1.11782e-05
2021-04-05,M0 flat,-4.85643,2.16719e-05
2021-04-06,M0 flat,-4.72469,4.28118e-05
2021-04-07,M0 flat,-4.84917,2.32672e-05
2021-04-08,M0 flat,-5.19427,1.40111e-05
2021-04-09,M0 flat,-5.23226,1.24277e-05
2021-04-12,M0 flat,-5.19342,8.25135e-06
2021-04-13,M0 flat,-5.56664,5.68209e-06
2021-04-14,M0 flat,-4.29213,6.20386e-05
2021-04-15,M0 flat,-5.40474,6.71755e-06
2021-04-16,M0 flat,-5.27343,1.28828e-05
2021-04-19,M0 flat,-4.116,6.11203e-05
2021-04-20,M0 flat,-4.26526,4.04697e-05
2021-04-21,M0 flat,-4.92051,2.93992e-05
2021-04-22,M0 flat,-2.96099,0.000772904
2021-04-23,M0 flat,-4.96906,1.9771e-05
2021-04-26,M0 flat,-5.04228,3.11948e-05
2021-04-27,M0 flat,-5.11743,2.46409e-05
2021-04-28,M0 flat,-5.03433,5.68001e-05
2021-04-29,M0 flat,-4.62905,2.55734e-05
2021-04-30,M0 flat,-4.65052,2.09667e-05
2021-05-03,M0 flat,-5.19031,9.1775e-06
2021-05-04,M0 flat,-2.48097,0.000257853
2021-05-05,M0 flat,-4.88267,5.58887e-05
2021-05-06,M0 flat,-3.20395,0.000184326
2021-05-07,M0 flat,-4.77642,3.22865e-05
2021-05-10,M0 flat,-4.78709,3.34741e-05
2021-05-11,M0 flat,-2.29434,0.000419242
2021-05-12,M0 flat,-3.5109,0.000159
2021-05-13,M0 flat,-3.32175,0.000322294
2021-05-14,M0 flat,-4.10536,0.000134401
2021-05-17,M0 flat,-3.89783,0.000215069
2021-05-18,M0 flat,-4.15555,0.00013084
2021-05-19,M0 flat,-2.92817,0.00117321
2021-05-20,M0 flat,-4.40254,5.06068e-05
2021-05-21,M0 flat,-4.33496,7.19189e-05
2021-05-24,M0 flat,-4.94479,2.57311e-05
2021-05-25,M0 flat,-4.68476,2.75373e-05
2021-05-26,M0 flat,-5.05093,1.74239e-05
2021-05-27,M0 flat,-5.14941,1.80449e-05
2021-05-28,M0 flat,-5.47174,8.00757e-06
2021-06-01,M0 flat,-5.05899,2.83579e-05
2021-06-02,M0 flat,-5.47901,1.0786e-05
2021-06-03,M0 flat,-4.32822,6.73189e-05
2021-06-04,M0 flat,-5.82119,3.67094e-06
2021-06-07,M0 flat,-5.56176,7.43598e-06
2021-06-08,M0 flat,-5.21356,2.34172e-05
2021-06-09,M0 flat,-5.85835,2.83079e-06
2021-06-10,M0 flat,-5.05383,2.7852e-05
2021-06-11,M0 flat,-5.85248,2.72883e-06
2021-06-14,M0 flat,-5.76548,8.35326e-06
2021-06-15,M0 flat,-5.52136,8.32168e-06
2021-06-16,M0 flat,-0.362295,0.00143506
2021-06-17,M0 flat,-3.48099,0.000113227
2021-06-18,M0 flat,-1.92632,0.000318865
2021-06-21,M0 flat,-4.71688,3.13363e-05
2021-06-22,M0 flat,-4.667,4.99419e-05
2021-06-23,M0 flat,-4.80794,3.36447e-05
2021-06-24,M0 flat,-5.13116,1.98286e-05
2021-06-25,M0 flat,-5.33147,1.64199e-05
2021-06-28,M0 flat,-5.41066,9.92896e-06
2021-06-29,M0 flat,-5.62714,6.67945e-06
2021-06-30,M0 flat,-5.60612,8.17611e-06
2021-07-01,M0 flat,-5.77948,3.92317e-06
2021-07-02,M0 flat,-5.92095,2.98255e-06
2021-07-06,M0 flat,-4.8711,2.41997e-05
2021-07-07,M0 flat,-4.54907,3.62396e-05
2021-07-08,M0 flat,-2.22497,0.000286403
2021-07-09,M0 flat,-5.22046,1.52551e-05
2021-07-12,M0 flat,-5.21691,1.84924e-05
2021-07-13,M0 flat,-4.89072,2.56866e-05
2021-07-14,M0 flat,-5.00276,1.89129e-05
2021-07-15,M0 flat,-4.53997,3.74403e-05
2021-07-16,M0 flat,-4.72434,2.65027e-05
2021-07-19,M0 flat,-2.94131,0.00025412
2021-07-20,M0 flat,-4.13938,0.000169636
2021-07-21,M0 flat,-4.57237,6.3129e-05
2021-07-22,M0 flat,-4.62781,4.81365e-05
2021-07-23,M0 flat,-4.86729,2.41288e-05
2021-07-26,M0 flat,-4.97139,2.70673e-05
2021-07-27,M0 flat,-4.21084,5.7581e-05
2021-07-28,M0 flat,-4.6293,3.40341e-05
2021-07-29,M0 flat,-5.31492,9.37695e-06
2021-07-30,M0 flat,-4.86537,2.84076e-05
2021-08-02,M0 flat,-5.23912,9.92204e-06
2021-08-03,M0 flat,-4.26185,0.000118594
2021-08-04,M0 flat,-5.40482,8.72988e-06
2021-08-05,M0 flat,-5.79593,4.03055e-06
2021-08-06,M0 flat,-5.70656,3.74427e-06
2021-08-09,M0 flat,-5.81378,4.48686e-06
2021-08-10,M0 flat,-5.54077,9.23646e-06
2021-08-11,M0 flat,-5.98236,1.89809e-06
2021-08-12,M0 flat,-6.07804,2.04688e-06
2021-08-13,M0 flat,-6.09378,2.39222e-06
2021-08-16,M0 flat,-5.55331,7.50634e-06
2021-08-17,M0 flat,-2.64905,6.14825e-05
2021-08-18,M0 flat,-3.9273,0.00015462
2021-08-19,M0 flat,-3.58115,0.000177942
2021-08-20,M0 flat,-4.9075,1.92841e-05
2021-08-23,M0 flat,-5.35375,9.62748e-06
2021-08-24,M0 flat,-5.30463,1.66154e-05
2021-08-25,M0 flat,-5.4717,9.97573e-06
2021-08-26,M0 flat,-5.02643,1.25501e-05
2021-08-27,M0 flat,-5.22882,5.26971e-05
2021-08-30,M0 flat,-5.44637,8.7696e-06
2021-08-31,M0 flat,-5.33566,7.10554e-06
2021-09-01,M0 flat,-5.60023,8.50165e-06
2021-09-02,M0 flat,-5.57105,5.10511e-06
2021-09-03,M0 flat,-5.66204,6.07458e-06
2021-09-07,M0 flat,-5.67088,2.76071e-06
2021-09-08,M0 flat,-4.61602,2.77886e-05
2021-09-09,M0 flat,-4.48213,3.93061e-05
2021-09-10,M0 flat,-4.61177,2.68405e-05
2021-09-13,M0 flat,-3.88045,0.000102434
2021-09-14,M0 flat,-4.47976,2.99901e-05
2021-09-15,M0 flat,-4.28114,0.000134637
2021-09-16,M0 flat,-4.2449,7.34392e-05
2021-09-17,M0 flat,-3.78676,7.49003e-05
2021-09-20,M0 flat,-3.0309,0.000212336
2021-09-21,M0 flat,-3.30748,0.000586696
2021-09-22,M0 flat,-3.98908,0.000180294
2021-09-23,M0 flat,-4.36817,0.00015613
2021-09-24,M0 flat,-4.32554,8.06008e-05
2021-09-27,M0 flat,-4.65775,3.06599e-05
2021-09-28,M0 flat,-3.58783,0.000215719
2021-09-29,M0 flat,-3.8051,0.000130927
2021-09-30,M0 flat,-3.0936,0.000354755
2021-10-01,M0 flat,-3.42355,0.000811311
2021-10-04,M0 flat,-2.65976,0.00060627
2021-10-05,M0 flat,-4.1484,7.9135e-05
2021-10-06,M0 flat,-3.0045,0.00126235
2021-10-07,M0 flat,-4.62076,3.54511e-05
2021-10-08,M0 flat,-4.50336,7.11414e-05
2021-10-11,M0 flat,-4.49272,3.94019e-05
2021-10-12,M0 flat,-3.86766,0.000137489
2021-10-13,M0 flat,-3.89851,0.00015569
2021-10-14,M0 flat,-5.00051,3.46818e-05
2021-10-15,M0 flat,-4.55253,5.48345e-05
2021-10-18,M0 flat,-4.69656,6.56484e-05
2021-10-19,M0 flat,-4.89731,2.27739e-05
2021-10-20,M0 flat,-4.89574,2.35639e-05
2021-10-21,M0 flat,-5.14521,1.3735e-05
2021-10-22,M0 flat,-4.51978,3.80672e-05
2021-10-25,M0 flat,-5.29601,1.14923e-05
2021-10-26,M0 flat,-4.70178,3.74695e-05
2021-10-27,M0 flat,-4.88448,3.05174e-05
2021-10-28,M0 flat,-5.14526,1.82419e-05
2021-10-29,M0 flat,-5.18715,9.94622e-06
2021-11-01,M0 flat,-4.86252,3.05613e-05
2021-11-02,M0 flat,-5.39758,9.07817e-06
2021-11-03,M0 flat,-4.94747,9.84599e-05
2021-11-04,M0 flat,-4.99979,2.12523e-05
2021-11-05,M0 flat,-4.54066,5.19907e-05
2021-11-08,M0 flat,-5.20629,1.0509e-05
2021-11-09,M0 flat,-3.89559,6.90782e-05
2021-11-10,M0 flat,-4.19389,3.97837e-05
2021-11-11,M0 flat,-5.37726,6.17173e-06
2021-11-12,M0 flat,-5.13749,1.75679e-05
2021-11-15,M0 flat,-5.05926,6.97361e-05
2021-11-16,M0 flat,-5.47499,6.14648e-06
2021-11-17,M0 flat,-5.38035,5.17504e-06
2021-11-18,M0 flat,-4.8489,3.81022e-05
2021-11-19,M0 flat,-5.02698,2.64576e-05
2021-11-22,M0 flat,-3.50772,0.000160387
2021-11-23,M0 flat,-1.58751,0.000178711
2021-11-24,M0 flat,-4.44066,3.2008e-05
2021-11-29,M0 flat,-4.42222,3.00961e-05
2021-11-30,M0 flat,-0.998718,0.00103179
2021-12-01,M0 flat,-2.4271,0.00128385
2021-12-02,M0 flat,-2.39126,0.00297526
2021-12-03,M0 flat,-1.94254,0.00159626
2021-12-06,M0 flat,-3.50941,0.00070973
2021-12-07,M0 flat,-4.3205,8.55574e-05
2021-12-08,M0 flat,-3.95027,0.000215922
2021-12-09,M0 flat,-4.16524,8.87012e-05
2021-12-10,M0 flat,-4.16788,8.96946e-05
2021-12-13,M0 flat,-4.26389,7.09868e-05
2021-12-14,M0 flat,-4.04095,0.000101312
2021-12-15,M0 flat,-3.17966,0.000652986
2021-12-16,M0 flat,-3.4412,0.000362082
2021-12-17,M0 flat,-2.45955,0.00103646
2021-12-20,M0 flat,-3.51258,0.000215251
2021-12-21,M0 flat,-3.94461,0.000196076
2021-12-22,M0 flat,-4.31053,7.38088e-05
2021-12-23,M0 flat,-4.41372,0.000119628
2021-12-27,M0 flat,-4.69135,4.76013e-05
2021-12-28,M0 flat,-4.27512,0.000101456
2021-12-29,M0 flat,-4.68626,5.40924e-05
2021-12-30,M0 flat,-4.96869,2.46231e-05
2021-12-31,M0 flat,-4.71906,5.81892e-05
2021-01-04,M1 hist. profile,0.0882816,0.000710766
2021-01-05,M1 hist. profile,-3.97908,0.000177175
2021-01-06,M1 hist. profile,-2.38055,0.00107745
2021-01-07,M1 hist. profile,-4.47294,0.000147441
2021-01-08,M1 hist. profile,-3.78638,0.000190114
2021-01-11,M1 hist. profile,-4.45925,4.75165e-05
2021-01-12,M1 hist. profile,-4.19142,6.6754e-05
2021-01-13,M1 hist. profile,-4.82851,4.44559e-05
2021-01-14,M1 hist. profile,-4.89578,3.82302e-05
2021-01-15,M1 hist. profile,-3.32364,0.000577461
2021-01-19,M1 hist. profile,-4.78774,2.69873e-05
2021-01-20,M1 hist. profile,-4.80283,2.44111e-05
2021-01-21,M1 hist. profile,-4.67338,5.41557e-05
2021-01-22,M1 hist. profile,-4.80504,4.055e-05
2021-01-25,M1 hist. profile,-2.20864,0.00158677
2021-01-26,M1 hist. profile,-4.78527,2.97084e-05
2021-01-27,M1 hist. profile,2.06682,0.00184677
2021-01-28,M1 hist. profile,-3.3091,0.00179645
2021-01-29,M1 hist. profile,-2.318,0.00219709
2021-02-01,M1 hist. profile,-3.40958,0.00051067
2021-02-02,M1 hist. profile,-3.71608,0.000400492
2021-02-03,M1 hist. profile,-3.71211,0.00039401
2021-02-04,M1 hist. profile,-4.07406,0.000234085
2021-02-05,M1 hist. profile,-4.22592,0.000162572
2021-02-08,M1 hist. profile,-4.48603,9.7632e-05
2021-02-09,M1 hist. profile,-4.70307,6.27342e-05
2021-02-10,M1 hist. profile,-3.70837,0.000540444
2021-02-11,M1 hist. profile,-4.22981,9.27082e-05
2021-02-12,M1 hist. profile,-5.14292,3.02636e-05
2021-02-16,M1 hist. profile,-4.17298,9.28889e-05
2021-02-17,M1 hist. profile,-4.57895,4.59352e-05
2021-02-18,M1 hist. profile,-4.45461,4.08043e-05
2021-02-19,M1 hist. profile,-4.39901,2.88503e-05
2021-02-22,M1 hist. profile,-4.71878,0.000103423
2021-02-23,M1 hist. profile,-0.525546,0.00070121
2021-02-24,M1 hist. profile,-3.7727,9.32754e-05
2021-02-25,M1 hist. profile,-0.960628,0.000655204
2021-02-26,M1 hist. profile,-2.0424,0.00457258
2021-03-01,M1 hist. profile,-4.11531,0.000123549
2021-03-02,M1 hist. profile,-3.54311,0.000339071
2021-03-03,M1 hist. profile,-3.28043,0.000613293
2021-03-04,M1 hist. profile,-0.765808,0.00442421
2021-03-05,M1 hist. profile,-2.22247,0.00219543
2021-03-08,M1 hist. profile,-3.06396,0.000733534
2021-03-09,M1 hist. profile,-4.10339,0.000172061
2021-03-10,M1 hist. profile,-3.61654,0.000142332
2021-03-11,M1 hist. profile,-4.40032,6.42824e-05
2021-03-12,M1 hist. profile,-4.43141,6.2369e-05
2021-03-15,M1 hist. profile,-4.68738,4.16284e-05
2021-03-16,M1 hist. profile,-4.72945,2.40155e-05
2021-03-17,M1 hist. profile,-3.41602,0.000398709
2021-03-18,M1 hist. profile,-3.46377,0.000122414
2021-03-19,M1 hist. profile,-3.99674,0.00021914
2021-03-22,M1 hist. profile,-4.97682,2.40481e-05
2021-03-23,M1 hist. profile,-4.32068,5.67381e-05
2021-03-24,M1 hist. profile,-3.63125,0.000213356
2021-03-25,M1 hist. profile,-2.96725,0.000257524
2021-03-26,M1 hist. profile,-3.42718,0.000615393
2021-03-29,M1 hist. profile,-3.9488,8.82885e-05
2021-03-30,M1 hist. profile,-4.50122,9.76703e-05
2021-03-31,M1 hist. profile,-5.12591,1.54444e-05
2021-04-01,M1 hist. profile,-5.28842,1.18787e-05
2021-04-05,M1 hist. profile,-4.92885,2.39839e-05
2021-04-06,M1 hist. profile,-4.81725,4.54891e-05
2021-04-07,M1 hist. profile,-4.86898,2.93903e-05
2021-04-08,M1 hist. profile,-5.2805,1.49298e-05
2021-04-09,M1 hist. profile,-5.28866,1.45182e-05
2021-04-12,M1 hist. profile,-5.22903,9.40599e-06
2021-04-13,M1 hist. profile,-5.67216,5.41699e-06
2021-04-14,M1 hist. profile,-4.18582,6.28694e-05
2021-04-15,M1 hist. profile,-5.47134,7.01464e-06
2021-04-16,M1 hist. profile,-5.40984,1.1757e-05
2021-04-19,M1 hist. profile,-4.20349,5.66749e-05
2021-04-20,M1 hist. profile,-4.26321,3.96354e-05
2021-04-21,M1 hist. profile,-5.0838,2.60594e-05
2021-04-22,M1 hist. profile,-2.18458,0.000791018
2021-04-23,M1 hist. profile,-5.04965,2.02848e-05
2021-04-26,M1 hist. profile,-5.11394,3.27179e-05
2021-04-27,M1 hist. profile,-5.28337,2.03331e-05
2021-04-28,M1 hist. profile,-5.06838,5.78042e-05
2021-04-29,M1 hist. profile,-4.53715,2.71333e-05
2021-04-30,M1 hist. profile,-4.6904,2.06979e-05
2021-05-03,M1 hist. profile,-5.33226,7.25765e-06
2021-05-04,M1 hist. profile,-2.87888,0.000248356
2021-05-05,M1 hist. profile,-5.07102,5.0004e-05
2021-05-06,M1 hist. profile,-3.62142,0.000172758
2021-05-07,M1 hist. profile,-5.00682,2.4598e-05
2021-05-10,M1 hist. profile,-4.81845,3.39059e-05
2021-05-11,M1 hist. profile,-2.28774,0.000406114
2021-05-12,M1 hist. profile,-3.45699,0.000160867
2021-05-13,M1 hist. profile,-3.31734,0.000315623
2021-05-14,M1 hist. profile,-4.24857,0.000121542
2021-05-17,M1 hist. profile,-4.008,0.000207379
2021-05-18,M1 hist. profile,-4.29526,0.000113045
2021-05-19,M1 hist. profile,-3.15834,0.00109555
2021-05-20,M1 hist. profile,-4.45953,4.96544e-05
2021-05-21,M1 hist. profile,-4.32947,8.29295e-05
2021-05-24,M1 hist. profile,-5.00355,3.00999e-05
2021-05-25,M1 hist. profile,-4.76749,2.86807e-05
2021-05-26,M1 hist. profile,-5.1524,1.70699e-05
2021-05-27,M1 hist. profile,-5.20624,1.90967e-05
2021-05-28,M1 hist. profile,-5.56609,8.54041e-06
2021-06-01,M1 hist. profile,-5.23503,2.51482e-05
2021-06-02,M1 hist. profile,-5.56987,9.87222e-06
2021-06-03,M1 hist. profile,-4.54741,6.38115e-05
2021-06-04,M1 hist. profile,-5.93113,3.30588e-06
2021-06-07,M1 hist. profile,-5.67331,7.13193e-06
2021-06-08,M1 hist. profile,-5.29215,2.31846e-05
2021-06-09,M1 hist. profile,-5.93409,3.11225e-06
2021-06-10,M1 hist. profile,-5.24795,2.62129e-05
2021-06-11,M1 hist. profile,-5.95261,2.72563e-06
2021-06-14,M1 hist. profile,-5.95155,7.2601e-06
2021-06-15,M1 hist. profile,-5.6035,8.25939e-06
2021-06-16,M1 hist. profile,-0.754191,0.00143105
2021-06-17,M1 hist. profile,-3.4208,0.000110235
2021-06-18,M1 hist. profile,-2.85524,0.000303565
2021-06-21,M1 hist. profile,-4.86016,2.48693e-05
2021-06-22,M1 hist. profile,-4.74474,5.71933e-05
2021-06-23,M1 hist. profile,-4.88238,3.7408e-05
2021-06-24,M1 hist. profile,-5.18042,2.43469e-05
2021-06-25,M1 hist. profile,-5.38708,1.98998e-05
2021-06-28,M1 hist. profile,-5.51055,1.02376e-05
2021-06-29,M1 hist. profile,-5.69574,7.87269e-06
2021-06-30,M1 hist. profile,-5.73384,7.33043e-06
2021-07-01,M1 hist. profile,-5.8729,3.59521e-06
2021-07-02,M1 hist. profile,-5.95787,3.54876e-06
2021-07-06,M1 hist. profile,-4.94548,2.34405e-05
2021-07-07,M1 hist. profile,-4.71223,3.35241e-05
2021-07-08,M1 hist. profile,-2.87448,0.000274664
2021-07-09,M1 hist. profile,-5.35194,1.2632e-05
2021-07-12,M1 hist. profile,-5.29343,2.15307e-05
2021-07-13,M1 hist. profile,-4.90284,2.78592e-05
2021-07-14,M1 hist. profile,-5.05269,1.99711e-05
2021-07-15,M1 hist. profile,-4.60672,3.61868e-05
2021-07-16,M1 hist. profile,-4.82025,2.52176e-05
2021-07-19,M1 hist. profile,-3.15196,0.000238162
2021-07-20,M1 hist. profile,-4.30523,0.00014917
2021-07-21,M1 hist. profile,-4.65478,7.22724e-05
2021-07-22,M1 hist. profile,-4.68999,5.32555e-05
2021-07-23,M1 hist. profile,-4.93891,2.77558e-05
2021-07-26,M1 hist. profile,-5.06659,2.91859e-05
2021-07-27,M1 hist. profile,-4.19462,5.74156e-05
2021-07-28,M1 hist. profile,-4.76321,2.92187e-05
2021-07-29,M1 hist. profile,-5.39113,1.00141e-05
2021-07-30,M1 hist. profile,-4.98503,2.69657e-05
2021-08-02,M1 hist. profile,-5.22926,1.10229e-05
2021-08-03,M1 hist. profile,-4.4246,0.000115465
2021-08-04,M1 hist. profile,-5.51175,7.66937e-06
2021-08-05,M1 hist. profile,-5.89764,4.06001e-06
2021-08-06,M1 hist. profile,-5.80356,3.6002e-06
2021-08-09,M1 hist. profile,-5.9539,3.65193e-06
2021-08-10,M1 hist. profile,-5.68737,8.70241e-06
2021-08-11,M1 hist. profile,-6.04974,2.1403e-06
2021-08-12,M1 hist. profile,-6.17777,1.97673e-06
2021-08-13,M1 hist. profile,-6.23855,2.0387e-06
2021-08-16,M1 hist. profile,-5.70292,6.81078e-06
2021-08-17,M1 hist. profile,-2.23906,6.1332e-05
2021-08-18,M1 hist. profile,-4.16556,0.000150409
2021-08-19,M1 hist. profile,-3.55166,0.000175241
2021-08-20,M1 hist. profile,-5.02657,1.58058e-05
2021-08-23,M1 hist. profile,-5.43184,9.3216e-06
2021-08-24,M1 hist. profile,-5.38451,1.8965e-05
2021-08-25,M1 hist. profile,-5.55119,1.13364e-05
2021-08-26,M1 hist. profile,-5.08376,1.26245e-05
2021-08-27,M1 hist. profile,-5.44469,4.62374e-05
2021-08-30,M1 hist. profile,-5.54561,9.10736e-06
2021-08-31,M1 hist. profile,-5.42273,7.28551e-06
2021-09-01,M1 hist. profile,-5.71466,8.25173e-06
2021-09-02,M1 hist. profile,-5.64803,4.85786e-06
2021-09-03,M1 hist. profile,-5.79705,5.44874e-06
2021-09-07,M1 hist. profile,-5.74987,2.58723e-06
2021-09-08,M1 hist. profile,-4.74075,2.62904e-05
2021-09-09,M1 hist. profile,-4.31852,3.9586e-05
2021-09-10,M1 hist. profile,-4.70594,2.3746e-05
2021-09-13,M1 hist. profile,-4.01859,9.58117e-05
2021-09-14,M1 hist. profile,-4.53535,2.84752e-05
2021-09-15,M1 hist. profile,-4.57929,0.000124779
2021-09-16,M1 hist. profile,-4.37215,6.62579e-05
2021-09-17,M1 hist. profile,-3.70722,7.44352e-05
2021-09-20,M1 hist. profile,-2.86095,0.000209243
2021-09-21,M1 hist. profile,-3.4596,0.000545165
2021-09-22,M1 hist. profile,-4.08788,0.000177966
2021-09-23,M1 hist. profile,-4.55269,0.000125364
2021-09-24,M1 hist. profile,-4.45231,7.35998e-05
2021-09-27,M1 hist. profile,-4.71345,3.51178e-05
2021-09-28,M1 hist. profile,-3.64995,0.000205921
2021-09-29,M1 hist. profile,-3.8868,0.000127016
2021-09-30,M1 hist. profile,-3.13389,0.000339217
2021-10-01,M1 hist. profile,-3.48678,0.000806228
2021-10-04,M1 hist. profile,-2.77682,0.000560654
2021-10-05,M1 hist. profile,-4.26749,6.55297e-05
2021-10-06,M1 hist. profile,-3.09516,0.00123191
2021-10-07,M1 hist. profile,-4.73053,3.34002e-05
2021-10-08,M1 hist. profile,-4.54803,6.58675e-05
2021-10-11,M1 hist. profile,-4.50137,3.90244e-05
2021-10-12,M1 hist. profile,-4.01361,0.000125547
2021-10-13,M1 hist. profile,-4.12203,0.000141523
2021-10-14,M1 hist. profile,-5.18095,2.79859e-05
2021-10-15,M1 hist. profile,-4.64809,5.84262e-05
2021-10-18,M1 hist. profile,-4.8221,6.09844e-05
2021-10-19,M1 hist. profile,-5.008,2.20963e-05
2021-10-20,M1 hist. profile,-4.97745,2.43274e-05
2021-10-21,M1 hist. profile,-5.17497,1.70535e-05
2021-10-22,M1 hist. profile,-4.5417,3.75952e-05
2021-10-25,M1 hist. profile,-5.42204,9.50071e-06
2021-10-26,M1 hist. profile,-4.63201,3.80568e-05
2021-10-27,M1 hist. profile,-5.03461,2.80965e-05
2021-10-28,M1 hist. profile,-5.1508,1.87799e-05
2021-10-29,M1 hist. profile,-5.29114,9.01161e-06
2021-11-01,M1 hist. profile,-5.08259,2.5624e-05
2021-11-02,M1 hist. profile,-5.50348,7.84762e-06
2021-11-03,M1 hist. profile,-5.16778,9.64459e-05
2021-11-04,M1 hist. profile,-5.1195,2.00561e-05
2021-11-05,M1 hist. profile,-4.27289,5.3631e-05
2021-11-08,M1 hist. profile,-5.37595,8.52794e-06
2021-11-09,M1 hist. profile,-4.08971,6.64769e-05
2021-11-10,M1 hist. profile,-4.05245,4.03996e-05
2021-11-11,M1 hist. profile,-5.4525,6.20928e-06
2021-11-12,M1 hist. profile,-5.24449,1.66448e-05
2021-11-15,M1 hist. profile,-5.16523,6.72333e-05
2021-11-16,M1 hist. profile,-5.61372,4.54228e-06
2021-11-17,M1 hist. profile,-5.39898,4.89212e-06
2021-11-18,M1 hist. profile,-4.95762,3.70496e-05
2021-11-19,M1 hist. profile,-5.13518,2.40743e-05
2021-11-22,M1 hist. profile,-3.62434,0.00015732
2021-11-23,M1 hist. profile,-1.23363,0.000176779
2021-11-24,M1 hist. profile,-4.63266,2.98287e-05
2021-11-29,M1 hist. profile,-4.40919,2.9239e-05
2021-11-30,M1 hist. profile,-1.04056,0.00102323
2021-12-01,M1 hist. profile,-2.30084,0.00125568
2021-12-02,M1 hist. profile,-2.70531,0.00279709
2021-12-03,M1 hist. profile,-2.09956,0.00149145
2021-12-06,M1 hist. profile,-3.76732,0.0006359
2021-12-07,M1 hist. profile,-4.44413,7.50659e-05
2021-12-08,M1 hist. profile,-4.05747,0.000216011
2021-12-09,M1 hist. profile,-4.22149,0.000104241
2021-12-10,M1 hist. profile,-4.26787,8.91333e-05
2021-12-13,M1 hist. profile,-4.34984,7.07408e-05
2021-12-14,M1 hist. profile,-4.20966,7.73887e-05
2021-12-15,M1 hist. profile,-3.22161,0.000648926
2021-12-16,M1 hist. profile,-3.49218,0.000356738
2021-12-17,M1 hist. profile,-2.65588,0.000969557
2021-12-20,M1 hist. profile,-3.52256,0.0002035
2021-12-21,M1 hist. profile,-4.06059,0.000185136
2021-12-22,M1 hist. profile,-4.38056,8.24141e-05
2021-12-23,M1 hist. profile,-4.55711,0.000106223
2021-12-27,M1 hist. profile,-4.78312,5.20815e-05
2021-12-28,M1 hist. profile,-4.38317,9.53209e-05
2021-12-29,M1 hist. profile,-4.79597,5.41853e-05
2021-12-30,M1 hist. profile,-5.06981,2.38784e-05
2021-12-31,M1 hist. profile,-4.86749,5.40057e-05
2021-01-04,M2 FFF,0.0492864,0.00071083
2021-01-05,M2 FFF,-3.96076,0.00018105
2021-01-06,M2 FFF,-2.41062,0.00107398
2021-01-07,M2 FFF,-4.49376,0.000146662
2021-01-08,M2 FFF,-3.78802,0.000190612
2021-01-11,M2 FFF,-4.46828,4.45815e-05
2021-01-12,M2 FFF,-4.18231,6.67765e-05
2021-01-13,M2 FFF,-4.79917,4.8572e-05
2021-01-14,M2 FFF,-4.90995,3.72301e-05
2021-01-15,M2 FFF,-3.33434,0.000577395
2021-01-19,M2 FFF,-4.78402,2.62208e-05
2021-01-20,M2 FFF,-4.78469,2.66642e-05
2021-01-21,M2 FFF,-4.67107,5.2208e-05
2021-01-22,M2 FFF,-4.80945,3.97085e-05
2021-01-25,M2 FFF,-2.26085,0.00158583
2021-01-26,M2 FFF,-4.77265,3.02078e-05
2021-01-27,M2 FFF,2.0247,0.00184834
2021-01-28,M2 FFF,-3.29901,0.00183796
2021-01-29,M2 FFF,-2.29867,0.00220683
2021-02-01,M2 FFF,-3.41283,0.000475766
2021-02-02,M2 FFF,-3.71183,0.00039813
2021-02-03,M2 FFF,-3.71194,0.000371718
2021-02-04,M2 FFF,-4.072,0.000226067
2021-02-05,M2 FFF,-4.22475,0.000156121
2021-02-08,M2 FFF,-4.49041,9.47709e-05
2021-02-09,M2 FFF,-4.69904,6.13842e-05
2021-02-10,M2 FFF,-3.73003,0.0005375
2021-02-11,M2 FFF,-4.21877,9.37041e-05
2021-02-12,M2 FFF,-5.13583,3.00841e-05
2021-02-16,M2 FFF,-4.2388,9.06896e-05
2021-02-17,M2 FFF,-4.57836,4.57638e-05
2021-02-18,M2 FFF,-4.44888,4.08196e-05
2021-02-19,M2 FFF,-4.42821,2.79315e-05
2021-02-22,M2 FFF,-4.73977,0.000102588
2021-02-23,M2 FFF,-0.479486,0.000703827
2021-02-24,M2 FFF,-3.77773,9.32938e-05
2021-02-25,M2 FFF,-0.995431,0.000659592
2021-02-26,M2 FFF,-2.07871,0.00454343
2021-03-01,M2 FFF,-4.10653,0.000123855
2021-03-02,M2 FFF,-3.54444,0.000323647
2021-03-03,M2 FFF,-3.30725,0.000575725
2021-03-04,M2 FFF,-0.781248,0.00444055
2021-03-05,M2 FFF,-2.26907,0.00215729
2021-03-08,M2 FFF,-3.06794,0.00072267
2021-03-09,M2 FFF,-4.09528,0.000172141
2021-03-10,M2 FFF,-3.62046,0.000139027
2021-03-11,M2 FFF,-4.39585,6.18356e-05
2021-03-12,M2 FFF,-4.4322,6.10658e-05
2021-03-15,M2 FFF,-4.68592,4.06149e-05
2021-03-16,M2 FFF,-4.72104,2.40692e-05
2021-03-17,M2 FFF,-3.28115,0.000405922
2021-03-18,M2 FFF,-3.46276,0.000123155
2021-03-19,M2 FFF,-3.97007,0.000224711
2021-03-22,M2 FFF,-4.96815,2.34321e-05
2021-03-23,M2 FFF,-4.30951,5.60934e-05
2021-03-24,M2 FFF,-3.65151,0.00021271
2021-03-25,M2 FFF,-2.99491,0.000255463
2021-03-26,M2 FFF,-3.49762,0.000615144
2021-03-29,M2 FFF,-3.94949,8.58044e-05
2021-03-30,M2 FFF,-4.50774,9.65214e-05
2021-03-31,M2 FFF,-5.11803,1.52888e-05
2021-04-01,M2 FFF,-5.28324,1.15726e-05
2021-04-05,M2 FFF,-4.92087,2.37169e-05
2021-04-06,M2 FFF,-4.80749,4.50587e-05
2021-04-07,M2 FFF,-4.86472,2.90812e-05
2021-04-08,M2 FFF,-5.27446,1.46501e-05
2021-04-09,M2 FFF,-5.29225,1.39362e-05
2021-04-12,M2 FFF,-5.23392,8.97307e-06
2021-04-13,M2 FFF,-5.66029,5.50432e-06
2021-04-14,M2 FFF,-4.28972,6.19683e-05
2021-04-15,M2 FFF,-5.45821,7.131e-06
2021-04-16,M2 FFF,-5.39915,1.17203e-05
2021-04-19,M2 FFF,-4.17657,5.84445e-05
2021-04-20,M2 FFF,-4.26945,4.00107e-05
2021-04-21,M2 FFF,-5.06861,2.6116e-05
2021-04-22,M2 FFF,-2.27163,0.000790309
2021-04-23,M2 FFF,-5.04051,2.02443e-05
2021-04-26,M2 FFF,-5.12386,3.18581e-05
2021-04-27,M2 FFF,-5.27421,2.00628e-05
2021-04-28,M2 FFF,-5.03777,5.79775e-05
2021-04-29,M2 FFF,-4.52443,2.70963e-05
2021-04-30,M2 FFF,-4.7344,2.02423e-05
2021-05-03,M2 FFF,-5.31925,7.55176e-06
2021-05-04,M2 FFF,-2.87326,0.000248962
2021-05-05,M2 FFF,-5.04209,5.26594e-05
2021-05-06,M2 FFF,-3.69595,0.000171439
2021-05-07,M2 FFF,-4.99678,2.51298e-05
2021-05-10,M2 FFF,-4.85659,3.28155e-05
2021-05-11,M2 FFF,-2.36439,0.000402455
2021-05-12,M2 FFF,-3.46978,0.000158365
2021-05-13,M2 FFF,-3.32229,0.00031893
2021-05-14,M2 FFF,-4.2455,0.000117569
2021-05-17,M2 FFF,-4.00611,0.0002042
2021-05-18,M2 FFF,-4.29012,0.000110669
2021-05-19,M2 FFF,-3.12792,0.00110992
2021-05-20,M2 FFF,-4.46769,5.00221e-05
2021-05-21,M2 FFF,-4.33333,8.20417e-05
2021-05-24,M2 FFF,-4.99823,2.95011e-05
2021-05-25,M2 FFF,-4.74002,2.99703e-05
2021-05-26,M2 FFF,-5.15244,1.62238e-05
2021-05-27,M2 FFF,-5.2025,1.8769e-05
2021-05-28,M2 FFF,-5.55998,8.38097e-06
2021-06-01,M2 FFF,-5.23741,2.48011e-05
2021-06-02,M2 FFF,-5.57755,9.82086e-06
2021-06-03,M2 FFF,-4.59002,6.35172e-05
2021-06-04,M2 FFF,-5.92744,3.17774e-06
2021-06-07,M2 FFF,-5.67152,7.11017e-06
2021-06-08,M2 FFF,-5.29633,2.30209e-05
2021-06-09,M2 FFF,-5.93479,3.01196e-06
2021-06-10,M2 FFF,-5.27802,2.57432e-05
2021-06-11,M2 FFF,-5.952,2.61553e-06
2021-06-14,M2 FFF,-5.94439,7.31372e-06
2021-06-15,M2 FFF,-5.59019,8.28083e-06
2021-06-16,M2 FFF,0.0762728,0.00143717
2021-06-17,M2 FFF,-3.39788,0.000110648
2021-06-18,M2 FFF,-2.87232,0.000304465
2021-06-21,M2 FFF,-4.85496,2.53184e-05
2021-06-22,M2 FFF,-4.7393,5.57555e-05
2021-06-23,M2 FFF,-4.87343,3.64057e-05
2021-06-24,M2 FFF,-5.18246,2.35817e-05
2021-06-25,M2 FFF,-5.38177,1.95524e-05
2021-06-28,M2 FFF,-5.5059,9.97561e-06
2021-06-29,M2 FFF,-5.68821,7.79404e-06
2021-06-30,M2 FFF,-5.72757,7.20392e-06
2021-07-01,M2 FFF,-5.86623,3.57346e-06
2021-07-02,M2 FFF,-5.9531,3.47385e-06
2021-07-06,M2 FFF,-4.92537,2.38795e-05
2021-07-07,M2 FFF,-4.65951,3.47537e-05
2021-07-08,M2 FFF,-2.94116,0.0002741
2021-07-09,M2 FFF,-5.33965,1.34557e-05
2021-07-12,M2 FFF,-5.29038,2.08356e-05
2021-07-13,M2 FFF,-4.8636,2.94421e-05
2021-07-14,M2 FFF,-5.03661,1.99063e-05
2021-07-15,M2 FFF,-4.60687,3.56037e-05
2021-07-16,M2 FFF,-4.80382,2.5521e-05
2021-07-19,M2 FFF,-3.10689,0.000240143
2021-07-20,M2 FFF,-4.29257,0.000148612
2021-07-21,M2 FFF,-4.65263,7.00533e-05
2021-07-22,M2 FFF,-4.68847,5.23012e-05
2021-07-23,M2 FFF,-4.93373,2.73147e-05
2021-07-26,M2 FFF,-5.06185,2.84028e-05
2021-07-27,M2 FFF,-4.18212,5.74051e-05
2021-07-28,M2 FFF,-4.74617,2.96304e-05
2021-07-29,M2 FFF,-5.38653,9.86688e-06
2021-07-30,M2 FFF,-4.97456,2.71653e-05
2021-08-02,M2 FFF,-5.21854,1.08956e-05
2021-08-03,M2 FFF,-4.43463,0.00011549
2021-08-04,M2 FFF,-5.50098,7.98054e-06
2021-08-05,M2 FFF,-5.89596,3.8566e-06
2021-08-06,M2 FFF,-5.80051,3.57846e-06
2021-08-09,M2 FFF,-5.94607,3.57255e-06
2021-08-10,M2 FFF,-5.67701,8.79308e-06
2021-08-11,M2 FFF,-6.03979,2.10131e-06
2021-08-12,M2 FFF,-6.18351,1.86504e-06
2021-08-13,M2 FFF,-6.23097,2.04411e-06
2021-08-16,M2 FFF,-5.69439,6.7802e-06
2021-08-17,M2 FFF,-2.26226,6.11831e-05
2021-08-18,M2 FFF,-4.12337,0.000151398
2021-08-19,M2 FFF,-3.60125,0.000174973
2021-08-20,M2 FFF,-5.01164,1.69825e-05
2021-08-23,M2 FFF,-5.4192,9.70564e-06
2021-08-24,M2 FFF,-5.37885,1.85348e-05
2021-08-25,M2 FFF,-5.54971,1.08263e-05
2021-08-26,M2 FFF,-5.07667,1.24379e-05
2021-08-27,M2 FFF,-5.40134,4.95299e-05
2021-08-30,M2 FFF,-5.54034,8.81795e-06
2021-08-31,M2 FFF,-5.41589,7.28457e-06
2021-09-01,M2 FFF,-5.7171,7.89291e-06
2021-09-02,M2 FFF,-5.64686,4.83223e-06
2021-09-03,M2 FFF,-5.78786,5.43846e-06
2021-09-07,M2 FFF,-5.7593,2.36873e-06
2021-09-08,M2 FFF,-4.73338,2.63392e-05
2021-09-09,M2 FFF,-4.27882,3.99656e-05
2021-09-10,M2 FFF,-4.67477,2.50557e-05
2021-09-13,M2 FFF,-4.02418,9.69985e-05
2021-09-14,M2 FFF,-4.54724,2.80633e-05
2021-09-15,M2 FFF,-4.57649,0.000124958
2021-09-16,M2 FFF,-4.42735,6.70729e-05
2021-09-17,M2 FFF,-3.74272,7.39572e-05
2021-09-20,M2 FFF,-2.87235,0.000209339
2021-09-21,M2 FFF,-3.48289,0.000536756
2021-09-22,M2 FFF,-4.05252,0.000181392
2021-09-23,M2 FFF,-4.54244,0.000126824
2021-09-24,M2 FFF,-4.45997,6.79927e-05
2021-09-27,M2 FFF,-4.71112,3.39748e-05
2021-09-28,M2 FFF,-3.64852,0.000209412
2021-09-29,M2 FFF,-3.88595,0.000123359
2021-09-30,M2 FFF,-3.15455,0.000332806
2021-10-01,M2 FFF,-3.50743,0.000799755
2021-10-04,M2 FFF,-2.76257,0.000572234
2021-10-05,M2 FFF,-4.26356,6.69372e-05
2021-10-06,M2 FFF,-3.14201,0.00122769
2021-10-07,M2 FFF,-4.72366,3.29005e-05
2021-10-08,M2 FFF,-4.54521,7.04119e-05
2021-10-11,M2 FFF,-4.50131,3.86809e-05
2021-10-12,M2 FFF,-4.03077,0.00012294
2021-10-13,M2 FFF,-4.1218,0.000141525
2021-10-14,M2 FFF,-5.14629,3.08962e-05
2021-10-15,M2 FFF,-4.64115,5.65726e-05
2021-10-18,M2 FFF,-4.81365,6.15857e-05
2021-10-19,M2 FFF,-5.002,2.19909e-05
2021-10-20,M2 FFF,-4.97325,2.39891e-05
2021-10-21,M2 FFF,-5.18638,1.62894e-05
2021-10-22,M2 FFF,-4.54202,3.77114e-05
2021-10-25,M2 FFF,-5.42827,8.85126e-06
2021-10-26,M2 FFF,-4.60394,3.83231e-05
2021-10-27,M2 FFF,-5.02243,2.86669e-05
2021-10-28,M2 FFF,-5.16263,1.84975e-05
2021-10-29,M2 FFF,-5.30377,8.31476e-06
2021-11-01,M2 FFF,-5.06177,2.66658e-05
2021-11-02,M2 FFF,-5.50749,7.56783e-06
2021-11-03,M2 FFF,-4.98239,9.88271e-05
2021-11-04,M2 FFF,-5.06116,2.07274e-05
2021-11-05,M2 FFF,-4.23864,5.37769e-05
2021-11-08,M2 FFF,-5.35639,8.77005e-06
2021-11-09,M2 FFF,-4.15663,6.55082e-05
2021-11-10,M2 FFF,-4.03605,4.03468e-05
2021-11-11,M2 FFF,-5.43328,6.49846e-06
2021-11-12,M2 FFF,-5.22397,1.68061e-05
2021-11-15,M2 FFF,-5.15893,6.78979e-05
2021-11-16,M2 FFF,-5.59721,4.86527e-06
2021-11-17,M2 FFF,-5.39694,5.10574e-06
2021-11-18,M2 FFF,-4.94269,3.69336e-05
2021-11-19,M2 FFF,-5.11348,2.49584e-05
2021-11-22,M2 FFF,-3.67541,0.000157246
2021-11-23,M2 FFF,-1.47945,0.000175973
2021-11-24,M2 FFF,-4.65299,3.00415e-05
2021-11-29,M2 FFF,-4.40785,2.91191e-05
2021-11-30,M2 FFF,-1.08407,0.00102156
2021-12-01,M2 FFF,-2.39346,0.00125331
2021-12-02,M2 FFF,-2.74649,0.0027768
2021-12-03,M2 FFF,-2.07546,0.00149327
2021-12-06,M2 FFF,-3.77159,0.000635608
2021-12-07,M2 FFF,-4.44165,7.32336e-05
2021-12-08,M2 FFF,-4.06073,0.000204899
2021-12-09,M2 FFF,-4.21862,0.000102306
2021-12-10,M2 FFF,-4.25601,8.95579e-05
2021-12-13,M2 FFF,-4.35395,6.74234e-05
2021-12-14,M2 FFF,-4.19422,8.04684e-05
2021-12-15,M2 FFF,-3.2169,0.000651134
2021-12-16,M2 FFF,-3.50411,0.000349678
2021-12-17,M2 FFF,-2.67432,0.000967688
2021-12-20,M2 FFF,-3.51913,0.000200211
2021-12-21,M2 FFF,-4.06964,0.000180894
2021-12-22,M2 FFF,-4.37836,7.88834e-05
2021-12-23,M2 FFF,-4.54912,0.000104995
2021-12-27,M2 FFF,-4.77937,5.14055e-05
2021-12-28,M2 FFF,-4.36692,9.59541e-05
2021-12-29,M2 FFF,-4.79656,5.233e-05
2021-12-30,M2 FFF,-5.06218,2.38456e-05
2021-12-31,M2 FFF,-4.87386,5.28588e-05
2021-01-04,M3 FFF+intraday GARCH,-2.97322,0.000581899
2021-01-05,M3 FFF+intraday GARCH,-3.96232,0.000173195
2021-01-06,M3 FFF+intraday GARCH,-3.27665,0.00100943
2021-01-07,M3 FFF+intraday GARCH,-4.35004,0.000234684
2021-01-08,M3 FFF+intraday GARCH,-3.71112,0.000198867
2021-01-11,M3 FFF+intraday GARCH,-4.46764,4.44378e-05
2021-01-12,M3 FFF+intraday GARCH,-4.20084,6.34901e-05
2021-01-13,M3 FFF+intraday GARCH,-4.83704,4.80468e-05
2021-01-14,M3 FFF+intraday GARCH,-4.96558,3.55742e-05
2021-01-15,M3 FFF+intraday GARCH,-3.7872,0.000535747
2021-01-19,M3 FFF+intraday GARCH,-4.95054,2.36854e-05
2021-01-20,M3 FFF+intraday GARCH,-4.94928,2.04377e-05
2021-01-21,M3 FFF+intraday GARCH,-5.33661,1.34205e-05
2021-01-22,M3 FFF+intraday GARCH,-5.13222,2.83639e-05
2021-01-25,M3 FFF+intraday GARCH,-3.25851,0.00141665
2021-01-26,M3 FFF+intraday GARCH,-4.7915,3.13381e-05
2021-01-27,M3 FFF+intraday GARCH,-2.58757,0.00160993
2021-01-28,M3 FFF+intraday GARCH,-3.61276,0.0019276
2021-01-29,M3 FFF+intraday GARCH,-2.34376,0.00221083
2021-02-01,M3 FFF+intraday GARCH,-3.85573,0.000388049
2021-02-02,M3 FFF+intraday GARCH,-4.5453,9.42737e-05
2021-02-03,M3 FFF+intraday GARCH,-4.60289,6.51821e-05
2021-02-04,M3 FFF+intraday GARCH,-5.36819,2.89454e-05
2021-02-05,M3 FFF+intraday GARCH,-5.20248,8.11008e-06
2021-02-08,M3 FFF+intraday GARCH,-5.45556,8.15059e-06
2021-02-09,M3 FFF+intraday GARCH,-5.76186,3.08922e-06
2021-02-10,M3 FFF+intraday GARCH,-3.55675,0.000523923
2021-02-11,M3 FFF+intraday GARCH,-4.20834,9.48262e-05
2021-02-12,M3 FFF+intraday GARCH,-5.31423,2.6755e-05
2021-02-16,M3 FFF+intraday GARCH,-4.36413,8.61916e-05
2021-02-17,M3 FFF+intraday GARCH,-4.65311,4.30083e-05
2021-02-18,M3 FFF+intraday GARCH,-4.48802,4.11032e-05
2021-02-19,M3 FFF+intraday GARCH,-4.5594,2.84422e-05
2021-02-22,M3 FFF+intraday GARCH,-4.80907,9.72939e-05
2021-02-23,M3 FFF+intraday GARCH,-2.96721,0.000597308
2021-02-24,M3 FFF+intraday GARCH,-4.22152,7.33084e-05
2021-02-25,M3 FFF+intraday GARCH,-2.9131,0.000483862
2021-02-26,M3 FFF+intraday GARCH,-2.4341,0.00413095
2021-03-01,M3 FFF+intraday GARCH,-4.29069,0.000407758
2021-03-02,M3 FFF+intraday GARCH,-3.69121,0.000206654
2021-03-03,M3 FFF+intraday GARCH,-3.20773,0.000631276
2021-03-04,M3 FFF+intraday GARCH,-1.91103,0.00385037
2021-03-05,M3 FFF+intraday GARCH,-2.59361,0.00191521
2021-03-08,M3 FFF+intraday GARCH,-3.01622,0.000750168
2021-03-09,M3 FFF+intraday GARCH,-4.25134,0.000191663
2021-03-10,M3 FFF+intraday GARCH,-3.58775,0.00013439
2021-03-11,M3 FFF+intraday GARCH,-4.76221,2.55924e-05
2021-03-12,M3 FFF+intraday GARCH,-4.62959,4.19081e-05
2021-03-15,M3 FFF+intraday GARCH,-4.95532,2.94921e-05
2021-03-16,M3 FFF+intraday GARCH,-4.86813,1.49327e-05
2021-03-17,M3 FFF+intraday GARCH,-3.74492,0.000382119
2021-03-18,M3 FFF+intraday GARCH,-3.95561,0.000121965
2021-03-19,M3 FFF+intraday GARCH,-3.97662,0.000212434
2021-03-22,M3 FFF+intraday GARCH,-5.32905,1.38583e-05
2021-03-23,M3 FFF+intraday GARCH,-4.21598,5.66309e-05
2021-03-24,M3 FFF+intraday GARCH,-3.77126,0.000212375
2021-03-25,M3 FFF+intraday GARCH,-3.47914,0.000224997
2021-03-26,M3 FFF+intraday GARCH,-3.88268,0.000555773
2021-03-29,M3 FFF+intraday GARCH,-3.87624,0.000115732
2021-03-30,M3 FFF+intraday GARCH,-4.4909,0.000102107
2021-03-31,M3 FFF+intraday GARCH,-5.45196,9.69859e-06
2021-04-01,M3 FFF+intraday GARCH,-5.62715,5.5703e-06
2021-04-05,M3 FFF+intraday GARCH,-5.25928,8.88657e-06
2021-04-06,M3 FFF+intraday GARCH,-5.66077,7.35524e-06
2021-04-07,M3 FFF+intraday GARCH,-5.23761,9.47442e-06
2021-04-08,M3 FFF+intraday GARCH,-5.97632,2.06562e-06
2021-04-09,M3 FFF+intraday GARCH,-5.85751,5.17926e-06
2021-04-12,M3 FFF+intraday GARCH,-5.31718,7.24105e-06
2021-04-13,M3 FFF+intraday GARCH,-6.08152,2.09363e-06
2021-04-14,M3 FFF+intraday GARCH,-4.43963,5.83835e-05
2021-04-15,M3 FFF+intraday GARCH,-5.41028,1.088e-05
2021-04-16,M3 FFF+intraday GARCH,-5.64121,9.59631e-06
2021-04-19,M3 FFF+intraday GARCH,-4.32274,5.4906e-05
2021-04-20,M3 FFF+intraday GARCH,-4.42091,3.75086e-05
2021-04-21,M3 FFF+intraday GARCH,-5.17542,2.5174e-05
2021-04-22,M3 FFF+intraday GARCH,-2.86591,0.000795604
2021-04-23,M3 FFF+intraday GARCH,-5.14664,3.65879e-05
2021-04-26,M3 FFF+intraday GARCH,-5.30644,2.34471e-05
2021-04-27,M3 FFF+intraday GARCH,-5.54168,1.802e-05
2021-04-28,M3 FFF+intraday GARCH,-4.90387,5.81251e-05
2021-04-29,M3 FFF+intraday GARCH,-4.63778,2.81877e-05
2021-04-30,M3 FFF+intraday GARCH,-4.76762,1.8806e-05
2021-05-03,M3 FFF+intraday GARCH,-5.41539,7.77292e-06
2021-05-04,M3 FFF+intraday GARCH,-3.82519,0.000224986
2021-05-05,M3 FFF+intraday GARCH,-4.99087,5.71336e-05
2021-05-06,M3 FFF+intraday GARCH,-4.15569,0.000153083
2021-05-07,M3 FFF+intraday GARCH,-4.99422,2.25401e-05
2021-05-10,M3 FFF+intraday GARCH,-4.80895,3.27378e-05
2021-05-11,M3 FFF+intraday GARCH,-3.17972,0.000342132
2021-05-12,M3 FFF+intraday GARCH,-3.59505,0.000168255
2021-05-13,M3 FFF+intraday GARCH,-3.30428,0.000328861
2021-05-14,M3 FFF+intraday GARCH,-4.87203,7.98649e-05
2021-05-17,M3 FFF+intraday GARCH,-4.39314,0.000140051
2021-05-18,M3 FFF+intraday GARCH,-4.68707,8.30031e-05
2021-05-19,M3 FFF+intraday GARCH,-3.06391,0.00114353
2021-05-20,M3 FFF+intraday GARCH,-4.55238,7.07744e-05
2021-05-21,M3 FFF+intraday GARCH,-4.37765,6.44547e-05
2021-05-24,M3 FFF+intraday GARCH,-5.7213,4.35744e-06
2021-05-25,M3 FFF+intraday GARCH,-4.91065,1.64231e-05
2021-05-26,M3 FFF+intraday GARCH,-5.7548,4.12732e-06
2021-05-27,M3 FFF+intraday GARCH,-5.52803,1.25491e-05
2021-05-28,M3 FFF+intraday GARCH,-6.01299,6.31901e-06
2021-06-01,M3 FFF+intraday GARCH,-5.21074,2.70483e-05
2021-06-02,M3 FFF+intraday GARCH,-5.63204,9.52038e-06
2021-06-03,M3 FFF+intraday GARCH,-4.72189,6.12863e-05
2021-06-04,M3 FFF+intraday GARCH,-6.38216,1.19179e-06
2021-06-07,M3 FFF+intraday GARCH,-6.20816,3.26925e-06
2021-06-08,M3 FFF+intraday GARCH,-5.36454,2.24388e-05
2021-06-09,M3 FFF+intraday GARCH,-6.29944,1.05211e-06
2021-06-10,M3 FFF+intraday GARCH,-5.3391,2.49879e-05
2021-06-11,M3 FFF+intraday GARCH,-6.16395,1.79308e-06
2021-06-14,M3 FFF+intraday GARCH,-6.12658,6.84086e-06
2021-06-15,M3 FFF+intraday GARCH,-5.59525,8.18035e-06
2021-06-16,M3 FFF+intraday GARCH,-3.59997,0.00138539
2021-06-17,M3 FFF+intraday GARCH,-4.17854,0.000106973
2021-06-18,M3 FFF+intraday GARCH,-4.01516,0.000246908
2021-06-21,M3 FFF+intraday GARCH,-5.21621,1.94846e-05
2021-06-22,M3 FFF+intraday GARCH,-5.72667,3.43942e-06
2021-06-23,M3 FFF+intraday GARCH,-5.4705,8.47127e-06
2021-06-24,M3 FFF+intraday GARCH,-6.04229,1.94269e-06
2021-06-25,M3 FFF+intraday GARCH,-6.60357,7.01876e-07
2021-06-28,M3 FFF+intraday GARCH,-6.33302,1.28033e-06
2021-06-29,M3 FFF+intraday GARCH,-6.42318,1.03689e-06
2021-06-30,M3 FFF+intraday GARCH,-6.12401,5.43969e-06
2021-07-01,M3 FFF+intraday GARCH,-6.15022,2.25249e-06
2021-07-02,M3 FFF+intraday GARCH,-6.32819,1.33611e-06
2021-07-06,M3 FFF+intraday GARCH,-4.91727,2.38151e-05
2021-07-07,M3 FFF+intraday GARCH,-4.71053,3.41281e-05
2021-07-08,M3 FFF+intraday GARCH,-3.9077,0.000234837
2021-07-09,M3 FFF+intraday GARCH,-5.71418,1.3798e-05
2021-07-12,M3 FFF+intraday GARCH,-6.45274,8.29288e-07
2021-07-13,M3 FFF+intraday GARCH,-5.01958,2.3529e-05
2021-07-14,M3 FFF+intraday GARCH,-5.05558,1.94955e-05
2021-07-15,M3 FFF+intraday GARCH,-4.59883,3.61635e-05
2021-07-16,M3 FFF+intraday GARCH,-4.75944,2.65319e-05
2021-07-19,M3 FFF+intraday GARCH,-3.56969,0.000212777
2021-07-20,M3 FFF+intraday GARCH,-4.3395,0.000153059
2021-07-21,M3 FFF+intraday GARCH,-5.68077,9.21864e-06
2021-07-22,M3 FFF+intraday GARCH,-5.42142,1.15324e-05
2021-07-23,M3 FFF+intraday GARCH,-5.57457,2.87158e-06
2021-07-26,M3 FFF+intraday GARCH,-6.04703,3.82326e-06
2021-07-27,M3 FFF+intraday GARCH,-4.02909,6.2309e-05
2021-07-28,M3 FFF+intraday GARCH,-4.76497,3.15592e-05
2021-07-29,M3 FFF+intraday GARCH,-5.86529,2.98181e-06
2021-07-30,M3 FFF+intraday GARCH,-4.90488,2.82087e-05
2021-08-02,M3 FFF+intraday GARCH,-5.21808,1.10267e-05
2021-08-03,M3 FFF+intraday GARCH,-4.59615,0.0001132
2021-08-04,M3 FFF+intraday GARCH,-5.59369,7.55316e-06
2021-08-05,M3 FFF+intraday GARCH,-6.5014,9.35555e-07
2021-08-06,M3 FFF+intraday GARCH,-6.17367,1.28313e-06
2021-08-09,M3 FFF+intraday GARCH,-6.38714,2.32804e-06
2021-08-10,M3 FFF+intraday GARCH,-5.74915,8.49374e-06
2021-08-11,M3 FFF+intraday GARCH,-6.23788,1.20363e-06
2021-08-12,M3 FFF+intraday GARCH,-6.52799,9.61908e-07
2021-08-13,M3 FFF+intraday GARCH,-6.60698,1.31692e-06
2021-08-16,M3 FFF+intraday GARCH,-5.62527,7.23971e-06
2021-08-17,M3 FFF+intraday GARCH,-4.0877,4.95955e-05
2021-08-18,M3 FFF+intraday GARCH,-4.37837,0.000140778
2021-08-19,M3 FFF+intraday GARCH,-3.77854,0.000173082
2021-08-20,M3 FFF+intraday GARCH,-5.08814,1.87777e-05
2021-08-23,M3 FFF+intraday GARCH,-5.90026,3.21584e-06
2021-08-24,M3 FFF+intraday GARCH,-6.62743,8.90758e-07
2021-08-25,M3 FFF+intraday GARCH,-6.5026,1.06152e-06
2021-08-26,M3 FFF+intraday GARCH,-5.03882,1.2384e-05
2021-08-27,M3 FFF+intraday GARCH,-5.69438,4.91283e-05
2021-08-30,M3 FFF+intraday GARCH,-6.27336,1.80343e-06
2021-08-31,M3 FFF+intraday GARCH,-5.67739,3.67414e-06
2021-09-01,M3 FFF+intraday GARCH,-6.15446,5.39493e-06
2021-09-02,M3 FFF+intraday GARCH,-5.81969,3.47798e-06
2021-09-03,M3 FFF+intraday GARCH,-5.95169,4.93672e-06
2021-09-07,M3 FFF+intraday GARCH,-5.80877,2.16456e-06
2021-09-08,M3 FFF+intraday GARCH,-4.85535,2.38635e-05
2021-09-09,M3 FFF+intraday GARCH,-4.63611,3.8653e-05
2021-09-10,M3 FFF+intraday GARCH,-4.73702,2.49222e-05
2021-09-13,M3 FFF+intraday GARCH,-4.15449,9.47006e-05
2021-09-14,M3 FFF+intraday GARCH,-4.60609,2.85192e-05
2021-09-15,M3 FFF+intraday GARCH,-4.61778,0.000123061
2021-09-16,M3 FFF+intraday GARCH,-4.38494,6.84103e-05
2021-09-17,M3 FFF+intraday GARCH,-4.09064,6.80706e-05
2021-09-20,M3 FFF+intraday GARCH,-3.49572,0.000170567
2021-09-21,M3 FFF+intraday GARCH,-3.4797,0.000538349
2021-09-22,M3 FFF+intraday GARCH,-4.09226,0.000188596
2021-09-23,M3 FFF+intraday GARCH,-4.93985,0.000106484
2021-09-24,M3 FFF+intraday GARCH,-4.83249,4.86095e-05
2021-09-27,M3 FFF+intraday GARCH,-5.0025,1.32189e-05
2021-09-28,M3 FFF+intraday GARCH,-3.65756,0.000217185
2021-09-29,M3 FFF+intraday GARCH,-3.93891,0.000112378
2021-09-30,M3 FFF+intraday GARCH,-3.23675,0.000302436
2021-10-01,M3 FFF+intraday GARCH,-3.49639,0.000836826
2021-10-04,M3 FFF+intraday GARCH,-3.04228,0.000479431
2021-10-05,M3 FFF+intraday GARCH,-4.46707,7.19338e-05
2021-10-06,M3 FFF+intraday GARCH,-3.18514,0.00124302
2021-10-07,M3 FFF+intraday GARCH,-5.033,2.24174e-05
2021-10-08,M3 FFF+intraday GARCH,-4.57409,6.69476e-05
2021-10-11,M3 FFF+intraday GARCH,-4.44963,3.99703e-05
2021-10-12,M3 FFF+intraday GARCH,-3.97598,0.000126421
2021-10-13,M3 FFF+intraday GARCH,-4.15838,0.000130559
2021-10-14,M3 FFF+intraday GARCH,-5.30947,2.94885e-05
2021-10-15,M3 FFF+intraday GARCH,-5.21057,2.03454e-05
2021-10-18,M3 FFF+intraday GARCH,-5.66045,3.53859e-05
2021-10-19,M3 FFF+intraday GARCH,-5.66263,5.11277e-06
2021-10-20,M3 FFF+intraday GARCH,-5.4097,9.64206e-06
2021-10-21,M3 FFF+intraday GARCH,-5.5842,5.20252e-06
2021-10-22,M3 FFF+intraday GARCH,-4.49335,3.91201e-05
2021-10-25,M3 FFF+intraday GARCH,-5.63673,7.50966e-06
2021-10-26,M3 FFF+intraday GARCH,-4.55126,3.84224e-05
2021-10-27,M3 FFF+intraday GARCH,-4.94778,2.97522e-05
2021-10-28,M3 FFF+intraday GARCH,-5.0422,2.14081e-05
2021-10-29,M3 FFF+intraday GARCH,-5.36189,8.01516e-06
2021-11-01,M3 FFF+intraday GARCH,-5.01714,2.65401e-05
2021-11-02,M3 FFF+intraday GARCH,-5.50015,7.78904e-06
2021-11-03,M3 FFF+intraday GARCH,-4.59438,0.000101601
2021-11-04,M3 FFF+intraday GARCH,-4.96712,2.28129e-05
2021-11-05,M3 FFF+intraday GARCH,-4.61455,5.59782e-05
2021-11-08,M3 FFF+intraday GARCH,-5.30413,1.01773e-05
2021-11-09,M3 FFF+intraday GARCH,-4.58874,5.74172e-05
2021-11-10,M3 FFF+intraday GARCH,-4.54079,3.51073e-05
2021-11-11,M3 FFF+intraday GARCH,-5.58156,7.88291e-06
2021-11-12,M3 FFF+intraday GARCH,-5.22115,1.70682e-05
2021-11-15,M3 FFF+intraday GARCH,-4.79408,7.10128e-05
2021-11-16,M3 FFF+intraday GARCH,-5.78281,3.83128e-06
2021-11-17,M3 FFF+intraday GARCH,-5.38426,4.94542e-06
2021-11-18,M3 FFF+intraday GARCH,-5.00503,3.63565e-05
2021-11-19,M3 FFF+intraday GARCH,-5.04152,2.6446e-05
2021-11-22,M3 FFF+intraday GARCH,-4.3693,0.000139848
2021-11-23,M3 FFF+intraday GARCH,-3.75301,0.00013754
2021-11-24,M3 FFF+intraday GARCH,-4.80745,3.11022e-05
2021-11-29,M3 FFF+intraday GARCH,-4.69521,2.76729e-05
2021-11-30,M3 FFF+intraday GARCH,-3.02932,0.000877453
2021-12-01,M3 FFF+intraday GARCH,-3.0086,0.000959816
2021-12-02,M3 FFF+intraday GARCH,-3.00745,0.00238452
2021-12-03,M3 FFF+intraday GARCH,-2.58679,0.00127777
2021-12-06,M3 FFF+intraday GARCH,-3.84459,0.000601986
2021-12-07,M3 FFF+intraday GARCH,-5.00978,3.78498e-05
2021-12-08,M3 FFF+intraday GARCH,-5.03266,6.0237e-05
2021-12-09,M3 FFF+intraday GARCH,-4.67063,1.89195e-05
2021-12-10,M3 FFF+intraday GARCH,-4.59,5.4018e-05
2021-12-13,M3 FFF+intraday GARCH,-4.52196,4.88169e-05
2021-12-14,M3 FFF+intraday GARCH,-4.21454,8.64981e-05
2021-12-15,M3 FFF+intraday GARCH,-3.56862,0.000538188
2021-12-16,M3 FFF+intraday GARCH,-3.47532,0.000424166
2021-12-17,M3 FFF+intraday GARCH,-3.05869,0.000809128
2021-12-20,M3 FFF+intraday GARCH,-3.49954,0.000205353
2021-12-21,M3 FFF+intraday GARCH,-4.06946,0.000192293
2021-12-22,M3 FFF+intraday GARCH,-4.80223,2.74322e-05
2021-12-23,M3 FFF+intraday GARCH,-5.53991,5.97079e-05
2021-12-27,M3 FFF+intraday GARCH,-5.85355,4.97022e-06
2021-12-28,M3 FFF+intraday GARCH,-4.49887,7.76163e-05
2021-12-29,M3 FFF+intraday GARCH,-5.40713,3.0057e-05
2021-12-30,M3 FFF+intraday GARCH,-5.69519,8.78012e-06
2021-12-31,M3 FFF+intraday GARCH,-4.88856,5.51485e-05
2021-01-04,M4 raw intraday GARCH,-3.01014,0.00056037
2021-01-05,M4 raw intraday GARCH,-3.80423,0.000191306
2021-01-06,M4 raw intraday GARCH,-3.01418,0.000998557
2021-01-07,M4 raw intraday GARCH,-4.26446,0.000174039
2021-01-08,M4 raw intraday GARCH,-3.76749,0.000195838
2021-01-11,M4 raw intraday GARCH,-4.43763,4.24008e-05
2021-01-12,M4 raw intraday GARCH,-4.25212,6.02464e-05
2021-01-13,M4 raw intraday GARCH,-4.72889,5.3821e-05
2021-01-14,M4 raw intraday GARCH,-4.93612,3.77676e-05
2021-01-15,M4 raw intraday GARCH,-3.70276,0.000555435
2021-01-19,M4 raw intraday GARCH,-4.98182,1.79537e-05
2021-01-20,M4 raw intraday GARCH,-4.84916,2.31742e-05
2021-01-21,M4 raw intraday GARCH,-5.261,1.49466e-05
2021-01-22,M4 raw intraday GARCH,-4.93315,3.21477e-05
2021-01-25,M4 raw intraday GARCH,-3.39852,0.0014016
2021-01-26,M4 raw intraday GARCH,-4.75296,3.22853e-05
2021-01-27,M4 raw intraday GARCH,-2.61311,0.00156177
2021-01-28,M4 raw intraday GARCH,-3.52994,0.00193401
2021-01-29,M4 raw intraday GARCH,-2.32957,0.0022958
2021-02-01,M4 raw intraday GARCH,-3.70169,0.000350733
2021-02-02,M4 raw intraday GARCH,-4.4851,9.71786e-05
2021-02-03,M4 raw intraday GARCH,-4.56197,7.30187e-05
2021-02-04,M4 raw intraday GARCH,-5.19227,3.1538e-05
2021-02-05,M4 raw intraday GARCH,-5.16184,8.60799e-06
2021-02-08,M4 raw intraday GARCH,-5.35709,8.70077e-06
2021-02-09,M4 raw intraday GARCH,-5.68677,3.55253e-06
2021-02-10,M4 raw intraday GARCH,-3.67578,0.000529894
2021-02-11,M4 raw intraday GARCH,-4.25602,9.58889e-05
2021-02-12,M4 raw intraday GARCH,-5.25985,2.67456e-05
2021-02-16,M4 raw intraday GARCH,-4.41119,8.60825e-05
2021-02-17,M4 raw intraday GARCH,-4.59531,4.57954e-05
2021-02-18,M4 raw intraday GARCH,-4.44689,4.25288e-05
2021-02-19,M4 raw intraday GARCH,-4.56923,2.79503e-05
2021-02-22,M4 raw intraday GARCH,-4.6573,0.000109967
2021-02-23,M4 raw intraday GARCH,-2.95931,0.000589638
2021-02-24,M4 raw intraday GARCH,-4.16292,8.19856e-05
2021-02-25,M4 raw intraday GARCH,-2.92286,0.000492769
2021-02-26,M4 raw intraday GARCH,-2.34833,0.00446254
2021-03-01,M4 raw intraday GARCH,-4.31383,0.000221558
2021-03-02,M4 raw intraday GARCH,-3.63561,0.000214548
2021-03-03,M4 raw intraday GARCH,-3.08339,0.000677185
2021-03-04,M4 raw intraday GARCH,-1.90725,0.00368322
2021-03-05,M4 raw intraday GARCH,-2.5749,0.00210167
2021-03-08,M4 raw intraday GARCH,-2.86526,0.000887712
2021-03-09,M4 raw intraday GARCH,-4.12025,0.000170117
2021-03-10,M4 raw intraday GARCH,-3.57267,0.000131758
2021-03-11,M4 raw intraday GARCH,-4.74926,2.07746e-05
2021-03-12,M4 raw intraday GARCH,-4.52242,4.56097e-05
2021-03-15,M4 raw intraday GARCH,-4.94012,3.09398e-05
2021-03-16,M4 raw intraday GARCH,-4.89605,1.36437e-05
2021-03-17,M4 raw intraday GARCH,-3.66716,0.000371173
2021-03-18,M4 raw intraday GARCH,-3.96267,0.00010411
2021-03-19,M4 raw intraday GARCH,-3.79047,0.000243916
2021-03-22,M4 raw intraday GARCH,-5.30197,1.43e-05
2021-03-23,M4 raw intraday GARCH,-4.25545,5.38981e-05
2021-03-24,M4 raw intraday GARCH,-3.77801,0.000214644
2021-03-25,M4 raw intraday GARCH,-3.49632,0.000223482
2021-03-26,M4 raw intraday GARCH,-3.83324,0.000615497
2021-03-29,M4 raw intraday GARCH,-3.91328,9.83957e-05
2021-03-30,M4 raw intraday GARCH,-4.37586,0.000107414
2021-03-31,M4 raw intraday GARCH,-5.40366,8.50903e-06
2021-04-01,M4 raw intraday GARCH,-5.58261,5.69e-06
2021-04-05,M4 raw intraday GARCH,-5.20942,9.7083e-06
2021-04-06,M4 raw intraday GARCH,-5.56411,8.3509e-06
2021-04-07,M4 raw intraday GARCH,-5.28304,9.05224e-06
2021-04-08,M4 raw intraday GARCH,-5.9315,2.07503e-06
2021-04-09,M4 raw intraday GARCH,-5.84763,5.00796e-06
2021-04-12,M4 raw intraday GARCH,-5.32083,6.36145e-06
2021-04-13,M4 raw intraday GARCH,-5.98084,2.29765e-06
2021-04-14,M4 raw intraday GARCH,-4.32361,6.05415e-05
2021-04-15,M4 raw intraday GARCH,-5.40185,7.2919e-06
2021-04-16,M4 raw intraday GARCH,-5.48807,1.06095e-05
2021-04-19,M4 raw intraday GARCH,-4.14834,5.856e-05
2021-04-20,M4 raw intraday GARCH,-4.40892,3.82855e-05
2021-04-21,M4 raw intraday GARCH,-5.06695,2.72441e-05
2021-04-22,M4 raw intraday GARCH,-3.0193,0.000726315
2021-04-23,M4 raw intraday GARCH,-5.22237,1.57849e-05
2021-04-26,M4 raw intraday GARCH,-5.20865,2.34116e-05
2021-04-27,M4 raw intraday GARCH,-5.37773,2.1909e-05
2021-04-28,M4 raw intraday GARCH,-4.96451,5.87621e-05
2021-04-29,M4 raw intraday GARCH,-4.7087,2.50393e-05
2021-04-30,M4 raw intraday GARCH,-4.7257,2.00047e-05
2021-05-03,M4 raw intraday GARCH,-5.40149,8.04036e-06
2021-05-04,M4 raw intraday GARCH,-3.64797,0.000240166
2021-05-05,M4 raw intraday GARCH,-4.93181,6.00117e-05
2021-05-06,M4 raw intraday GARCH,-3.79636,0.000172415
2021-05-07,M4 raw intraday GARCH,-4.90324,2.97713e-05
2021-05-10,M4 raw intraday GARCH,-4.74897,3.40969e-05
2021-05-11,M4 raw intraday GARCH,-3.11853,0.000350691
2021-05-12,M4 raw intraday GARCH,-3.59175,0.000156085
2021-05-13,M4 raw intraday GARCH,-3.24876,0.000350239
2021-05-14,M4 raw intraday GARCH,-4.78581,7.28709e-05
2021-05-17,M4 raw intraday GARCH,-4.37338,0.000144753
2021-05-18,M4 raw intraday GARCH,-4.45735,9.55647e-05
2021-05-19,M4 raw intraday GARCH,-2.93807,0.00120743
2021-05-20,M4 raw intraday GARCH,-4.52648,4.1694e-05
2021-05-21,M4 raw intraday GARCH,-4.42771,6.39337e-05
2021-05-24,M4 raw intraday GARCH,-5.77459,2.67747e-06
2021-05-25,M4 raw intraday GARCH,-4.83587,1.77991e-05
2021-05-26,M4 raw intraday GARCH,-5.6628,4.90914e-06
2021-05-27,M4 raw intraday GARCH,-5.52973,1.23173e-05
2021-05-28,M4 raw intraday GARCH,-5.95928,3.72937e-06
2021-06-01,M4 raw intraday GARCH,-5.1096,2.93949e-05
2021-06-02,M4 raw intraday GARCH,-5.55299,1.05035e-05
2021-06-03,M4 raw intraday GARCH,-4.6762,6.39548e-05
2021-06-04,M4 raw intraday GARCH,-6.27647,1.58195e-06
2021-06-07,M4 raw intraday GARCH,-6.02117,3.77118e-06
2021-06-08,M4 raw intraday GARCH,-5.3307,2.34294e-05
2021-06-09,M4 raw intraday GARCH,-6.20098,1.17939e-06
2021-06-10,M4 raw intraday GARCH,-5.22444,2.65339e-05
2021-06-11,M4 raw intraday GARCH,-6.05734,2.00475e-06
2021-06-14,M4 raw intraday GARCH,-5.9857,7.85972e-06
2021-06-15,M4 raw intraday GARCH,-5.51768,8.72998e-06
2021-06-16,M4 raw intraday GARCH,-3.51697,0.00138022
2021-06-17,M4 raw intraday GARCH,-4.18019,0.000102859
2021-06-18,M4 raw intraday GARCH,-3.81673,0.000274286
2021-06-21,M4 raw intraday GARCH,-5.15654,2.05776e-05
2021-06-22,M4 raw intraday GARCH,-5.66739,3.78995e-06
2021-06-23,M4 raw intraday GARCH,-5.46157,9.17418e-06
2021-06-24,M4 raw intraday GARCH,-6.02916,1.82949e-06
2021-06-25,M4 raw intraday GARCH,-6.62679,4.58197e-07
2021-06-28,M4 raw intraday GARCH,-6.19384,1.71836e-06
2021-06-29,M4 raw intraday GARCH,-6.33318,1.10445e-06
2021-06-30,M4 raw intraday GARCH,-5.98032,5.97544e-06
2021-07-01,M4 raw intraday GARCH,-6.06362,2.60148e-06
2021-07-02,M4 raw intraday GARCH,-6.3122,1.29583e-06
2021-07-06,M4 raw intraday GARCH,-4.94527,2.41163e-05
2021-07-07,M4 raw intraday GARCH,-4.65686,3.55534e-05
2021-07-08,M4 raw intraday GARCH,-3.65899,0.000248799
2021-07-09,M4 raw intraday GARCH,-5.68286,1.20371e-05
2021-07-12,M4 raw intraday GARCH,-6.36202,9.3428e-07
2021-07-13,M4 raw intraday GARCH,-5.02516,2.35622e-05
2021-07-14,M4 raw intraday GARCH,-5.07289,1.85934e-05
2021-07-15,M4 raw intraday GARCH,-4.57106,3.76262e-05
2021-07-16,M4 raw intraday GARCH,-4.70891,2.77805e-05
2021-07-19,M4 raw intraday GARCH,-3.42889,0.00024196
2021-07-20,M4 raw intraday GARCH,-4.17066,0.000167667
2021-07-21,M4 raw intraday GARCH,-5.61186,8.08629e-06
2021-07-22,M4 raw intraday GARCH,-5.42864,1.2202e-05
2021-07-23,M4 raw intraday GARCH,-5.50496,3.24935e-06
2021-07-26,M4 raw intraday GARCH,-5.91417,4.41072e-06
2021-07-27,M4 raw intraday GARCH,-4.08293,6.23303e-05
2021-07-28,M4 raw intraday GARCH,-4.68136,3.36462e-05
2021-07-29,M4 raw intraday GARCH,-5.86146,2.23654e-06
2021-07-30,M4 raw intraday GARCH,-4.85375,2.99552e-05
2021-08-02,M4 raw intraday GARCH,-5.26597,9.98495e-06
2021-08-03,M4 raw intraday GARCH,-4.61338,0.000117152
2021-08-04,M4 raw intraday GARCH,-5.43083,8.20856e-06
2021-08-05,M4 raw intraday GARCH,-6.35575,1.1862e-06
2021-08-06,M4 raw intraday GARCH,-6.0607,1.66408e-06
2021-08-09,M4 raw intraday GARCH,-6.21197,2.93703e-06
2021-08-10,M4 raw intraday GARCH,-5.66091,9.01608e-06
2021-08-11,M4 raw intraday GARCH,-6.17127,1.27426e-06
2021-08-12,M4 raw intraday GARCH,-6.39798,1.23277e-06
2021-08-13,M4 raw intraday GARCH,-6.40854,1.67609e-06
2021-08-16,M4 raw intraday GARCH,-5.54797,8.00045e-06
2021-08-17,M4 raw intraday GARCH,-4.07296,4.9992e-05
2021-08-18,M4 raw intraday GARCH,-4.26311,0.000145492
2021-08-19,M4 raw intraday GARCH,-3.73869,0.000175002
2021-08-20,M4 raw intraday GARCH,-5.08099,1.70278e-05
2021-08-23,M4 raw intraday GARCH,-5.84025,3.65413e-06
2021-08-24,M4 raw intraday GARCH,-6.5147,1.04183e-06
2021-08-25,M4 raw intraday GARCH,-6.3668,1.32501e-06
2021-08-26,M4 raw intraday GARCH,-5.0112,1.2902e-05
2021-08-27,M4 raw intraday GARCH,-5.46715,5.28874e-05
2021-08-30,M4 raw intraday GARCH,-6.16046,2.22125e-06
2021-08-31,M4 raw intraday GARCH,-5.59927,4.06189e-06
2021-09-01,M4 raw intraday GARCH,-6.04273,5.93168e-06
2021-09-02,M4 raw intraday GARCH,-5.72348,4.10722e-06
2021-09-03,M4 raw intraday GARCH,-5.885,5.39134e-06
2021-09-07,M4 raw intraday GARCH,-5.73202,2.60392e-06
2021-09-08,M4 raw intraday GARCH,-4.74038,2.4892e-05
2021-09-09,M4 raw intraday GARCH,-4.62494,3.96123e-05
2021-09-10,M4 raw intraday GARCH,-4.68886,2.74817e-05
2021-09-13,M4 raw intraday GARCH,-4.07924,0.000102821
2021-09-14,M4 raw intraday GARCH,-4.55328,2.94631e-05
2021-09-15,M4 raw intraday GARCH,-4.5154,0.000133041
2021-09-16,M4 raw intraday GARCH,-4.29178,7.21042e-05
2021-09-17,M4 raw intraday GARCH,-4.01872,7.13518e-05
2021-09-20,M4 raw intraday GARCH,-3.5063,0.000172591
2021-09-21,M4 raw intraday GARCH,-3.39112,0.000584266
2021-09-22,M4 raw intraday GARCH,-4.01446,0.000177324
2021-09-23,M4 raw intraday GARCH,-4.88531,0.000136295
2021-09-24,M4 raw intraday GARCH,-4.70677,5.52247e-05
2021-09-27,M4 raw intraday GARCH,-4.97423,1.40431e-05
2021-09-28,M4 raw intraday GARCH,-3.56357,0.000223087
2021-09-29,M4 raw intraday GARCH,-3.84876,0.000120823
2021-09-30,M4 raw intraday GARCH,-3.18274,0.000343316
2021-10-01,M4 raw intraday GARCH,-3.45239,0.00084696
2021-10-04,M4 raw intraday GARCH,-2.97043,0.000524352
2021-10-05,M4 raw intraday GARCH,-4.40795,5.95466e-05
2021-10-06,M4 raw intraday GARCH,-3.24316,0.00125432
2021-10-07,M4 raw intraday GARCH,-4.98823,1.96013e-05
2021-10-08,M4 raw intraday GARCH,-4.52556,7.05713e-05
2021-10-11,M4 raw intraday GARCH,-4.3777,4.33714e-05
2021-10-12,M4 raw intraday GARCH,-3.83551,0.000138636
2021-10-13,M4 raw intraday GARCH,-4.08704,0.00014257
2021-10-14,M4 raw intraday GARCH,-5.21025,3.26509e-05
2021-10-15,M4 raw intraday GARCH,-5.13213,2.15562e-05
2021-10-18,M4 raw intraday GARCH,-5.38216,3.87585e-05
2021-10-19,M4 raw intraday GARCH,-5.54348,6.10631e-06
2021-10-20,M4 raw intraday GARCH,-5.32602,1.05172e-05
2021-10-21,M4 raw intraday GARCH,-5.59058,5.01567e-06
2021-10-22,M4 raw intraday GARCH,-4.44481,4.0878e-05
2021-10-25,M4 raw intraday GARCH,-5.55961,9.45926e-06
2021-10-26,M4 raw intraday GARCH,-4.57532,3.97747e-05
2021-10-27,M4 raw intraday GARCH,-4.8614,3.14583e-05
2021-10-28,M4 raw intraday GARCH,-5.04339,2.03308e-05
2021-10-29,M4 raw intraday GARCH,-5.25935,9.53783e-06
2021-11-01,M4 raw intraday GARCH,-4.92674,2.98731e-05
2021-11-02,M4 raw intraday GARCH,-5.38484,9.52875e-06
2021-11-03,M4 raw intraday GARCH,-4.46454,0.000102641
2021-11-04,M4 raw intraday GARCH,-4.87017,2.34597e-05
2021-11-05,M4 raw intraday GARCH,-4.70482,5.06924e-05
2021-11-08,M4 raw intraday GARCH,-5.23205,1.08692e-05
2021-11-09,M4 raw intraday GARCH,-4.54221,6.08847e-05
2021-11-10,M4 raw intraday GARCH,-4.53262,3.62153e-05
2021-11-11,M4 raw intraday GARCH,-5.60886,4.05113e-06
2021-11-12,M4 raw intraday GARCH,-5.15851,1.81226e-05
2021-11-15,M4 raw intraday GARCH,-4.74183,7.51182e-05
2021-11-16,M4 raw intraday GARCH,-5.69017,4.82797e-06
2021-11-17,M4 raw intraday GARCH,-5.4029,5.21163e-06
2021-11-18,M4 raw intraday GARCH,-5.03514,3.83489e-05
2021-11-19,M4 raw intraday GARCH,-5.00316,2.78358e-05
2021-11-22,M4 raw intraday GARCH,-4.31287,0.000151149
2021-11-23,M4 raw intraday GARCH,-3.71918,0.000143911
2021-11-24,M4 raw intraday GARCH,-4.71116,2.97328e-05
2021-11-29,M4 raw intraday GARCH,-4.69415,2.8875e-05
2021-11-30,M4 raw intraday GARCH,-3.06182,0.000881809
2021-12-01,M4 raw intraday GARCH,-2.9937,0.00112884
2021-12-02,M4 raw intraday GARCH,-2.85452,0.00278761
2021-12-03,M4 raw intraday GARCH,-2.50246,0.00142288
2021-12-06,M4 raw intraday GARCH,-3.77348,0.000668059
2021-12-07,M4 raw intraday GARCH,-4.87878,4.37983e-05
2021-12-08,M4 raw intraday GARCH,-4.91966,6.70286e-05
2021-12-09,M4 raw intraday GARCH,-4.6406,2.08802e-05
2021-12-10,M4 raw intraday GARCH,-4.57046,5.65745e-05
2021-12-13,M4 raw intraday GARCH,-4.39896,5.34439e-05
2021-12-14,M4 raw intraday GARCH,-4.06817,0.000100625
2021-12-15,M4 raw intraday GARCH,-3.54891,0.000567693
2021-12-16,M4 raw intraday GARCH,-3.47244,0.000376633
2021-12-17,M4 raw intraday GARCH,-2.95032,0.000912919
2021-12-20,M4 raw intraday GARCH,-3.51111,0.000219145
2021-12-21,M4 raw intraday GARCH,-3.92759,0.000200714
2021-12-22,M4 raw intraday GARCH,-4.74797,2.68481e-05
2021-12-23,M4 raw intraday GARCH,-5.2514,6.71684e-05
2021-12-27,M4 raw intraday GARCH,-5.74261,5.70902e-06
2021-12-28,M4 raw intraday GARCH,-4.37816,8.23016e-05
2021-12-29,M4 raw intraday GARCH,-5.29727,3.21154e-05
2021-12-30,M4 raw intraday GARCH,-5.59036,9.94941e-06
2021-12-31,M4 raw intraday GARCH,-4.73127,5.88212e-05
2022-01-03,M0 flat,-3.97011,0.000688486
2022-01-04,M0 flat,-4.73737,2.25235e-05
2022-01-05,M0 flat,-3.94919,9.3159e-05
2022-01-06,M0 flat,-3.74127,0.000250079
2022-01-07,M0 flat,-4.2461,6.84418e-05
2022-01-10,M0 flat,-3.01111,0.000464555
2022-01-11,M0 flat,-3.8406,0.000205572
2022-01-12,M0 flat,-4.44407,3.948e-05
2022-01-13,M0 flat,-3.52832,0.000199875
2022-01-14,M0 flat,-3.06693,0.000513021
2022-01-18,M0 flat,-3.26516,0.000271489
2022-01-19,M0 flat,-3.57003,0.000211938
2022-01-20,M0 flat,-3.42719,0.000381129
2022-01-21,M0 flat,-2.03022,0.00223123
2022-01-24,M0 flat,0.666937,0.0141861
2022-01-25,M0 flat,-0.354448,0.0061525
2022-01-26,M0 flat,0.462198,0.0230347
2022-01-27,M0 flat,-1.05499,0.00324658
2022-01-28,M0 flat,-1.08572,0.00284507
2022-01-31,M0 flat,-3.32212,0.000345617
2022-02-01,M0 flat,-3.31884,0.000869437
2022-02-02,M0 flat,-3.32936,0.000976745
2022-02-03,M0 flat,-2.84207,0.00293621
2022-02-04,M0 flat,-3.01223,0.000829823
2022-02-07,M0 flat,-3.26894,0.000327217
2022-02-08,M0 flat,-3.85924,0.000185258
2022-02-09,M0 flat,-4.53001,2.64129e-05
2022-02-10,M0 flat,-2.3507,0.00141681
2022-02-11,M0 flat,-2.24229,0.00183646
2022-02-14,M0 flat,-2.98329,0.00111236
2022-02-15,M0 flat,-3.88589,0.000130568
2022-02-16,M0 flat,-3.70235,0.000341759
2022-02-17,M0 flat,-3.85438,0.0002028
2022-02-18,M0 flat,-3.03806,0.000687494
2022-02-22,M0 flat,-2.11149,0.0022555
2022-02-23,M0 flat,-3.0823,0.000508078
2022-02-24,M0 flat,-0.669667,0.00923452
2022-02-25,M0 flat,-3.01023,0.00079746
2022-02-28,M0 flat,-2.64471,0.00181348
2022-03-01,M0 flat,-2.70578,0.00113267
2022-03-02,M0 flat,-2.80345,0.00254343
2022-03-03,M0 flat,-2.91496,0.00276289
2022-03-04,M0 flat,-2.63081,0.00126832
2022-03-07,M0 flat,-2.9236,0.000537126
2022-03-08,M0 flat,-1.46039,0.00550984
2022-03-09,M0 flat,-3.2453,0.000533499
2022-03-10,M0 flat,-2.92209,0.000791762
2022-03-11,M0 flat,-3.27618,0.000444916
2022-03-14,M0 flat,-3.20686,0.000492558
2022-03-15,M0 flat,-3.20837,0.000455364
2022-03-16,M0 flat,-2.22179,0.00329926
2022-03-17,M0 flat,-3.35022,0.00035001
2022-03-18,M0 flat,-3.65236,0.000234577
2022-03-21,M0 flat,-3.22407,0.000716993
2022-03-22,M0 flat,-3.98018,0.000160658
2022-03-23,M0 flat,-3.86483,8.97984e-05
2022-03-24,M0 flat,-3.95688,0.000135837
2022-03-25,M0 flat,-3.76097,0.000134876
2022-03-28,M0 flat,-4.07613,9.48006e-05
2022-03-29,M0 flat,-4.13575,7.03343e-05
2022-03-30,M0 flat,-4.16275,0.00020709
2022-03-31,M0 flat,-3.98173,0.000193545
2022-04-01,M0 flat,-3.82921,0.000204379
2022-04-04,M0 flat,-4.58591,4.08425e-05
2022-04-05,M0 flat,-3.52881,0.00114547
2022-04-06,M0 flat,-2.71718,0.00171006
2022-04-07,M0 flat,-3.71974,0.000172868
2022-04-08,M0 flat,-3.84305,0.000257412
2022-04-11,M0 flat,-4.27188,4.5015e-05
2022-04-12,M0 flat,-3.67114,0.000163088
2022-04-13,M0 flat,-4.19672,9.22557e-05
2022-04-14,M0 flat,-3.87,0.000332845
2022-04-18,M0 flat,-3.49289,0.000382421
2022-04-19,M0 flat,-3.69254,0.000555874
2022-04-20,M0 flat,-3.73928,0.000194142
2022-04-21,M0 flat,-2.75197,0.000524172
2022-04-22,M0 flat,-2.61815,0.00111203
2022-04-25,M0 flat,-2.53802,0.00125721
2022-04-26,M0 flat,-2.82836,0.00121658
2022-04-27,M0 flat,-2.54257,0.00229222
2022-04-28,M0 flat,-2.9638,0.000985896
2022-04-29,M0 flat,-2.88194,0.00147672
2022-05-02,M0 flat,-2.11656,0.00300406
2022-05-03,M0 flat,-2.76968,0.00137755
2022-05-04,M0 flat,-1.58253,0.0174544
2022-05-05,M0 flat,-2.07039,0.00385852
2022-05-06,M0 flat,-1.91616,0.00644072
2022-05-09,M0 flat,-2.33309,0.0021221
2022-05-10,M0 flat,-2.16759,0.00253558
2022-05-11,M0 flat,-1.72652,0.01016
2022-05-12,M0 flat,-1.57938,0.00572063
2022-05-13,M0 flat,-2.72785,0.00177544
2022-05-16,M0 flat,-2.88961,0.00120486
2022-05-17,M0 flat,-3.09707,0.00099885
2022-05-18,M0 flat,-2.89458,0.000856299
2022-05-19,M0 flat,-2.20773,0.00301807
2022-05-20,M0 flat,-2.43487,0.00249992
2022-05-23,M0 flat,-2.82997,0.000836432
2022-05-24,M0 flat,-2.62933,0.00131707
2022-05-25,M0 flat,-3.0277,0.000687403
2022-05-26,M0 flat,-3.68444,0.000181932
2022-05-27,M0 flat,-3.67917,0.000323245
2022-05-31,M0 flat,-2.97203,0.00045612
2022-06-01,M0 flat,-3.03371,0.000620628
2022-06-02,M0 flat,-3.18529,0.00117889
2022-06-03,M0 flat,-3.22164,0.000540452
2022-06-06,M0 flat,-3.43463,0.000555564
2022-06-07,M0 flat,-3.75913,0.000216792
2022-06-08,M0 flat,-3.2301,0.000621999
2022-06-09,M0 flat,-2.78029,0.00074494
2022-06-10,M0 flat,-2.75742,0.00116961
2022-06-13,M0 flat,-2.67418,0.00110061
2022-06-14,M0 flat,-2.35677,0.00243792
2022-06-15,M0 flat,-1.55083,0.0390221
2022-06-16,M0 flat,-2.49536,0.00151066
2022-06-17,M0 flat,-2.44131,0.0014983
2022-06-21,M0 flat,-3.25244,0.00068777
2022-06-22,M0 flat,-2.83825,0.00108079
2022-06-23,M0 flat,-2.98808,0.00122615
2022-06-24,M0 flat,-3.4029,0.00140748
2022-06-27,M0 flat,-3.0496,0.000727931
2022-06-28,M0 flat,-3.12989,0.000393288
2022-06-29,M0 flat,-2.97534,0.00139511
2022-06-30,M0 flat,-2.2334,0.00206251
2022-07-01,M0 flat,-2.76303,0.00205973
2022-07-05,M0 flat,-2.82958,0.001227
2022-07-06,M0 flat,-2.37256,0.00225496
2022-07-07,M0 flat,-4.29724,6.94306e-05
2022-07-08,M0 flat,-3.38532,0.000286964
2022-07-11,M0 flat,-3.89964,0.000446134
2022-07-12,M0 flat,-3.09103,0.000711422
2022-07-13,M0 flat,-1.55666,0.00303873
2022-07-14,M0 flat,-2.81096,0.000614846
2022-07-15,M0 flat,-3.86659,0.000340378
2022-07-18,M0 flat,-3.75723,0.000239845
2022-07-19,M0 flat,-4.00214,7.86341e-05
2022-07-20,M0 flat,-3.26732,0.000361744
2022-07-21,M0 flat,-3.07507,0.000597513
2022-07-22,M0 flat,-3.31128,0.000468186
2022-07-25,M0 flat,-3.87212,0.00016761
2022-07-26,M0 flat,-3.90575,0.000116881
2022-07-27,M0 flat,-2.57773,0.00347828
2022-07-28,M0 flat,-3.54811,0.000465778
2022-07-29,M0 flat,-3.82601,0.000155386
2022-08-01,M0 flat,-3.36125,0.000386878
2022-08-02,M0 flat,-3.52703,0.000219787
2022-08-03,M0 flat,-3.96723,0.000193189
2022-08-04,M0 flat,-3.94685,0.000180264
2022-08-05,M0 flat,-3.97514,0.000111213
2022-08-08,M0 flat,-3.68421,0.000173701
2022-08-09,M0 flat,-4.26886,9.50875e-05
2022-08-10,M0 flat,-4.20419,0.000105461
2022-08-11,M0 flat,-3.96412,9.23897e-05
2022-08-12,M0 flat,-4.42179,7.09578e-05
2022-08-15,M0 flat,-4.30624,9.71929e-05
2022-08-16,M0 flat,-4.14017,0.000102845
2022-08-17,M0 flat,-3.9264,0.000139976
2022-08-18,M0 flat,-4.37259,7.50904e-05
2022-08-19,M0 flat,-4.59118,4.34884e-05
2022-08-22,M0 flat,-4.24579,8.18115e-05
2022-08-23,M0 flat,-3.5672,0.000332704
2022-08-24,M0 flat,-4.14861,0.000105858
2022-08-25,M0 flat,-4.0735,9.72257e-05
2022-08-26,M0 flat,-0.384228,0.0191001
2022-08-29,M0 flat,-3.20478,0.000406453
2022-08-30,M0 flat,-2.98055,0.000806438
2022-08-31,M0 flat,-3.29454,0.000631765
2022-09-01,M0 flat,-3.07847,0.000693735
2022-09-02,M0 flat,-2.70309,0.00101889
2022-09-06,M0 flat,-2.43076,0.0015608
2022-09-07,M0 flat,-3.63841,0.000187034
2022-09-08,M0 flat,-2.63789,0.00225067
2022-09-09,M0 flat,-4.04364,9.2092e-05
2022-09-12,M0 flat,-3.95746,7.53365e-05
2022-09-13,M0 flat,-3.65616,0.000215188
2022-09-14,M0 flat,-2.74473,0.00138879
2022-09-15,M0 flat,-2.93808,0.000933314
2022-09-16,M0 flat,-3.05575,0.00061604
2022-09-19,M0 flat,-3.41423,0.00028175
2022-09-20,M0 flat,-3.52542,0.000240895
2022-09-21,M0 flat,1.80062,0.105649
2022-09-22,M0 flat,-2.84603,0.00110837
2022-09-23,M0 flat,-3.08857,0.000522193
2022-09-26,M0 flat,-2.62042,0.00192131
2022-09-27,M0 flat,-2.40128,0.00134436
2022-09-28,M0 flat,-2.93463,0.000866457
2022-09-29,M0 flat,-2.84363,0.00126779
2022-09-30,M0 flat,-2.94458,0.00154445
2022-10-03,M0 flat,-3.26908,0.00134092
2022-10-04,M0 flat,-3.35139,0.00034562
2022-10-05,M0 flat,-2.9644,0.00118942
2022-10-06,M0 flat,-2.95155,0.00115185
2022-10-07,M0 flat,-3.28358,0.000582275
2022-10-10,M0 flat,-2.80381,0.00189482
2022-10-11,M0 flat,-2.97922,0.00107066
2022-10-12,M0 flat,-3.19225,0.00095042
2022-10-13,M0 flat,-1.04786,0.0125922
2022-10-14,M0 flat,-1.69221,0.00888506
2022-10-17,M0 flat,-3.15611,0.000872523
2022-10-18,M0 flat,-2.74293,0.00121565
2022-10-19,M0 flat,-3.02357,0.000657114
2022-10-20,M0 flat,-2.93413,0.000774667
2022-10-21,M0 flat,-2.70465,0.00082212
2022-10-24,M0 flat,-2.67205,0.00399587
2022-10-25,M0 flat,-3.3871,0.00108859
2022-10-26,M0 flat,-3.20534,0.000522677
2022-10-27,M0 flat,-2.20512,0.00404573
2022-10-28,M0 flat,-3.85211,0.000185556
2022-10-31,M0 flat,-3.14915,0.000651931
2022-11-01,M0 flat,-3.25348,0.000910301
2022-11-02,M0 flat,-1.37084,0.0220218
2022-11-03,M0 flat,-3.03093,0.000839103
2022-11-04,M0 flat,-2.09549,0.00416481
2022-11-07,M0 flat,-3.57781,0.000395243
2022-11-08,M0 flat,-3.13981,0.000656754
2022-11-09,M0 flat,-3.2582,0.00043977
2022-11-10,M0 flat,-3.16758,0.000612798
2022-11-11,M0 flat,-2.68336,0.00258837
2022-11-14,M0 flat,-2.90563,0.00149554
2022-11-15,M0 flat,-2.68691,0.00123722
2022-11-16,M0 flat,-3.45377,0.00041679
2022-11-17,M0 flat,-3.50569,0.0005257
2022-11-18,M0 flat,-3.49467,0.000364297
2022-11-21,M0 flat,-4.05322,0.000112752
2022-11-22,M0 flat,-4.41584,5.68702e-05
2022-11-23,M0 flat,-3.91345,0.000448925
2022-11-28,M0 flat,-4.37797,6.64993e-05
2022-11-29,M0 flat,-3.86947,0.000178548
2022-11-30,M0 flat,-2.64996,0.00187865
2022-12-01,M0 flat,-3.30379,0.000452594
2022-12-02,M0 flat,-3.63324,0.000230179
2022-12-05,M0 flat,-3.90028,0.000114079
2022-12-06,M0 flat,-3.62171,0.000244979
2022-12-07,M0 flat,-3.46074,0.000381978
2022-12-08,M0 flat,-3.74785,0.000190152
2022-12-09,M0 flat,-3.95403,9.88456e-05
2022-12-12,M0 flat,-4.1277,6.26662e-05
2022-12-13,M0 flat,-0.935565,0.00365651
2022-12-14,M0 flat,0.909636,0.0228766
2022-12-15,M0 flat,-3.12421,0.000356379
2022-12-16,M0 flat,-3.24214,0.000417836
2022-12-19,M0 flat,-3.52396,0.00023268
2022-12-20,M0 flat,-3.57392,0.000445617
2022-12-21,M0 flat,-3.8695,0.000112489
2022-12-22,M0 flat,-3.5268,0.000291615
2022-12-23,M0 flat,-3.29549,0.00103142
2022-12-27,M0 flat,-3.94868,0.000110719
2022-12-28,M0 flat,-3.72287,0.000233222
2022-12-29,M0 flat,-4.23673,6.97072e-05
2022-12-30,M0 flat,-3.50361,0.000595167
2022-01-03,M1 hist. profile,-4.45416,0.000667835
2022-01-04,M1 hist. profile,-4.81424,2.10373e-05
2022-01-05,M1 hist. profile,-4.02881,8.99114e-05
2022-01-06,M1 hist. profile,-3.9031,0.00021434
2022-01-07,M1 hist. profile,-4.31501,6.55309e-05
2022-01-10,M1 hist. profile,-3.12161,0.000438296
2022-01-11,M1 hist. profile,-4.04533,0.000186454
2022-01-12,M1 hist. profile,-4.52479,3.80506e-05
2022-01-13,M1 hist. profile,-3.35784,0.000202586
2022-01-14,M1 hist. profile,-3.18038,0.000472779
2022-01-18,M1 hist. profile,-3.44055,0.000249422
2022-01-19,M1 hist. profile,-3.67224,0.00017549
2022-01-20,M1 hist. profile,-3.53841,0.00035928
2022-01-21,M1 hist. profile,-2.17291,0.00210911
2022-01-24,M1 hist. profile,1.05373,0.0141323
2022-01-25,M1 hist. profile,-0.370747,0.00600819
2022-01-26,M1 hist. profile,0.632313,0.0230456
2022-01-27,M1 hist. profile,-0.921976,0.00320041
2022-01-28,M1 hist. profile,-1.15139,0.00280438
2022-01-31,M1 hist. profile,-3.38954,0.000333913
2022-02-01,M1 hist. profile,-3.52929,0.000726455
2022-02-02,M1 hist. profile,-3.17687,0.000982664
2022-02-03,M1 hist. profile,-3.01335,0.00286642
2022-02-04,M1 hist. profile,-3.21477,0.000759073
2022-02-07,M1 hist. profile,-3.42869,0.000291118
2022-02-08,M1 hist. profile,-3.96333,0.000173368
2022-02-09,M1 hist. profile,-4.60179,2.58918e-05
2022-02-10,M1 hist. profile,-2.13868,0.00139415
2022-02-11,M1 hist. profile,-2.13083,0.00183236
2022-02-14,M1 hist. profile,-2.95535,0.00108886
2022-02-15,M1 hist. profile,-3.91018,0.000155928
2022-02-16,M1 hist. profile,-3.74661,0.000354011
2022-02-17,M1 hist. profile,-3.93944,0.000188308
2022-02-18,M1 hist. profile,-3.03822,0.000683414
2022-02-22,M1 hist. profile,-2.25722,0.00215832
2022-02-23,M1 hist. profile,-2.98147,0.000515538
2022-02-24,M1 hist. profile,-0.605386,0.0089472
2022-02-25,M1 hist. profile,-3.16402,0.000709965
2022-02-28,M1 hist. profile,-2.68676,0.00176784
2022-03-01,M1 hist. profile,-2.76603,0.00110042
2022-03-02,M1 hist. profile,-3.10072,0.00235925
2022-03-03,M1 hist. profile,-2.75551,0.00284269
2022-03-04,M1 hist. profile,-2.57987,0.00124507
2022-03-07,M1 hist. profile,-2.92816,0.000523223
2022-03-08,M1 hist. profile,-1.39676,0.00529421
2022-03-09,M1 hist. profile,-3.33171,0.000481778
2022-03-10,M1 hist. profile,-3.02005,0.000718937
2022-03-11,M1 hist. profile,-3.31124,0.000423574
2022-03-14,M1 hist. profile,-3.24741,0.000471241
2022-03-15,M1 hist. profile,-3.23812,0.000429432
2022-03-16,M1 hist. profile,-2.32877,0.00319024
2022-03-17,M1 hist. profile,-3.3984,0.000406811
2022-03-18,M1 hist. profile,-3.729,0.000256844
2022-03-21,M1 hist. profile,-3.1597,0.000760331
2022-03-22,M1 hist. profile,-4.09031,0.000139118
2022-03-23,M1 hist. profile,-3.87481,0.000103191
2022-03-24,M1 hist. profile,-4.07903,0.0001143
2022-03-25,M1 hist. profile,-3.77258,0.000149748
2022-03-28,M1 hist. profile,-4.1481,9.14984e-05
2022-03-29,M1 hist. profile,-4.21163,5.89289e-05
2022-03-30,M1 hist. profile,-4.34745,0.000181942
2022-03-31,M1 hist. profile,-4.18966,0.000165827
2022-04-01,M1 hist. profile,-3.91233,0.000197376
2022-04-04,M1 hist. profile,-4.70122,3.82754e-05
2022-04-05,M1 hist. profile,-3.77291,0.00111801
2022-04-06,M1 hist. profile,-2.74071,0.00170819
2022-04-07,M1 hist. profile,-3.74869,0.000162855
2022-04-08,M1 hist. profile,-3.98729,0.000242285
2022-04-11,M1 hist. profile,-4.36262,3.72018e-05
2022-04-12,M1 hist. profile,-3.69064,0.000159521
2022-04-13,M1 hist. profile,-4.30198,9.03054e-05
2022-04-14,M1 hist. profile,-4.03352,0.000307575
2022-04-18,M1 hist. profile,-3.59304,0.000353175
2022-04-19,M1 hist. profile,-3.8733,0.000531621
2022-04-20,M1 hist. profile,-3.80095,0.000186005
2022-04-21,M1 hist. profile,-2.74293,0.00051325
2022-04-22,M1 hist. profile,-2.81889,0.00102663
2022-04-25,M1 hist. profile,-2.49952,0.00137176
2022-04-26,M1 hist. profile,-2.65113,0.00131836
2022-04-27,M1 hist. profile,-2.62594,0.00206247
2022-04-28,M1 hist. profile,-3.02683,0.000915042
2022-04-29,M1 hist. profile,-2.95753,0.00142766
2022-05-02,M1 hist. profile,-2.21904,0.00280962
2022-05-03,M1 hist. profile,-2.85859,0.00129102
2022-05-04,M1 hist. profile,-1.28875,0.017645
2022-05-05,M1 hist. profile,-2.06709,0.00376912
2022-05-06,M1 hist. profile,-1.91775,0.00640949
2022-05-09,M1 hist. profile,-2.32966,0.00207364
2022-05-10,M1 hist. profile,-2.05615,0.00291475
2022-05-11,M1 hist. profile,-1.81304,0.00963016
2022-05-12,M1 hist. profile,-1.73593,0.00535019
2022-05-13,M1 hist. profile,-2.84307,0.00165019
2022-05-16,M1 hist. profile,-3.02363,0.0010239
2022-05-17,M1 hist. profile,-3.1699,0.000982776
2022-05-18,M1 hist. profile,-2.8481,0.000881862
2022-05-19,M1 hist. profile,-2.24303,0.00275023
2022-05-20,M1 hist. profile,-2.37724,0.00278152
2022-05-23,M1 hist. profile,-2.94159,0.000596792
2022-05-24,M1 hist. profile,-2.64981,0.00134673
2022-05-25,M1 hist. profile,-3.08554,0.000667127
2022-05-26,M1 hist. profile,-3.76679,0.000183128
2022-05-27,M1 hist. profile,-3.81529,0.000259996
2022-05-31,M1 hist. profile,-2.98786,0.000529082
2022-06-01,M1 hist. profile,-3.13047,0.000547035
2022-06-02,M1 hist. profile,-3.31281,0.00113818
2022-06-03,M1 hist. profile,-3.19686,0.000561479
2022-06-06,M1 hist. profile,-3.48465,0.000564699
2022-06-07,M1 hist. profile,-3.84392,0.00021944
2022-06-08,M1 hist. profile,-3.29941,0.000588181
2022-06-09,M1 hist. profile,-3.01042,0.000653791
2022-06-10,M1 hist. profile,-2.88642,0.00097335
2022-06-13,M1 hist. profile,-2.60312,0.00130966
2022-06-14,M1 hist. profile,-2.43256,0.00244025
2022-06-15,M1 hist. profile,-1.48647,0.039442
2022-06-16,M1 hist. profile,-2.51784,0.00146898
2022-06-17,M1 hist. profile,-2.4862,0.00154607
2022-06-21,M1 hist. profile,-3.33923,0.000717852
2022-06-22,M1 hist. profile,-2.94937,0.000966457
2022-06-23,M1 hist. profile,-3.11417,0.00116869
2022-06-24,M1 hist. profile,-3.67838,0.00115596
2022-06-27,M1 hist. profile,-3.19001,0.000542924
2022-06-28,M1 hist. profile,-3.13419,0.000447604
2022-06-29,M1 hist. profile,-3.07208,0.00131006
2022-06-30,M1 hist. profile,-2.27335,0.00193453
2022-07-01,M1 hist. profile,-2.88094,0.00195971
2022-07-05,M1 hist. profile,-2.88277,0.001195
2022-07-06,M1 hist. profile,-2.72706,0.00212663
2022-07-07,M1 hist. profile,-4.41678,5.86761e-05
2022-07-08,M1 hist. profile,-3.41881,0.00027058
2022-07-11,M1 hist. profile,-4.14496,0.000402077
2022-07-12,M1 hist. profile,-3.4662,0.000633292
2022-07-13,M1 hist. profile,-2.03566,0.00288401
2022-07-14,M1 hist. profile,-2.70283,0.000594838
2022-07-15,M1 hist. profile,-4.20176,0.000296482
2022-07-18,M1 hist. profile,-3.6849,0.000259548
2022-07-19,M1 hist. profile,-4.02124,8.76048e-05
2022-07-20,M1 hist. profile,-3.15383,0.000464446
2022-07-21,M1 hist. profile,-3.22703,0.000500026
2022-07-22,M1 hist. profile,-3.4478,0.000418253
2022-07-25,M1 hist. profile,-3.96184,0.000150919
2022-07-26,M1 hist. profile,-3.81778,0.00012047
2022-07-27,M1 hist. profile,-2.45891,0.00349108
2022-07-28,M1 hist. profile,-3.72814,0.000400348
2022-07-29,M1 hist. profile,-3.90805,0.000153259
2022-08-01,M1 hist. profile,-3.42479,0.000379595
2022-08-02,M1 hist. profile,-3.52668,0.000227651
2022-08-03,M1 hist. profile,-4.12361,0.000165378
2022-08-04,M1 hist. profile,-3.99613,0.000174573
2022-08-05,M1 hist. profile,-3.96451,0.000113333
2022-08-08,M1 hist. profile,-3.55475,0.000181626
2022-08-09,M1 hist. profile,-4.36716,9.25242e-05
2022-08-10,M1 hist. profile,-4.44809,9.25377e-05
2022-08-11,M1 hist. profile,-4.00405,9.94542e-05
2022-08-12,M1 hist. profile,-4.61205,5.14784e-05
2022-08-15,M1 hist. profile,-4.41041,9.40693e-05
2022-08-16,M1 hist. profile,-4.18934,0.000106465
2022-08-17,M1 hist. profile,-3.93513,0.000143538
2022-08-18,M1 hist. profile,-4.3723,7.38994e-05
2022-08-19,M1 hist. profile,-4.60478,4.26687e-05
2022-08-22,M1 hist. profile,-4.31719,7.80928e-05
2022-08-23,M1 hist. profile,-3.68686,0.000296504
2022-08-24,M1 hist. profile,-4.20507,0.000110463
2022-08-25,M1 hist. profile,-4.1727,8.83925e-05
2022-08-26,M1 hist. profile,-1.75771,0.0187101
2022-08-29,M1 hist. profile,-3.23152,0.000511837
2022-08-30,M1 hist. profile,-3.03601,0.000791727
2022-08-31,M1 hist. profile,-3.45868,0.000512162
2022-09-01,M1 hist. profile,-3.19807,0.000615111
2022-09-02,M1 hist. profile,-2.58556,0.00101396
2022-09-06,M1 hist. profile,-2.57639,0.0014618
2022-09-07,M1 hist. profile,-3.6984,0.000169954
2022-09-08,M1 hist. profile,-2.75732,0.0021556
2022-09-09,M1 hist. profile,-4.10805,9.00817e-05
2022-09-12,M1 hist. profile,-3.99191,8.04425e-05
2022-09-13,M1 hist. profile,-3.79202,0.000180778
2022-09-14,M1 hist. profile,-2.82771,0.00141329
2022-09-15,M1 hist. profile,-3.0154,0.000965563
2022-09-16,M1 hist. profile,-3.14042,0.000594393
2022-09-19,M1 hist. profile,-3.46814,0.00030811
2022-09-20,M1 hist. profile,-3.52319,0.000270001
2022-09-21,M1 hist. profile,1.14979,0.105212
2022-09-22,M1 hist. profile,-2.94373,0.00101149
2022-09-23,M1 hist. profile,-3.07312,0.000535719
2022-09-26,M1 hist. profile,-2.6897,0.00182577
2022-09-27,M1 hist. profile,-2.44266,0.00123965
2022-09-28,M1 hist. profile,-3.03271,0.000798515
2022-09-29,M1 hist. profile,-2.9904,0.00112365
2022-09-30,M1 hist. profile,-3.14614,0.00131018
2022-10-03,M1 hist. profile,-3.45463,0.00112903
2022-10-04,M1 hist. profile,-3.40264,0.000333256
2022-10-05,M1 hist. profile,-3.04184,0.0010538
2022-10-06,M1 hist. profile,-3.05758,0.00106502
2022-10-07,M1 hist. profile,-3.39909,0.000523277
2022-10-10,M1 hist. profile,-2.7998,0.00199202
2022-10-11,M1 hist. profile,-2.96254,0.00120378
2022-10-12,M1 hist. profile,-3.37179,0.000768954
2022-10-13,M1 hist. profile,-0.900036,0.0125584
2022-10-14,M1 hist. profile,-2.10411,0.00815952
2022-10-17,M1 hist. profile,-3.23273,0.000835034
2022-10-18,M1 hist. profile,-2.76048,0.00126729
2022-10-19,M1 hist. profile,-3.04811,0.000632028
2022-10-20,M1 hist. profile,-3.04071,0.000632901
2022-10-21,M1 hist. profile,-2.64693,0.000816027
2022-10-24,M1 hist. profile,-3.06817,0.00346179
2022-10-25,M1 hist. profile,-3.51339,0.00103673
2022-10-26,M1 hist. profile,-3.3592,0.000413933
2022-10-27,M1 hist. profile,-2.24484,0.00398225
2022-10-28,M1 hist. profile,-3.91589,0.00019423
2022-10-31,M1 hist. profile,-3.20196,0.000717333
2022-11-01,M1 hist. profile,-3.41657,0.000743725
2022-11-02,M1 hist. profile,-1.36544,0.0219825
2022-11-03,M1 hist. profile,-3.1551,0.000694937
2022-11-04,M1 hist. profile,-2.07236,0.00403871
2022-11-07,M1 hist. profile,-3.70677,0.000327467
2022-11-08,M1 hist. profile,-3.03359,0.000714401
2022-11-09,M1 hist. profile,-3.26315,0.00042941
2022-11-10,M1 hist. profile,-3.23767,0.000588735
2022-11-11,M1 hist. profile,-2.76746,0.00289051
2022-11-14,M1 hist. profile,-2.99439,0.0016143
2022-11-15,M1 hist. profile,-2.69136,0.00138871
2022-11-16,M1 hist. profile,-3.51191,0.000491664
2022-11-17,M1 hist. profile,-3.57202,0.000529805
2022-11-18,M1 hist. profile,-3.51379,0.000364198
2022-11-21,M1 hist. profile,-4.10301,0.000121037
2022-11-22,M1 hist. profile,-4.50609,5.96452e-05
2022-11-23,M1 hist. profile,-4.01295,0.000436363
2022-11-28,M1 hist. profile,-4.3682,7.8825e-05
2022-11-29,M1 hist. profile,-3.92682,0.000184259
2022-11-30,M1 hist. profile,-2.35264,0.00188441
2022-12-01,M1 hist. profile,-3.37556,0.000470011
2022-12-02,M1 hist. profile,-3.73401,0.000229998
2022-12-05,M1 hist. profile,-3.90675,0.000143522
2022-12-06,M1 hist. profile,-3.70062,0.000229758
2022-12-07,M1 hist. profile,-3.56785,0.00034102
2022-12-08,M1 hist. profile,-3.87547,0.000164791
2022-12-09,M1 hist. profile,-4.05849,8.93655e-05
2022-12-12,M1 hist. profile,-4.21219,5.82828e-05
2022-12-13,M1 hist. profile,-0.664759,0.00364095
2022-12-14,M1 hist. profile,0.844737,0.0228291
2022-12-15,M1 hist. profile,-3.23121,0.000331161
2022-12-16,M1 hist. profile,-3.34626,0.000334975
2022-12-19,M1 hist. profile,-3.60519,0.00023711
2022-12-20,M1 hist. profile,-3.6704,0.000422346
2022-12-21,M1 hist. profile,-3.98408,8.99946e-05
2022-12-22,M1 hist. profile,-3.53197,0.000295374
2022-12-23,M1 hist. profile,-3.51751,0.00089502
2022-12-27,M1 hist. profile,-4.0198,0.000110899
2022-12-28,M1 hist. profile,-3.70157,0.00023944
2022-12-29,M1 hist. profile,-4.3415,6.33346e-05
2022-12-30,M1 hist. profile,-3.64874,0.000547655
2022-01-03,M2 FFF,-4.42884,0.000669306
2022-01-04,M2 FFF,-4.77757,2.1972e-05
2022-01-05,M2 FFF,-3.9603,9.10709e-05
2022-01-06,M2 FFF,-3.88891,0.000218667
2022-01-07,M2 FFF,-4.32085,6.46479e-05
2022-01-10,M2 FFF,-3.11806,0.000440617
2022-01-11,M2 FFF,-4.00668,0.000193669
2022-01-12,M2 FFF,-4.51305,3.82895e-05
2022-01-13,M2 FFF,-3.33556,0.000203568
2022-01-14,M2 FFF,-3.19273,0.000471017
2022-01-18,M2 FFF,-3.4317,0.00024903
2022-01-19,M2 FFF,-3.67782,0.000171022
2022-01-20,M2 FFF,-3.52608,0.000364403
2022-01-21,M2 FFF,-2.18781,0.00211732
2022-01-24,M2 FFF,1.02133,0.0141385
2022-01-25,M2 FFF,-0.361776,0.00601808
2022-01-26,M2 FFF,0.72898,0.0230878
2022-01-27,M2 FFF,-0.949506,0.00320624
2022-01-28,M2 FFF,-1.16056,0.0028013
2022-01-31,M2 FFF,-3.38071,0.000332286
2022-02-01,M2 FFF,-3.49896,0.000775805
2022-02-02,M2 FFF,-3.16625,0.000992107
2022-02-03,M2 FFF,-2.98724,0.00286926
2022-02-04,M2 FFF,-3.20464,0.000760038
2022-02-07,M2 FFF,-3.45151,0.000286771
2022-02-08,M2 FFF,-3.93701,0.000177181
2022-02-09,M2 FFF,-4.59183,2.64084e-05
2022-02-10,M2 FFF,-2.14654,0.00140296
2022-02-11,M2 FFF,-2.13832,0.00182236
2022-02-14,M2 FFF,-3.00247,0.00110886
2022-02-15,M2 FFF,-3.90546,0.00015234
2022-02-16,M2 FFF,-3.72857,0.000354408
2022-02-17,M2 FFF,-3.94308,0.000184968
2022-02-18,M2 FFF,-3.04668,0.00068027
2022-02-22,M2 FFF,-2.2794,0.00215307
2022-02-23,M2 FFF,-2.98651,0.000515249
2022-02-24,M2 FFF,-0.632298,0.00900632
2022-02-25,M2 FFF,-3.18343,0.000691179
2022-02-28,M2 FFF,-2.64013,0.00184838
2022-03-01,M2 FFF,-2.75291,0.00109847
2022-03-02,M2 FFF,-3.09478,0.00236165
2022-03-03,M2 FFF,-2.67965,0.00285212
2022-03-04,M2 FFF,-2.64014,0.00121923
2022-03-07,M2 FFF,-2.94187,0.000511061
2022-03-08,M2 FFF,-1.39806,0.00537597
2022-03-09,M2 FFF,-3.29665,0.000528251
2022-03-10,M2 FFF,-3.01119,0.000722682
2022-03-11,M2 FFF,-3.31932,0.000451793
2022-03-14,M2 FFF,-3.25207,0.000465411
2022-03-15,M2 FFF,-3.24342,0.000422429
2022-03-16,M2 FFF,-2.24454,0.00324693
2022-03-17,M2 FFF,-3.40965,0.000368352
2022-03-18,M2 FFF,-3.72213,0.000255028
2022-03-21,M2 FFF,-3.14633,0.000754978
2022-03-22,M2 FFF,-4.08076,0.000142657
2022-03-23,M2 FFF,-3.8863,9.69325e-05
2022-03-24,M2 FFF,-4.05308,0.000126921
2022-03-25,M2 FFF,-3.78677,0.000142566
2022-03-28,M2 FFF,-4.13954,9.26179e-05
2022-03-29,M2 FFF,-4.20907,5.78505e-05
2022-03-30,M2 FFF,-4.34792,0.00018093
2022-03-31,M2 FFF,-4.16083,0.000172685
2022-04-01,M2 FFF,-3.88599,0.000197413
2022-04-04,M2 FFF,-4.7083,3.60769e-05
2022-04-05,M2 FFF,-3.79212,0.00111305
2022-04-06,M2 FFF,-2.68081,0.00171877
2022-04-07,M2 FFF,-3.80191,0.000158387
2022-04-08,M2 FFF,-3.99313,0.000242986
2022-04-11,M2 FFF,-4.35999,3.75646e-05
2022-04-12,M2 FFF,-3.69197,0.000156516
2022-04-13,M2 FFF,-4.30775,8.50987e-05
2022-04-14,M2 FFF,-4.05226,0.00030578
2022-04-18,M2 FFF,-3.57948,0.00035176
2022-04-19,M2 FFF,-3.87912,0.000529289
2022-04-20,M2 FFF,-3.80865,0.000185915
2022-04-21,M2 FFF,-2.6696,0.000518445
2022-04-22,M2 FFF,-2.81694,0.00102155
2022-04-25,M2 FFF,-2.50933,0.00133297
2022-04-26,M2 FFF,-2.64639,0.00131118
2022-04-27,M2 FFF,-2.62591,0.00208855
2022-04-28,M2 FFF,-3.02333,0.00095713
2022-04-29,M2 FFF,-2.96547,0.00136867
2022-05-02,M2 FFF,-2.1843,0.00285827
2022-05-03,M2 FFF,-2.86634,0.00127188
2022-05-04,M2 FFF,-1.20795,0.0176824
2022-05-05,M2 FFF,-2.08299,0.003777
2022-05-06,M2 FFF,-1.93266,0.00633765
2022-05-09,M2 FFF,-2.34764,0.00200743
2022-05-10,M2 FFF,-2.05676,0.00284846
2022-05-11,M2 FFF,-1.8101,0.00971539
2022-05-12,M2 FFF,-1.75657,0.00528264
2022-05-13,M2 FFF,-2.81477,0.00169789
2022-05-16,M2 FFF,-3.0162,0.00103091
2022-05-17,M2 FFF,-3.17784,0.000975516
2022-05-18,M2 FFF,-2.85514,0.000864805
2022-05-19,M2 FFF,-2.26723,0.00283959
2022-05-20,M2 FFF,-2.36909,0.00273796
2022-05-23,M2 FFF,-2.93624,0.000611764
2022-05-24,M2 FFF,-2.63471,0.0013466
2022-05-25,M2 FFF,-3.07609,0.000673196
2022-05-26,M2 FFF,-3.76574,0.000174122
2022-05-27,M2 FFF,-3.81139,0.000256107
2022-05-31,M2 FFF,-2.98332,0.000529721
2022-06-01,M2 FFF,-3.13986,0.000530478
2022-06-02,M2 FFF,-3.32142,0.00111949
2022-06-03,M2 FFF,-3.19656,0.000552808
2022-06-06,M2 FFF,-3.45946,0.000571827
2022-06-07,M2 FFF,-3.83606,0.000219426
2022-06-08,M2 FFF,-3.27377,0.000586322
2022-06-09,M2 FFF,-3.03231,0.000653954
2022-06-10,M2 FFF,-2.85704,0.00105409
2022-06-13,M2 FFF,-2.59314,0.00129914
2022-06-14,M2 FFF,-2.4299,0.00238616
2022-06-15,M2 FFF,-1.4135,0.0397119
2022-06-16,M2 FFF,-2.50924,0.00149494
2022-06-17,M2 FFF,-2.47975,0.00156594
2022-06-21,M2 FFF,-3.34219,0.000669492
2022-06-22,M2 FFF,-2.94894,0.00093023
2022-06-23,M2 FFF,-3.11593,0.00110353
2022-06-24,M2 FFF,-3.6403,0.00124307
2022-06-27,M2 FFF,-3.1714,0.000602189
2022-06-28,M2 FFF,-3.12429,0.000454147
2022-06-29,M2 FFF,-3.05973,0.00131272
2022-06-30,M2 FFF,-2.29274,0.00192427
2022-07-01,M2 FFF,-2.88858,0.00195914
2022-07-05,M2 FFF,-2.86512,0.00120151
2022-07-06,M2 FFF,-2.77204,0.00210589
2022-07-07,M2 FFF,-4.39521,6.56451e-05
2022-07-08,M2 FFF,-3.44987,0.000265593
2022-07-11,M2 FFF,-4.14693,0.000400564
2022-07-12,M2 FFF,-3.4387,0.000637981
2022-07-13,M2 FFF,-1.85662,0.00292839
2022-07-14,M2 FFF,-2.71237,0.000599896
2022-07-15,M2 FFF,-4.16882,0.000308743
2022-07-18,M2 FFF,-3.73947,0.000250053
2022-07-19,M2 FFF,-4.02706,8.19775e-05
2022-07-20,M2 FFF,-3.16332,0.000456262
2022-07-21,M2 FFF,-3.22477,0.000513941
2022-07-22,M2 FFF,-3.42571,0.000414455
2022-07-25,M2 FFF,-3.96109,0.000150657
2022-07-26,M2 FFF,-3.78825,0.000122863
2022-07-27,M2 FFF,-2.39288,0.00349653
2022-07-28,M2 FFF,-3.72724,0.000397584
2022-07-29,M2 FFF,-3.90274,0.00015763
2022-08-01,M2 FFF,-3.42885,0.000373062
2022-08-02,M2 FFF,-3.52748,0.000221763
2022-08-03,M2 FFF,-4.1101,0.000166107
2022-08-04,M2 FFF,-3.99037,0.000176828
2022-08-05,M2 FFF,-3.94751,0.000117142
2022-08-08,M2 FFF,-3.53048,0.000185083
2022-08-09,M2 FFF,-4.38376,9.15001e-05
2022-08-10,M2 FFF,-4.42954,9.32667e-05
2022-08-11,M2 FFF,-4.00389,0.000100155
2022-08-12,M2 FFF,-4.59222,5.64028e-05
2022-08-15,M2 FFF,-4.40945,9.15191e-05
2022-08-16,M2 FFF,-4.15976,0.000109385
2022-08-17,M2 FFF,-3.88711,0.000146269
2022-08-18,M2 FFF,-4.3812,7.32071e-05
2022-08-19,M2 FFF,-4.60734,4.23547e-05
2022-08-22,M2 FFF,-4.31853,7.72878e-05
2022-08-23,M2 FFF,-3.67685,0.000294828
2022-08-24,M2 FFF,-4.199,0.000108144
2022-08-25,M2 FFF,-4.18806,8.28044e-05
2022-08-26,M2 FFF,-1.61642,0.018803
2022-08-29,M2 FFF,-3.22282,0.000502113
2022-08-30,M2 FFF,-3.01682,0.000806489
2022-08-31,M2 FFF,-3.46275,0.000504887
2022-09-01,M2 FFF,-3.17982,0.000642511
2022-09-02,M2 FFF,-2.58792,0.00101758
2022-09-06,M2 FFF,-2.58103,0.00149034
2022-09-07,M2 FFF,-3.65662,0.000175683
2022-09-08,M2 FFF,-2.67435,0.00218659
2022-09-09,M2 FFF,-4.08952,9.18193e-05
2022-09-12,M2 FFF,-4.00149,7.48357e-05
2022-09-13,M2 FFF,-3.79523,0.000183773
2022-09-14,M2 FFF,-2.82943,0.00138785
2022-09-15,M2 FFF,-2.99068,0.000996418
2022-09-16,M2 FFF,-3.13856,0.000579262
2022-09-19,M2 FFF,-3.45398,0.00031265
2022-09-20,M2 FFF,-3.51694,0.000266644
2022-09-21,M2 FFF,2.08933,0.105716
2022-09-22,M2 FFF,-2.95807,0.000996594
2022-09-23,M2 FFF,-3.07961,0.000527557
2022-09-26,M2 FFF,-2.65096,0.0018646
2022-09-27,M2 FFF,-2.40828,0.00128454
2022-09-28,M2 FFF,-3.04471,0.000793713
2022-09-29,M2 FFF,-2.9713,0.00115963
2022-09-30,M2 FFF,-3.12735,0.00130449
2022-10-03,M2 FFF,-3.4217,0.00121495
2022-10-04,M2 FFF,-3.40812,0.000326738
2022-10-05,M2 FFF,-3.03254,0.00114825
2022-10-06,M2 FFF,-3.04364,0.00106037
2022-10-07,M2 FFF,-3.38994,0.000528396
2022-10-10,M2 FFF,-2.82278,0.00195351
2022-10-11,M2 FFF,-2.95185,0.00120325
2022-10-12,M2 FFF,-3.37254,0.000750931
2022-10-13,M2 FFF,-0.859391,0.0125734
2022-10-14,M2 FFF,-2.0913,0.00822869
2022-10-17,M2 FFF,-3.248,0.000796301
2022-10-18,M2 FFF,-2.73411,0.00127847
2022-10-19,M2 FFF,-3.03418,0.000630548
2022-10-20,M2 FFF,-3.03087,0.000668939
2022-10-21,M2 FFF,-2.6681,0.000793235
2022-10-24,M2 FFF,-3.02625,0.00360792
2022-10-25,M2 FFF,-3.49723,0.00104166
2022-10-26,M2 FFF,-3.3483,0.000436077
2022-10-27,M2 FFF,-2.26117,0.00397811
2022-10-28,M2 FFF,-3.9205,0.000190427
2022-10-31,M2 FFF,-3.19734,0.000715388
2022-11-01,M2 FFF,-3.39847,0.000810013
2022-11-02,M2 FFF,-1.17929,0.0221813
2022-11-03,M2 FFF,-3.13994,0.000744796
2022-11-04,M2 FFF,-2.11306,0.00398189
2022-11-07,M2 FFF,-3.69218,0.00035285
2022-11-08,M2 FFF,-3.05917,0.00070266
2022-11-09,M2 FFF,-3.22838,0.000440453
2022-11-10,M2 FFF,-3.24475,0.00056356
2022-11-11,M2 FFF,-2.76416,0.00281611
2022-11-14,M2 FFF,-2.98099,0.00161812
2022-11-15,M2 FFF,-2.68589,0.00138238
2022-11-16,M2 FFF,-3.50141,0.000486405
2022-11-17,M2 FFF,-3.5601,0.000530078
2022-11-18,M2 FFF,-3.51973,0.000362159
2022-11-21,M2 FFF,-4.08616,0.000122474
2022-11-22,M2 FFF,-4.50038,5.84588e-05
2022-11-23,M2 FFF,-3.91752,0.000457809
2022-11-28,M2 FFF,-4.37414,7.64613e-05
2022-11-29,M2 FFF,-3.89388,0.000190646
2022-11-30,M2 FFF,-2.35067,0.00188452
2022-12-01,M2 FFF,-3.36546,0.000476345
2022-12-02,M2 FFF,-3.72959,0.000225675
2022-12-05,M2 FFF,-3.91862,0.0001372
2022-12-06,M2 FFF,-3.69696,0.000229778
2022-12-07,M2 FFF,-3.55676,0.00036016
2022-12-08,M2 FFF,-3.85884,0.000166966
2022-12-09,M2 FFF,-4.05005,8.97149e-05
2022-12-12,M2 FFF,-4.21296,5.58533e-05
2022-12-13,M2 FFF,-0.734138,0.00364328
2022-12-14,M2 FFF,1.47421,0.0229378
2022-12-15,M2 FFF,-3.24765,0.000332448
2022-12-16,M2 FFF,-3.33412,0.000358501
2022-12-19,M2 FFF,-3.58612,0.000244269
2022-12-20,M2 FFF,-3.68609,0.000394138
2022-12-21,M2 FFF,-3.96631,9.83523e-05
2022-12-22,M2 FFF,-3.51976,0.000306697
2022-12-23,M2 FFF,-3.50838,0.000895981
2022-12-27,M2 FFF,-4.02498,0.000106393
2022-12-28,M2 FFF,-3.70546,0.000235287
2022-12-29,M2 FFF,-4.33188,6.25064e-05
2022-12-30,M2 FFF,-3.64595,0.000547405
2022-01-03,M3 FFF+intraday GARCH,-4.38265,0.000689621
2022-01-04,M3 FFF+intraday GARCH,-4.7166,2.23059e-05
2022-01-05,M3 FFF+intraday GARCH,-4.39052,7.34716e-05
2022-01-06,M3 FFF+intraday GARCH,-3.8929,0.000217187
2022-01-07,M3 FFF+intraday GARCH,-4.3278,6.3704e-05
2022-01-10,M3 FFF+intraday GARCH,-3.34411,0.000423878
2022-01-11,M3 FFF+intraday GARCH,-4.21278,0.000184576
2022-01-12,M3 FFF+intraday GARCH,-4.45591,4.02982e-05
2022-01-13,M3 FFF+intraday GARCH,-3.7073,0.000194192
2022-01-14,M3 FFF+intraday GARCH,-3.33048,0.000454982
2022-01-18,M3 FFF+intraday GARCH,-3.57234,0.000216867
2022-01-19,M3 FFF+intraday GARCH,-3.63741,0.000180496
2022-01-20,M3 FFF+intraday GARCH,-3.4663,0.000378436
2022-01-21,M3 FFF+intraday GARCH,-2.53976,0.00192903
2022-01-24,M3 FFF+intraday GARCH,-1.41433,0.0116389
2022-01-25,M3 FFF+intraday GARCH,-1.99811,0.00532479
2022-01-26,M3 FFF+intraday GARCH,-1.96996,0.02002
2022-01-27,M3 FFF+intraday GARCH,-2.22325,0.00457846
2022-01-28,M3 FFF+intraday GARCH,-2.5232,0.00231789
2022-01-31,M3 FFF+intraday GARCH,-3.33297,0.000408171
2022-02-01,M3 FFF+intraday GARCH,-3.53792,0.000767103
2022-02-02,M3 FFF+intraday GARCH,-2.68147,0.00102025
2022-02-03,M3 FFF+intraday GARCH,-2.97187,0.00308076
2022-02-04,M3 FFF+intraday GARCH,-3.21765,0.00087264
2022-02-07,M3 FFF+intraday GARCH,-3.49168,0.000261568
2022-02-08,M3 FFF+intraday GARCH,-3.89437,0.000200262
2022-02-09,M3 FFF+intraday GARCH,-4.58405,3.87742e-05
2022-02-10,M3 FFF+intraday GARCH,-2.58371,0.00139655
2022-02-11,M3 FFF+intraday GARCH,-2.61086,0.00168809
2022-02-14,M3 FFF+intraday GARCH,-2.91175,0.00128121
2022-02-15,M3 FFF+intraday GARCH,-3.95668,0.000133087
2022-02-16,M3 FFF+intraday GARCH,-3.55974,0.000349534
2022-02-17,M3 FFF+intraday GARCH,-3.94513,0.000192243
2022-02-18,M3 FFF+intraday GARCH,-2.98528,0.000725727
2022-02-22,M3 FFF+intraday GARCH,-2.65806,0.00185481
2022-02-23,M3 FFF+intraday GARCH,-3.05228,0.000756632
2022-02-24,M3 FFF+intraday GARCH,-1.69437,0.00826217
2022-02-25,M3 FFF+intraday GARCH,-3.17576,0.000911737
2022-02-28,M3 FFF+intraday GARCH,-2.57484,0.0018578
2022-03-01,M3 FFF+intraday GARCH,-2.75727,0.00117197
2022-03-02,M3 FFF+intraday GARCH,-3.22623,0.00224628
2022-03-03,M3 FFF+intraday GARCH,-2.55231,0.00296721
2022-03-04,M3 FFF+intraday GARCH,-2.82854,0.00119851
2022-03-07,M3 FFF+intraday GARCH,-3.0565,0.000508374
2022-03-08,M3 FFF+intraday GARCH,-1.7739,0.00499198
2022-03-09,M3 FFF+intraday GARCH,-3.27734,0.000830149
2022-03-10,M3 FFF+intraday GARCH,-3.01342,0.000685715
2022-03-11,M3 FFF+intraday GARCH,-3.35829,0.000400449
2022-03-14,M3 FFF+intraday GARCH,-3.19219,0.000494998
2022-03-15,M3 FFF+intraday GARCH,-3.23475,0.000428285
2022-03-16,M3 FFF+intraday GARCH,-2.42709,0.00301374
2022-03-17,M3 FFF+intraday GARCH,-3.52948,0.000433266
2022-03-18,M3 FFF+intraday GARCH,-4.10464,9.28487e-05
2022-03-21,M3 FFF+intraday GARCH,-2.98267,0.000735701
2022-03-22,M3 FFF+intraday GARCH,-4.36008,0.000108727
2022-03-23,M3 FFF+intraday GARCH,-3.9412,7.10673e-05
2022-03-24,M3 FFF+intraday GARCH,-4.25869,9.73264e-05
2022-03-25,M3 FFF+intraday GARCH,-3.7712,0.000125093
2022-03-28,M3 FFF+intraday GARCH,-4.22609,8.0993e-05
2022-03-29,M3 FFF+intraday GARCH,-4.23514,5.96198e-05
2022-03-30,M3 FFF+intraday GARCH,-4.48801,0.000173383
2022-03-31,M3 FFF+intraday GARCH,-4.24037,0.000160886
2022-04-01,M3 FFF+intraday GARCH,-3.76613,0.000234615
2022-04-04,M3 FFF+intraday GARCH,-4.99301,3.57699e-05
2022-04-05,M3 FFF+intraday GARCH,-3.15005,0.00117807
2022-04-06,M3 FFF+intraday GARCH,-3.30026,0.0016492
2022-04-07,M3 FFF+intraday GARCH,-3.69818,0.000223894
2022-04-08,M3 FFF+intraday GARCH,-3.91221,0.000253192
2022-04-11,M3 FFF+intraday GARCH,-4.32902,3.97286e-05
2022-04-12,M3 FFF+intraday GARCH,-3.63301,0.000171918
2022-04-13,M3 FFF+intraday GARCH,-4.41482,9.70191e-05
2022-04-14,M3 FFF+intraday GARCH,-3.926,0.00033461
2022-04-18,M3 FFF+intraday GARCH,-3.51027,0.000363402
2022-04-19,M3 FFF+intraday GARCH,-3.7487,0.000526422
2022-04-20,M3 FFF+intraday GARCH,-3.77695,0.000221711
2022-04-21,M3 FFF+intraday GARCH,-3.36841,0.000413575
2022-04-22,M3 FFF+intraday GARCH,-3.01019,0.000897301
2022-04-25,M3 FFF+intraday GARCH,-2.48987,0.00143382
2022-04-26,M3 FFF+intraday GARCH,-2.5936,0.00136543
2022-04-27,M3 FFF+intraday GARCH,-2.58797,0.00219798
2022-04-28,M3 FFF+intraday GARCH,-3.00531,0.000954678
2022-04-29,M3 FFF+intraday GARCH,-2.91137,0.00144958
2022-05-02,M3 FFF+intraday GARCH,-2.18534,0.0030048
2022-05-03,M3 FFF+intraday GARCH,-2.78791,0.0015722
2022-05-04,M3 FFF+intraday GARCH,-2.34109,0.0174688
2022-05-05,M3 FFF+intraday GARCH,-2.14624,0.00416904
2022-05-06,M3 FFF+intraday GARCH,-1.93296,0.00660809
2022-05-09,M3 FFF+intraday GARCH,-2.31098,0.00217051
2022-05-10,M3 FFF+intraday GARCH,-2.10016,0.00284815
2022-05-11,M3 FFF+intraday GARCH,-1.96061,0.00969042
2022-05-12,M3 FFF+intraday GARCH,-2.01583,0.00470265
2022-05-13,M3 FFF+intraday GARCH,-2.78488,0.00193461
2022-05-16,M3 FFF+intraday GARCH,-3.03821,0.00100201
2022-05-17,M3 FFF+intraday GARCH,-3.13927,0.00101754
2022-05-18,M3 FFF+intraday GARCH,-2.8276,0.000866541
2022-05-19,M3 FFF+intraday GARCH,-2.23474,0.00294084
2022-05-20,M3 FFF+intraday GARCH,-2.27867,0.00288007
2022-05-23,M3 FFF+intraday GARCH,-2.92633,0.000587932
2022-05-24,M3 FFF+intraday GARCH,-2.57612,0.00138192
2022-05-25,M3 FFF+intraday GARCH,-3.03386,0.000738367
2022-05-26,M3 FFF+intraday GARCH,-3.8996,0.000155971
2022-05-27,M3 FFF+intraday GARCH,-4.32422,0.000157129
2022-05-31,M3 FFF+intraday GARCH,-2.97344,0.000405793
2022-06-01,M3 FFF+intraday GARCH,-3.09338,0.000567122
2022-06-02,M3 FFF+intraday GARCH,-3.39074,0.00110506
2022-06-03,M3 FFF+intraday GARCH,-3.1122,0.000582561
2022-06-06,M3 FFF+intraday GARCH,-3.42212,0.000563994
2022-06-07,M3 FFF+intraday GARCH,-3.84951,0.000207329
2022-06-08,M3 FFF+intraday GARCH,-3.21957,0.00063409
2022-06-09,M3 FFF+intraday GARCH,-3.13064,0.000594932
2022-06-10,M3 FFF+intraday GARCH,-2.8212,0.00108818
2022-06-13,M3 FFF+intraday GARCH,-2.58791,0.00123842
2022-06-14,M3 FFF+intraday GARCH,-2.49532,0.00181371
2022-06-15,M3 FFF+intraday GARCH,-2.09211,0.0390058
2022-06-16,M3 FFF+intraday GARCH,-2.3417,0.00483681
2022-06-17,M3 FFF+intraday GARCH,-2.46995,0.0015751
2022-06-21,M3 FFF+intraday GARCH,-3.9397,0.000210399
2022-06-22,M3 FFF+intraday GARCH,-2.9022,0.000930808
2022-06-23,M3 FFF+intraday GARCH,-3.09264,0.00114038
2022-06-24,M3 FFF+intraday GARCH,-3.93927,0.00125641
2022-06-27,M3 FFF+intraday GARCH,-3.41591,0.000418911
2022-06-28,M3 FFF+intraday GARCH,-3.18563,0.00036719
2022-06-29,M3 FFF+intraday GARCH,-2.96364,0.00138183
2022-06-30,M3 FFF+intraday GARCH,-2.39259,0.00172563
2022-07-01,M3 FFF+intraday GARCH,-2.89694,0.00203106
2022-07-05,M3 FFF+intraday GARCH,-2.83751,0.00124196
2022-07-06,M3 FFF+intraday GARCH,-2.92296,0.00194654
2022-07-07,M3 FFF+intraday GARCH,-4.5293,9.32993e-05
2022-07-08,M3 FFF+intraday GARCH,-3.38849,0.000290347
2022-07-11,M3 FFF+intraday GARCH,-4.10666,0.000415572
2022-07-12,M3 FFF+intraday GARCH,-3.3945,0.000662305
2022-07-13,M3 FFF+intraday GARCH,-2.61863,0.00268568
2022-07-14,M3 FFF+intraday GARCH,-3.08184,0.000569399
2022-07-15,M3 FFF+intraday GARCH,-4.20375,0.000298033
2022-07-18,M3 FFF+intraday GARCH,-3.87794,0.000224783
2022-07-19,M3 FFF+intraday GARCH,-3.95706,0.0001159
2022-07-20,M3 FFF+intraday GARCH,-3.12295,0.000387537
2022-07-21,M3 FFF+intraday GARCH,-3.21795,0.000486567
2022-07-22,M3 FFF+intraday GARCH,-3.35954,0.000429371
2022-07-25,M3 FFF+intraday GARCH,-3.92531,0.0001567
2022-07-26,M3 FFF+intraday GARCH,-3.74223,0.00012564
2022-07-27,M3 FFF+intraday GARCH,-3.25466,0.0035251
2022-07-28,M3 FFF+intraday GARCH,-3.8319,0.00040647
2022-07-29,M3 FFF+intraday GARCH,-4.25417,7.26992e-05
2022-08-01,M3 FFF+intraday GARCH,-3.31309,0.000399103
2022-08-02,M3 FFF+intraday GARCH,-3.47425,0.000236054
2022-08-03,M3 FFF+intraday GARCH,-4.189,0.000171237
2022-08-04,M3 FFF+intraday GARCH,-3.99904,0.000172163
2022-08-05,M3 FFF+intraday GARCH,-3.92472,0.000116393
2022-08-08,M3 FFF+intraday GARCH,-3.70102,0.000172698
2022-08-09,M3 FFF+intraday GARCH,-4.35783,9.32653e-05
2022-08-10,M3 FFF+intraday GARCH,-4.38803,9.557e-05
2022-08-11,M3 FFF+intraday GARCH,-3.97462,9.03321e-05
2022-08-12,M3 FFF+intraday GARCH,-4.8488,4.7293e-05
2022-08-15,M3 FFF+intraday GARCH,-4.74234,6.79771e-05
2022-08-16,M3 FFF+intraday GARCH,-4.08017,0.000106941
2022-08-17,M3 FFF+intraday GARCH,-3.932,0.000152112
2022-08-18,M3 FFF+intraday GARCH,-4.28017,8.24267e-05
2022-08-19,M3 FFF+intraday GARCH,-4.54189,4.57566e-05
2022-08-22,M3 FFF+intraday GARCH,-4.26565,8.23667e-05
2022-08-23,M3 FFF+intraday GARCH,-3.73577,0.000296612
2022-08-24,M3 FFF+intraday GARCH,-4.46605,5.83942e-05
2022-08-25,M3 FFF+intraday GARCH,-4.19574,8.63378e-05
2022-08-26,M3 FFF+intraday GARCH,-2.26682,0.0175317
2022-08-29,M3 FFF+intraday GARCH,-3.40433,0.000209275
2022-08-30,M3 FFF+intraday GARCH,-2.90985,0.000838214
2022-08-31,M3 FFF+intraday GARCH,-3.51558,0.000525876
2022-09-01,M3 FFF+intraday GARCH,-3.10568,0.000675668
2022-09-02,M3 FFF+intraday GARCH,-2.85099,0.0010291
2022-09-06,M3 FFF+intraday GARCH,-2.90189,0.00137492
2022-09-07,M3 FFF+intraday GARCH,-3.6587,0.000181216
2022-09-08,M3 FFF+intraday GARCH,-2.58731,0.00227174
2022-09-09,M3 FFF+intraday GARCH,-4.1556,8.74087e-05
2022-09-12,M3 FFF+intraday GARCH,-4.07355,5.70456e-05
2022-09-13,M3 FFF+intraday GARCH,-3.75122,0.000205
2022-09-14,M3 FFF+intraday GARCH,-3.05327,0.000727459
2022-09-15,M3 FFF+intraday GARCH,-3.04999,0.00075304
2022-09-16,M3 FFF+intraday GARCH,-3.17226,0.000516577
2022-09-19,M3 FFF+intraday GARCH,-3.56403,0.000200496
2022-09-20,M3 FFF+intraday GARCH,-3.50153,0.000236757
2022-09-21,M3 FFF+intraday GARCH,3.30273,0.10353
2022-09-22,M3 FFF+intraday GARCH,-2.77926,0.00373891
2022-09-23,M3 FFF+intraday GARCH,-3.02301,0.000634517
2022-09-26,M3 FFF+intraday GARCH,-2.62869,0.00188769
2022-09-27,M3 FFF+intraday GARCH,-2.57874,0.00119914
2022-09-28,M3 FFF+intraday GARCH,-3.09145,0.000792617
2022-09-29,M3 FFF+intraday GARCH,-2.93048,0.00122849
2022-09-30,M3 FFF+intraday GARCH,-3.05567,0.00142359
2022-10-03,M3 FFF+intraday GARCH,-3.5198,0.0011927
2022-10-04,M3 FFF+intraday GARCH,-3.52701,0.00023753
2022-10-05,M3 FFF+intraday GARCH,-3.09509,0.00099815
2022-10-06,M3 FFF+intraday GARCH,-3.06143,0.0010924
2022-10-07,M3 FFF+intraday GARCH,-3.4044,0.000532164
2022-10-10,M3 FFF+intraday GARCH,-2.69468,0.00193095
2022-10-11,M3 FFF+intraday GARCH,-2.87644,0.00116808
2022-10-12,M3 FFF+intraday GARCH,-3.43353,0.000762474
2022-10-13,M3 FFF+intraday GARCH,-1.99529,0.0118041
2022-10-14,M3 FFF+intraday GARCH,-2.41423,0.00761257
2022-10-17,M3 FFF+intraday GARCH,-3.3597,0.000764981
2022-10-18,M3 FFF+intraday GARCH,-2.57355,0.00135128
2022-10-19,M3 FFF+intraday GARCH,-3.00136,0.000597823
2022-10-20,M3 FFF+intraday GARCH,-2.97129,0.000698429
2022-10-21,M3 FFF+intraday GARCH,-2.89985,0.000704279
2022-10-24,M3 FFF+intraday GARCH,-3.12624,0.00369698
2022-10-25,M3 FFF+intraday GARCH,-3.32354,0.00109068
2022-10-26,M3 FFF+intraday GARCH,-3.33567,0.000420037
2022-10-27,M3 FFF+intraday GARCH,-2.55437,0.00391345
2022-10-28,M3 FFF+intraday GARCH,-4.00714,0.000993072
2022-10-31,M3 FFF+intraday GARCH,-3.36349,0.000358734
2022-11-01,M3 FFF+intraday GARCH,-3.62349,0.000757079
2022-11-02,M3 FFF+intraday GARCH,-1.74216,0.021452
2022-11-03,M3 FFF+intraday GARCH,-3.22917,0.00168618
2022-11-04,M3 FFF+intraday GARCH,-2.15391,0.00412699
2022-11-07,M3 FFF+intraday GARCH,-3.948,0.00030075
2022-11-08,M3 FFF+intraday GARCH,-3.1299,0.000674129
2022-11-09,M3 FFF+intraday GARCH,-3.20086,0.000500125
2022-11-10,M3 FFF+intraday GARCH,-3.23605,0.000585004
2022-11-11,M3 FFF+intraday GARCH,-3.6504,0.000498407
2022-11-14,M3 FFF+intraday GARCH,-3.62443,0.000336343
2022-11-15,M3 FFF+intraday GARCH,-2.6751,0.00113751
2022-11-16,M3 FFF+intraday GARCH,-3.87302,0.000215265
2022-11-17,M3 FFF+intraday GARCH,-3.38927,0.000450242
2022-11-18,M3 FFF+intraday GARCH,-3.49497,0.000342512
2022-11-21,M3 FFF+intraday GARCH,-4.21984,0.000100024
2022-11-22,M3 FFF+intraday GARCH,-4.89124,2.44668e-05
2022-11-23,M3 FFF+intraday GARCH,-3.66534,0.000466261
2022-11-28,M3 FFF+intraday GARCH,-4.42068,6.35134e-05
2022-11-29,M3 FFF+intraday GARCH,-3.86439,0.000172769
2022-11-30,M3 FFF+intraday GARCH,-2.78017,0.00182916
2022-12-01,M3 FFF+intraday GARCH,-3.57616,0.000300065
2022-12-02,M3 FFF+intraday GARCH,-4.04178,0.000119311
2022-12-05,M3 FFF+intraday GARCH,-4.0912,6.72082e-05
2022-12-06,M3 FFF+intraday GARCH,-3.7207,0.000198826
2022-12-07,M3 FFF+intraday GARCH,-3.64019,0.00033495
2022-12-08,M3 FFF+intraday GARCH,-3.90579,0.000161161
2022-12-09,M3 FFF+intraday GARCH,-4.14859,7.56419e-05
2022-12-12,M3 FFF+intraday GARCH,-4.30729,4.41263e-05
2022-12-13,M3 FFF+intraday GARCH,-2.20848,0.00329715
2022-12-14,M3 FFF+intraday GARCH,-1.74483,0.0219245
2022-12-15,M3 FFF+intraday GARCH,-3.29904,0.00147603
2022-12-16,M3 FFF+intraday GARCH,-3.38425,0.000325294
2022-12-19,M3 FFF+intraday GARCH,-3.81531,0.000115972
2022-12-20,M3 FFF+intraday GARCH,-3.82542,0.00037743
2022-12-21,M3 FFF+intraday GARCH,-4.09856,7.42645e-05
2022-12-22,M3 FFF+intraday GARCH,-3.45219,0.000295808
2022-12-23,M3 FFF+intraday GARCH,-3.61896,0.000880653
2022-12-27,M3 FFF+intraday GARCH,-4.1824,7.67551e-05
2022-12-28,M3 FFF+intraday GARCH,-3.52965,0.000257374
2022-12-29,M3 FFF+intraday GARCH,-4.71955,2.82071e-05
2022-12-30,M3 FFF+intraday GARCH,-3.29088,0.000618255
2022-01-03,M4 raw intraday GARCH,-4.17602,0.000730263
2022-01-04,M4 raw intraday GARCH,-4.672,2.45099e-05
2022-01-05,M4 raw intraday GARCH,-4.35073,8.37693e-05
2022-01-06,M4 raw intraday GARCH,-3.84142,0.000242735
2022-01-07,M4 raw intraday GARCH,-4.25554,6.94291e-05
2022-01-10,M4 raw intraday GARCH,-3.25626,0.000461865
2022-01-11,M4 raw intraday GARCH,-4.08264,0.000196416
2022-01-12,M4 raw intraday GARCH,-4.4194,4.25568e-05
2022-01-13,M4 raw intraday GARCH,-3.71282,0.000201773
2022-01-14,M4 raw intraday GARCH,-3.252,0.000489325
2022-01-18,M4 raw intraday GARCH,-3.46887,0.00025762
2022-01-19,M4 raw intraday GARCH,-3.52742,0.000224115
2022-01-20,M4 raw intraday GARCH,-3.35261,0.000407087
2022-01-21,M4 raw intraday GARCH,-2.43881,0.00207634
2022-01-24,M4 raw intraday GARCH,-1.39148,0.0115116
2022-01-25,M4 raw intraday GARCH,-1.98647,0.00494636
2022-01-26,M4 raw intraday GARCH,-1.93917,0.017633
2022-01-27,M4 raw intraday GARCH,-2.2355,0.00283044
2022-01-28,M4 raw intraday GARCH,-2.4875,0.00238757
2022-01-31,M4 raw intraday GARCH,-3.32533,0.000348434
2022-02-01,M4 raw intraday GARCH,-3.37534,0.000825468
2022-02-02,M4 raw intraday GARCH,-3.15515,0.00102154
2022-02-03,M4 raw intraday GARCH,-3.04394,0.00296353
2022-02-04,M4 raw intraday GARCH,-3.15083,0.000848662
2022-02-07,M4 raw intraday GARCH,-3.41028,0.000307567
2022-02-08,M4 raw intraday GARCH,-3.85047,0.000200331
2022-02-09,M4 raw intraday GARCH,-4.60368,2.58537e-05
2022-02-10,M4 raw intraday GARCH,-2.55469,0.00145431
2022-02-11,M4 raw intraday GARCH,-2.56869,0.0017208
2022-02-14,M4 raw intraday GARCH,-2.87774,0.00121915
2022-02-15,M4 raw intraday GARCH,-4.00188,9.09624e-05
2022-02-16,M4 raw intraday GARCH,-3.56492,0.000351764
2022-02-17,M4 raw intraday GARCH,-3.93545,0.000204862
2022-02-18,M4 raw intraday GARCH,-2.92724,0.000757688
2022-02-22,M4 raw intraday GARCH,-2.57139,0.00203033
2022-02-23,M4 raw intraday GARCH,-3.08099,0.000571283
2022-02-24,M4 raw intraday GARCH,-1.54702,0.00850112
2022-02-25,M4 raw intraday GARCH,-3.17258,0.000707158
2022-02-28,M4 raw intraday GARCH,-2.46946,0.00197641
2022-03-01,M4 raw intraday GARCH,-2.71293,0.00117998
2022-03-02,M4 raw intraday GARCH,-3.0928,0.00241495
2022-03-03,M4 raw intraday GARCH,-2.70364,0.00300302
2022-03-04,M4 raw intraday GARCH,-2.70422,0.00129925
2022-03-07,M4 raw intraday GARCH,-3.01076,0.000538559
2022-03-08,M4 raw intraday GARCH,-1.71397,0.00513018
2022-03-09,M4 raw intraday GARCH,-3.29149,0.000534562
2022-03-10,M4 raw intraday GARCH,-2.89417,0.000751418
2022-03-11,M4 raw intraday GARCH,-3.30085,0.000417606
2022-03-14,M4 raw intraday GARCH,-3.09576,0.00053172
2022-03-15,M4 raw intraday GARCH,-3.19377,0.000477289
2022-03-16,M4 raw intraday GARCH,-2.16605,0.00301907
2022-03-17,M4 raw intraday GARCH,-3.53913,0.000252779
2022-03-18,M4 raw intraday GARCH,-4.08874,8.71932e-05
2022-03-21,M4 raw intraday GARCH,-3.01082,0.000767011
2022-03-22,M4 raw intraday GARCH,-4.27524,0.000111465
2022-03-23,M4 raw intraday GARCH,-3.90357,7.91685e-05
2022-03-24,M4 raw intraday GARCH,-4.17909,0.000104484
2022-03-25,M4 raw intraday GARCH,-3.75554,0.000132383
2022-03-28,M4 raw intraday GARCH,-4.17841,8.6846e-05
2022-03-29,M4 raw intraday GARCH,-4.19076,6.76505e-05
2022-03-30,M4 raw intraday GARCH,-4.34231,0.000201824
2022-03-31,M4 raw intraday GARCH,-4.16432,0.000180903
2022-04-01,M4 raw intraday GARCH,-3.68211,0.000232198
2022-04-04,M4 raw intraday GARCH,-4.9155,2.84772e-05
2022-04-05,M4 raw intraday GARCH,-3.00786,0.00124027
2022-04-06,M4 raw intraday GARCH,-3.31022,0.00160976
2022-04-07,M4 raw intraday GARCH,-3.6221,0.000188005
2022-04-08,M4 raw intraday GARCH,-3.82796,0.000272258
2022-04-11,M4 raw intraday GARCH,-4.26218,4.71971e-05
2022-04-12,M4 raw intraday GARCH,-3.58234,0.000178355
2022-04-13,M4 raw intraday GARCH,-4.36305,8.13167e-05
2022-04-14,M4 raw intraday GARCH,-3.81015,0.000360576
2022-04-18,M4 raw intraday GARCH,-3.4168,0.00040233
2022-04-19,M4 raw intraday GARCH,-3.62803,0.000562461
2022-04-20,M4 raw intraday GARCH,-3.7151,0.000212971
2022-04-21,M4 raw intraday GARCH,-3.34435,0.000454739
2022-04-22,M4 raw intraday GARCH,-2.91308,0.000983767
2022-04-25,M4 raw intraday GARCH,-2.4888,0.00135726
2022-04-26,M4 raw intraday GARCH,-2.76043,0.00128214
2022-04-27,M4 raw intraday GARCH,-2.5869,0.0022641
2022-04-28,M4 raw intraday GARCH,-2.98463,0.000972727
2022-04-29,M4 raw intraday GARCH,-2.87512,0.00154632
2022-05-02,M4 raw intraday GARCH,-2.12487,0.0030604
2022-05-03,M4 raw intraday GARCH,-2.74526,0.00147212
2022-05-04,M4 raw intraday GARCH,-2.54545,0.0157953
2022-05-05,M4 raw intraday GARCH,-2.09292,0.00399345
2022-05-06,M4 raw intraday GARCH,-1.89143,0.00689293
2022-05-09,M4 raw intraday GARCH,-2.29454,0.00221723
2022-05-10,M4 raw intraday GARCH,-2.14329,0.00267779
2022-05-11,M4 raw intraday GARCH,-1.66728,0.0104713
2022-05-12,M4 raw intraday GARCH,-1.87245,0.00529359
2022-05-13,M4 raw intraday GARCH,-2.72717,0.00188537
2022-05-16,M4 raw intraday GARCH,-3.00156,0.00114838
2022-05-17,M4 raw intraday GARCH,-3.04831,0.0010276
2022-05-18,M4 raw intraday GARCH,-2.80448,0.000914424
2022-05-19,M4 raw intraday GARCH,-2.19448,0.00304018
2022-05-20,M4 raw intraday GARCH,-2.2702,0.00279848
2022-05-23,M4 raw intraday GARCH,-2.88792,0.000755443
2022-05-24,M4 raw intraday GARCH,-2.52063,0.00146101
2022-05-25,M4 raw intraday GARCH,-3.01314,0.000707748
2022-05-26,M4 raw intraday GARCH,-3.87352,0.000127922
2022-05-27,M4 raw intraday GARCH,-4.22383,0.000190402
2022-05-31,M4 raw intraday GARCH,-2.96694,0.000418231
2022-06-01,M4 raw intraday GARCH,-2.95646,0.000661535
2022-06-02,M4 raw intraday GARCH,-3.34011,0.00113592
2022-06-03,M4 raw intraday GARCH,-3.08935,0.000600189
2022-06-06,M4 raw intraday GARCH,-3.3855,0.000583235
2022-06-07,M4 raw intraday GARCH,-3.77811,0.000209895
2022-06-08,M4 raw intraday GARCH,-3.16369,0.000648874
2022-06-09,M4 raw intraday GARCH,-2.96185,0.000723855
2022-06-10,M4 raw intraday GARCH,-2.73804,0.00124639
2022-06-13,M4 raw intraday GARCH,-2.65485,0.00115723
2022-06-14,M4 raw intraday GARCH,-2.36436,0.00195598
2022-06-15,M4 raw intraday GARCH,-2.2093,0.0363778
2022-06-16,M4 raw intraday GARCH,-2.38813,0.00188036
2022-06-17,M4 raw intraday GARCH,-2.45999,0.00143961
2022-06-21,M4 raw intraday GARCH,-3.91694,0.000195398
2022-06-22,M4 raw intraday GARCH,-2.72094,0.00104367
2022-06-23,M4 raw intraday GARCH,-3.00478,0.00122635
2022-06-24,M4 raw intraday GARCH,-3.79067,0.00138932
2022-06-27,M4 raw intraday GARCH,-3.32924,0.000479703
2022-06-28,M4 raw intraday GARCH,-3.1998,0.000360143
2022-06-29,M4 raw intraday GARCH,-2.74484,0.00145736
2022-06-30,M4 raw intraday GARCH,-2.25134,0.00204306
2022-07-01,M4 raw intraday GARCH,-2.8527,0.00212382
2022-07-05,M4 raw intraday GARCH,-2.80738,0.00128334
2022-07-06,M4 raw intraday GARCH,-2.77613,0.00213746
2022-07-07,M4 raw intraday GARCH,-4.53278,6.16633e-05
2022-07-08,M4 raw intraday GARCH,-3.31076,0.000300756
2022-07-11,M4 raw intraday GARCH,-3.79639,0.000481119
2022-07-12,M4 raw intraday GARCH,-3.14098,0.000705296
2022-07-13,M4 raw intraday GARCH,-2.42048,0.00289477
2022-07-14,M4 raw intraday GARCH,-3.0679,0.000606252
2022-07-15,M4 raw intraday GARCH,-4.06325,0.000339951
2022-07-18,M4 raw intraday GARCH,-3.87625,0.000234466
2022-07-19,M4 raw intraday GARCH,-3.9512,8.9974e-05
2022-07-20,M4 raw intraday GARCH,-3.2125,0.000363795
2022-07-21,M4 raw intraday GARCH,-3.18557,0.000539788
2022-07-22,M4 raw intraday GARCH,-3.22612,0.00050044
2022-07-25,M4 raw intraday GARCH,-3.86634,0.000172801
2022-07-26,M4 raw intraday GARCH,-3.85344,0.000123552
2022-07-27,M4 raw intraday GARCH,-3.4536,0.00334633
2022-07-28,M4 raw intraday GARCH,-3.77159,0.000424815
2022-07-29,M4 raw intraday GARCH,-4.21277,7.98053e-05
2022-08-01,M4 raw intraday GARCH,-3.27732,0.000405426
2022-08-02,M4 raw intraday GARCH,-3.45611,0.000238185
2022-08-03,M4 raw intraday GARCH,-4.05437,0.000191494
2022-08-04,M4 raw intraday GARCH,-4.00515,0.000179753
2022-08-05,M4 raw intraday GARCH,-3.90691,0.000117753
2022-08-08,M4 raw intraday GARCH,-3.7233,0.000173989
2022-08-09,M4 raw intraday GARCH,-4.27471,9.83777e-05
2022-08-10,M4 raw intraday GARCH,-4.27666,0.00010514
2022-08-11,M4 raw intraday GARCH,-3.94177,9.24169e-05
2022-08-12,M4 raw intraday GARCH,-4.75525,5.58319e-05
2022-08-15,M4 raw intraday GARCH,-4.62224,7.34125e-05
2022-08-16,M4 raw intraday GARCH,-4.12112,0.000105398
2022-08-17,M4 raw intraday GARCH,-3.89401,0.000141399
2022-08-18,M4 raw intraday GARCH,-4.24225,8.24885e-05
2022-08-19,M4 raw intraday GARCH,-4.50492,4.80542e-05
2022-08-22,M4 raw intraday GARCH,-4.18577,8.63582e-05
2022-08-23,M4 raw intraday GARCH,-3.72104,0.000312012
2022-08-24,M4 raw intraday GARCH,-4.41055,6.49247e-05
2022-08-25,M4 raw intraday GARCH,-4.11014,9.62369e-05
2022-08-26,M4 raw intraday GARCH,-2.01352,0.0178466
2022-08-29,M4 raw intraday GARCH,-3.41201,0.000208426
2022-08-30,M4 raw intraday GARCH,-2.87211,0.000864775
2022-08-31,M4 raw intraday GARCH,-3.3604,0.000635453
2022-09-01,M4 raw intraday GARCH,-3.01284,0.000739323
2022-09-02,M4 raw intraday GARCH,-2.84013,0.00103197
2022-09-06,M4 raw intraday GARCH,-2.79852,0.00150374
2022-09-07,M4 raw intraday GARCH,-3.62862,0.000196189
2022-09-08,M4 raw intraday GARCH,-2.38379,0.00238604
2022-09-09,M4 raw intraday GARCH,-4.13546,8.26119e-05
2022-09-12,M4 raw intraday GARCH,-3.99863,6.49488e-05
2022-09-13,M4 raw intraday GARCH,-3.65102,0.000218131
2022-09-14,M4 raw intraday GARCH,-2.96028,0.000770535
2022-09-15,M4 raw intraday GARCH,-2.9699,0.00078734
2022-09-16,M4 raw intraday GARCH,-3.09966,0.000549257
2022-09-19,M4 raw intraday GARCH,-3.55729,0.000196662
2022-09-20,M4 raw intraday GARCH,-3.48727,0.000239085
2022-09-21,M4 raw intraday GARCH,4.35845,0.103609
2022-09-22,M4 raw intraday GARCH,-2.80843,0.00135995
2022-09-23,M4 raw intraday GARCH,-2.99755,0.00060345
2022-09-26,M4 raw intraday GARCH,-2.48288,0.00208886
2022-09-27,M4 raw intraday GARCH,-2.56172,0.00125207
2022-09-28,M4 raw intraday GARCH,-2.98589,0.00087287
2022-09-29,M4 raw intraday GARCH,-2.86438,0.00132361
2022-09-30,M4 raw intraday GARCH,-2.79119,0.00164964
2022-10-03,M4 raw intraday GARCH,-3.47943,0.00132775
2022-10-04,M4 raw intraday GARCH,-3.40809,0.000261257
2022-10-05,M4 raw intraday GARCH,-2.98419,0.00108142
2022-10-06,M4 raw intraday GARCH,-3.02311,0.00116415
2022-10-07,M4 raw intraday GARCH,-3.21046,0.000575075
2022-10-10,M4 raw intraday GARCH,-2.61797,0.0019814
2022-10-11,M4 raw intraday GARCH,-2.93662,0.00111756
2022-10-12,M4 raw intraday GARCH,-3.1811,0.000964546
2022-10-13,M4 raw intraday GARCH,-2.05805,0.0119793
2022-10-14,M4 raw intraday GARCH,-2.2248,0.00816834
2022-10-17,M4 raw intraday GARCH,-3.27949,0.00083871
2022-10-18,M4 raw intraday GARCH,-2.435,0.00136845
2022-10-19,M4 raw intraday GARCH,-3.08488,0.000620381
2022-10-20,M4 raw intraday GARCH,-2.88094,0.000807895
2022-10-21,M4 raw intraday GARCH,-2.95277,0.000710161
2022-10-24,M4 raw intraday GARCH,-2.8229,0.0038866
2022-10-25,M4 raw intraday GARCH,-3.19631,0.00113808
2022-10-26,M4 raw intraday GARCH,-3.30391,0.000469665
2022-10-27,M4 raw intraday GARCH,-2.48686,0.00393958
2022-10-28,M4 raw intraday GARCH,-4.09133,0.000358283
2022-10-31,M4 raw intraday GARCH,-3.23485,0.000369556
2022-11-01,M4 raw intraday GARCH,-3.4637,0.000826808
2022-11-02,M4 raw intraday GARCH,-1.46911,0.0205771
2022-11-03,M4 raw intraday GARCH,-3.25387,0.000741504
2022-11-04,M4 raw intraday GARCH,-2.03438,0.00432182
2022-11-07,M4 raw intraday GARCH,-3.88675,0.000326221
2022-11-08,M4 raw intraday GARCH,-3.1121,0.000656474
2022-11-09,M4 raw intraday GARCH,-3.20673,0.0004748
2022-11-10,M4 raw intraday GARCH,-3.13059,0.000624616
2022-11-11,M4 raw intraday GARCH,-3.57024,0.000537098
2022-11-14,M4 raw intraday GARCH,-3.54427,0.000367978
2022-11-15,M4 raw intraday GARCH,-2.63466,0.00117069
2022-11-16,M4 raw intraday GARCH,-3.9384,0.000114493
2022-11-17,M4 raw intraday GARCH,-3.36,0.000481039
2022-11-18,M4 raw intraday GARCH,-3.45095,0.000369503
2022-11-21,M4 raw intraday GARCH,-4.22599,8.86453e-05
2022-11-22,M4 raw intraday GARCH,-4.82449,2.64441e-05
2022-11-23,M4 raw intraday GARCH,-3.40134,0.000481754
2022-11-28,M4 raw intraday GARCH,-4.42767,5.87105e-05
2022-11-29,M4 raw intraday GARCH,-3.86734,0.000177891
2022-11-30,M4 raw intraday GARCH,-2.75336,0.00185767
2022-12-01,M4 raw intraday GARCH,-3.52672,0.000302052
2022-12-02,M4 raw intraday GARCH,-3.97511,0.0001276
2022-12-05,M4 raw intraday GARCH,-4.08498,6.8653e-05
2022-12-06,M4 raw intraday GARCH,-3.57046,0.000214204
2022-12-07,M4 raw intraday GARCH,-3.57966,0.000359331
2022-12-08,M4 raw intraday GARCH,-3.749,0.000181637
2022-12-09,M4 raw intraday GARCH,-4.06619,8.36964e-05
2022-12-12,M4 raw intraday GARCH,-4.24508,5.15974e-05
2022-12-13,M4 raw intraday GARCH,-2.25559,0.00333377
2022-12-14,M4 raw intraday GARCH,-1.41367,0.0211128
2022-12-15,M4 raw intraday GARCH,-3.38319,0.000396503
2022-12-16,M4 raw intraday GARCH,-3.32539,0.000369712
2022-12-19,M4 raw intraday GARCH,-3.77182,0.000122335
2022-12-20,M4 raw intraday GARCH,-3.72714,0.000417912
2022-12-21,M4 raw intraday GARCH,-4.01566,8.63235e-05
2022-12-22,M4 raw intraday GARCH,-3.36693,0.000306441
2022-12-23,M4 raw intraday GARCH,-3.50691,0.00101352
2022-12-27,M4 raw intraday GARCH,-4.11826,8.46834e-05
2022-12-28,M4 raw intraday GARCH,-3.51161,0.000262213
2022-12-29,M4 raw intraday GARCH,-4.67159,3.11619e-05
2022-12-30,M4 raw intraday GARCH,-3.05617,0.000643516
2023-01-03,M0 flat,-2.62762,0.00113478
2023-01-04,M0 flat,-2.54574,0.00140348
2023-01-05,M0 flat,-3.44744,0.000511796
2023-01-06,M0 flat,-2.88496,0.00169945
2023-01-09,M0 flat,-3.81222,0.000131206
2023-01-10,M0 flat,-3.73276,0.000271068
2023-01-11,M0 flat,-4.30382,5.52929e-05
2023-01-12,M0 flat,-2.75365,0.00172012
2023-01-13,M0 flat,-4.31576,5.63305e-05
2023-01-17,M0 flat,-4.37141,8.53936e-05
2023-01-18,M0 flat,-4.12587,5.60797e-05
2023-01-19,M0 flat,-3.8626,0.000122416
2023-01-20,M0 flat,-4.13106,8.83787e-05
2023-01-23,M0 flat,-3.79594,0.000215581
2023-01-24,M0 flat,-3.65583,0.000598679
2023-01-25,M0 flat,-3.81812,0.0001062
2023-01-26,M0 flat,-3.23564,0.00056386
2023-01-27,M0 flat,-4.09862,6.93332e-05
2023-01-30,M0 flat,-3.99442,9.12176e-05
2023-01-31,M0 flat,-4.19168,0.000155731
2023-02-01,M0 flat,-1.14041,0.00819281
2023-02-02,M0 flat,-3.33681,0.000397678
2023-02-03,M0 flat,-3.0904,0.000451723
2023-02-06,M0 flat,-4.25554,6.59106e-05
2023-02-07,M0 flat,-1.41038,0.00239291
2023-02-08,M0 flat,-3.46561,0.000178437
2023-02-09,M0 flat,-3.52463,0.000200838
2023-02-10,M0 flat,-4.03591,9.87121e-05
2023-02-13,M0 flat,-4.5211,5.16678e-05
2023-02-14,M0 flat,-2.28534,0.00197168
2023-02-15,M0 flat,-3.92508,0.000187649
2023-02-16,M0 flat,-4.04728,0.000119633
2023-02-17,M0 flat,-3.85047,0.000117762
2023-04-06,M0 flat,-4.76255,2.45393e-05
2023-07-31,M0 flat,-4.79204,5.11684e-05
2023-08-01,M0 flat,-5.09472,1.71886e-05
2023-08-02,M0 flat,-4.73851,1.72388e-05
2023-08-03,M0 flat,-4.3543,7.81446e-05
2023-08-04,M0 flat,-4.0209,0.000166803
2023-08-07,M0 flat,-4.658,4.58596e-05
2023-08-08,M0 flat,-4.60673,4.11034e-05
2023-08-09,M0 flat,-4.48135,4.31428e-05
2023-08-10,M0 flat,-3.68596,0.000101782
2023-08-11,M0 flat,-4.36028,7.0253e-05
2023-08-14,M0 flat,-5.00404,1.74529e-05
2023-08-15,M0 flat,-4.40565,6.69101e-05
2023-08-16,M0 flat,-4.25935,7.34945e-05
2023-08-17,M0 flat,-4.39329,5.68802e-05
2023-08-18,M0 flat,-4.39334,5.02011e-05
2023-08-21,M0 flat,-4.57364,3.22451e-05
2023-08-22,M0 flat,-4.4115,3.82846e-05
2023-08-23,M0 flat,-5.05077,1.58681e-05
2023-08-24,M0 flat,-4.17315,8.98366e-05
2023-08-25,M0 flat,-3.16128,0.000728092
2023-08-28,M0 flat,-4.5773,2.99803e-05
2023-08-29,M0 flat,-4.5115,8.04925e-05
2023-08-30,M0 flat,-4.3375,7.59688e-05
2023-08-31,M0 flat,-4.67159,2.72641e-05
2023-09-01,M0 flat,-4.58944,7.03048e-05
2023-09-05,M0 flat,-5.03434,1.39444e-05
2023-09-06,M0 flat,-4.57721,7.66032e-05
2023-09-07,M0 flat,-4.616,5.23192e-05
2023-09-08,M0 flat,-4.86151,2.61373e-05
2023-09-11,M0 flat,-5.11472,2.00671e-05
2023-09-12,M0 flat,-4.98673,1.79065e-05
2023-09-13,M0 flat,-4.71301,3.28416e-05
2023-09-14,M0 flat,-5.45351,6.58021e-06
2023-09-15,M0 flat,-4.93158,1.88191e-05
2023-09-18,M0 flat,-4.90031,2.4781e-05
2023-09-19,M0 flat,-4.88661,2.50651e-05
2023-09-20,M0 flat,-4.24456,0.000226115
2023-09-21,M0 flat,-4.5198,4.1507e-05
2023-09-22,M0 flat,-4.07538,0.000109196
2023-09-25,M0 flat,-4.06288,0.000125758
2023-09-26,M0 flat,-4.31548,4.52548e-05
2023-09-27,M0 flat,-3.81867,0.00015097
2023-09-28,M0 flat,-3.64957,0.000181071
2023-09-29,M0 flat,-3.63788,0.000192395
2023-10-02,M0 flat,-3.26161,0.000187068
2023-10-03,M0 flat,-3.48977,0.000622293
2023-10-04,M0 flat,-3.64314,0.000228612
2023-10-05,M0 flat,-4.01904,9.9322e-05
2023-10-06,M0 flat,-3.43025,0.000226584
2023-10-09,M0 flat,-4.29837,8.18061e-05
2023-10-10,M0 flat,-4.48113,0.000115519
2023-10-11,M0 flat,-4.54231,4.9613e-05
2023-10-12,M0 flat,-4.26637,9.21099e-05
2023-10-13,M0 flat,-3.54994,0.000179425
2023-10-16,M0 flat,-4.47002,6.4199e-05
2023-10-17,M0 flat,-4.21611,0.000123216
2023-10-18,M0 flat,-3.40261,0.000334754
2023-10-19,M0 flat,-2.27984,0.00135385
2023-10-20,M0 flat,-3.7038,0.000142967
2023-10-23,M0 flat,-3.60578,0.000387334
2023-10-24,M0 flat,-4.13309,0.000102421
2023-10-25,M0 flat,-4.0484,7.40456e-05
2023-10-26,M0 flat,-3.42677,0.000229145
2023-10-27,M0 flat,-3.84187,8.1056e-05
2023-10-30,M0 flat,-4.09715,7.04879e-05
2023-10-31,M0 flat,-4.10188,0.000131037
2023-11-01,M0 flat,-3.89798,0.000197209
2023-11-02,M0 flat,-4.53962,5.58191e-05
2023-11-03,M0 flat,-4.16478,9.68325e-05
2023-11-06,M0 flat,-4.32388,8.94328e-05
2023-11-07,M0 flat,-4.52451,5.49129e-05
2023-11-08,M0 flat,-4.5569,3.79361e-05
2023-11-09,M0 flat,-3.96895,0.000232681
2023-11-10,M0 flat,-4.65557,3.97776e-05
2023-11-13,M0 flat,-4.67643,3.58995e-05
2023-11-14,M0 flat,-4.68512,2.31411e-05
2023-11-15,M0 flat,-4.32408,7.0105e-05
2023-11-16,M0 flat,-4.47507,4.62599e-05
2023-11-17,M0 flat,-4.86631,2.97217e-05
2023-11-20,M0 flat,-4.94493,3.65423e-05
2023-11-21,M0 flat,-5.03861,1.73387e-05
2023-11-22,M0 flat,-4.52522,8.9258e-05
2023-11-27,M0 flat,-5.35639,8.40381e-06
2023-11-28,M0 flat,-5.08151,2.57216e-05
2023-11-29,M0 flat,-5.06788,1.66699e-05
2023-11-30,M0 flat,-3.78413,0.00010887
2023-12-01,M0 flat,-4.43723,3.92188e-05
2023-12-04,M0 flat,-5.33279,1.36008e-05
2023-12-05,M0 flat,-4.23859,0.000154141
2023-12-06,M0 flat,-4.79479,4.22386e-05
2023-12-07,M0 flat,-5.13703,2.23982e-05
2023-12-08,M0 flat,-4.4156,8.77317e-05
2023-12-11,M0 flat,-5.35967,8.00469e-06
2023-12-12,M0 flat,-5.53563,6.35156e-06
2023-12-13,M0 flat,-3.29163,0.000830777
2023-12-14,M0 flat,-4.3816,5.96979e-05
2023-12-15,M0 flat,-4.65313,9.22651e-05
2023-12-18,M0 flat,-5.35702,7.56354e-06
2023-12-19,M0 flat,-5.54033,6.72214e-06
2023-12-20,M0 flat,-3.76327,0.000264185
2023-12-21,M0 flat,-4.17165,0.000123199
2023-12-22,M0 flat,-4.63939,3.31083e-05
2023-12-26,M0 flat,-5.13401,2.0472e-05
2023-12-27,M0 flat,-4.91007,5.15444e-05
2023-12-28,M0 flat,-5.29262,1.00711e-05
2023-12-29,M0 flat,-5.05425,1.15158e-05
2023-01-03,M1 hist. profile,-2.75584,0.00108021
2023-01-04,M1 hist. profile,-2.74237,0.00132434
2023-01-05,M1 hist. profile,-3.26974,0.000521992
2023-01-06,M1 hist. profile,-3.46764,0.00156392
2023-01-09,M1 hist. profile,-3.87076,0.000139508
2023-01-10,M1 hist. profile,-3.82699,0.000259744
2023-01-11,M1 hist. profile,-4.37212,5.62839e-05
2023-01-12,M1 hist. profile,-2.9408,0.00164448
2023-01-13,M1 hist. profile,-4.39896,5.50169e-05
2023-01-17,M1 hist. profile,-4.50845,7.19456e-05
2023-01-18,M1 hist. profile,-4.08628,6.01539e-05
2023-01-19,M1 hist. profile,-3.93873,0.00010821
2023-01-20,M1 hist. profile,-4.14155,9.29879e-05
2023-01-23,M1 hist. profile,-3.87652,0.000211468
2023-01-24,M1 hist. profile,-3.86181,0.00056376
2023-01-25,M1 hist. profile,-3.89507,9.75987e-05
2023-01-26,M1 hist. profile,-3.41064,0.000536517
2023-01-27,M1 hist. profile,-4.22941,5.78098e-05
2023-01-30,M1 hist. profile,-4.11252,8.04817e-05
2023-01-31,M1 hist. profile,-4.36434,0.000141619
2023-02-01,M1 hist. profile,-0.979112,0.0081908
2023-02-02,M1 hist. profile,-3.27023,0.000394602
2023-02-03,M1 hist. profile,-2.96001,0.000452845
2023-02-06,M1 hist. profile,-4.35444,6.10209e-05
2023-02-07,M1 hist. profile,-0.334799,0.00242757
2023-02-08,M1 hist. profile,-3.47798,0.0001746
2023-02-09,M1 hist. profile,-3.51649,0.000197755
2023-02-10,M1 hist. profile,-4.14169,8.40854e-05
2023-02-13,M1 hist. profile,-4.60614,4.9552e-05
2023-02-14,M1 hist. profile,-2.32522,0.00195344
2023-02-15,M1 hist. profile,-4.19173,0.00016595
2023-02-16,M1 hist. profile,-3.9622,0.000122871
2023-02-17,M1 hist. profile,-3.98249,9.57347e-05
2023-04-06,M1 hist. profile,-4.82822,2.81759e-05
2023-07-31,M1 hist. profile,-4.93155,4.56439e-05
2023-08-01,M1 hist. profile,-5.18984,1.73394e-05
2023-08-02,M1 hist. profile,-4.73573,1.85398e-05
2023-08-03,M1 hist. profile,-4.42746,7.73837e-05
2023-08-04,M1 hist. profile,-4.18373,0.000153025
2023-08-07,M1 hist. profile,-4.80392,3.9602e-05
2023-08-08,M1 hist. profile,-4.70683,3.85188e-05
2023-08-09,M1 hist. profile,-4.53138,4.27157e-05
2023-08-10,M1 hist. profile,-3.51795,0.000105492
2023-08-11,M1 hist. profile,-4.47499,6.40937e-05
2023-08-14,M1 hist. profile,-5.1398,1.49803e-05
2023-08-15,M1 hist. profile,-4.56882,6.23881e-05
2023-08-16,M1 hist. profile,-4.37903,6.53849e-05
2023-08-17,M1 hist. profile,-4.45304,5.49117e-05
2023-08-18,M1 hist. profile,-4.43573,5.20252e-05
2023-08-21,M1 hist. profile,-4.62709,3.15921e-05
2023-08-22,M1 hist. profile,-4.36534,3.99262e-05
2023-08-23,M1 hist. profile,-5.14034,1.54081e-05
2023-08-24,M1 hist. profile,-4.30006,8.29168e-05
2023-08-25,M1 hist. profile,-3.19153,0.000720476
2023-08-28,M1 hist. profile,-4.57204,3.87353e-05
2023-08-29,M1 hist. profile,-4.67616,6.64131e-05
2023-08-30,M1 hist. profile,-4.44198,7.39475e-05
2023-08-31,M1 hist. profile,-4.70817,3.19537e-05
2023-09-01,M1 hist. profile,-4.74628,6.12619e-05
2023-09-05,M1 hist. profile,-5.14364,1.31716e-05
2023-09-06,M1 hist. profile,-4.74494,6.68176e-05
2023-09-07,M1 hist. profile,-4.71917,5.02928e-05
2023-09-08,M1 hist. profile,-4.8811,2.65749e-05
2023-09-11,M1 hist. profile,-5.2391,1.75956e-05
2023-09-12,M1 hist. profile,-4.94028,1.96039e-05
2023-09-13,M1 hist. profile,-4.8132,3.01084e-05
2023-09-14,M1 hist. profile,-5.48499,7.10088e-06
2023-09-15,M1 hist. profile,-4.92547,2.05913e-05
2023-09-18,M1 hist. profile,-4.95902,2.74614e-05
2023-09-19,M1 hist. profile,-4.95106,2.41409e-05
2023-09-20,M1 hist. profile,-4.45429,0.000220264
2023-09-21,M1 hist. profile,-4.62521,3.86725e-05
2023-09-22,M1 hist. profile,-4.1416,0.000117862
2023-09-25,M1 hist. profile,-4.17668,0.000114671
2023-09-26,M1 hist. profile,-4.34204,4.47181e-05
2023-09-27,M1 hist. profile,-3.83742,0.000156507
2023-09-28,M1 hist. profile,-3.63375,0.00017595
2023-09-29,M1 hist. profile,-3.48091,0.000201331
2023-10-02,M1 hist. profile,-3.27424,0.000176397
2023-10-03,M1 hist. profile,-3.97857,0.000590311
2023-10-04,M1 hist. profile,-3.72458,0.00021402
2023-10-05,M1 hist. profile,-4.05368,9.44319e-05
2023-10-06,M1 hist. profile,-3.51845,0.000217123
2023-10-09,M1 hist. profile,-4.35243,7.47138e-05
2023-10-10,M1 hist. profile,-4.46279,0.000120544
2023-10-11,M1 hist. profile,-4.48705,5.42777e-05
2023-10-12,M1 hist. profile,-4.11379,9.8854e-05
2023-10-13,M1 hist. profile,-3.38373,0.000182347
2023-10-16,M1 hist. profile,-4.40347,6.71479e-05
2023-10-17,M1 hist. profile,-4.22951,0.00012411
2023-10-18,M1 hist. profile,-3.31783,0.000336359
2023-10-19,M1 hist. profile,-1.43261,0.00139479
2023-10-20,M1 hist. profile,-3.56449,0.000161749
2023-10-23,M1 hist. profile,-3.65699,0.00036506
2023-10-24,M1 hist. profile,-4.24127,8.87033e-05
2023-10-25,M1 hist. profile,-4.12638,6.59766e-05
2023-10-26,M1 hist. profile,-3.47229,0.000210294
2023-10-27,M1 hist. profile,-3.88403,8.29676e-05
2023-10-30,M1 hist. profile,-4.11947,7.27195e-05
2023-10-31,M1 hist. profile,-4.16394,0.000130822
2023-11-01,M1 hist. profile,-3.88295,0.000205184
2023-11-02,M1 hist. profile,-4.64412,5.31288e-05
2023-11-03,M1 hist. profile,-4.2439,0.00010653
2023-11-06,M1 hist. profile,-4.40364,0.000100206
2023-11-07,M1 hist. profile,-4.61884,5.72451e-05
2023-11-08,M1 hist. profile,-4.61504,3.9793e-05
2023-11-09,M1 hist. profile,-3.83731,0.000237858
2023-11-10,M1 hist. profile,-4.66173,4.15143e-05
2023-11-13,M1 hist. profile,-4.70134,4.7392e-05
2023-11-14,M1 hist. profile,-4.77019,2.24667e-05
2023-11-15,M1 hist. profile,-4.37469,8.69087e-05
2023-11-16,M1 hist. profile,-4.53917,5.26132e-05
2023-11-17,M1 hist. profile,-4.94168,3.48544e-05
2023-11-20,M1 hist. profile,-5.00596,3.93751e-05
2023-11-21,M1 hist. profile,-5.09285,2.07777e-05
2023-11-22,M1 hist. profile,-4.68201,8.18155e-05
2023-11-27,M1 hist. profile,-5.4267,9.72664e-06
2023-11-28,M1 hist. profile,-5.11012,2.63878e-05
2023-11-29,M1 hist. profile,-5.17723,1.53966e-05
2023-11-30,M1 hist. profile,-4.20363,0.000101961
2023-12-01,M1 hist. profile,-4.43276,3.79544e-05
2023-12-04,M1 hist. profile,-5.39727,1.37472e-05
2023-12-05,M1 hist. profile,-4.37147,0.000146621
2023-12-06,M1 hist. profile,-4.92736,4.04468e-05
2023-12-07,M1 hist. profile,-5.21074,2.23609e-05
2023-12-08,M1 hist. profile,-4.7686,7.79985e-05
2023-12-11,M1 hist. profile,-5.47268,7.2785e-06
2023-12-12,M1 hist. profile,-5.6548,5.41919e-06
2023-12-13,M1 hist. profile,-3.86473,0.000820546
2023-12-14,M1 hist. profile,-4.38836,5.39756e-05
2023-12-15,M1 hist. profile,-4.81823,8.53421e-05
2023-12-18,M1 hist. profile,-5.43647,8.17874e-06
2023-12-19,M1 hist. profile,-5.61822,7.01923e-06
2023-12-20,M1 hist. profile,-3.90827,0.000258359
2023-12-21,M1 hist. profile,-4.16326,0.000129649
2023-12-22,M1 hist. profile,-4.70217,3.81258e-05
2023-12-26,M1 hist. profile,-5.19226,2.52062e-05
2023-12-27,M1 hist. profile,-5.04794,4.73702e-05
2023-12-28,M1 hist. profile,-5.36409,1.08671e-05
2023-12-29,M1 hist. profile,-5.08256,1.19569e-05
2023-01-03,M2 FFF,-2.75101,0.00107365
2023-01-04,M2 FFF,-2.74131,0.00135226
2023-01-05,M2 FFF,-3.28398,0.000518269
2023-01-06,M2 FFF,-3.46931,0.00156169
2023-01-09,M2 FFF,-3.85047,0.000142244
2023-01-10,M2 FFF,-3.81645,0.000258151
2023-01-11,M2 FFF,-4.37373,5.49199e-05
2023-01-12,M2 FFF,-2.93454,0.00164893
2023-01-13,M2 FFF,-4.40115,5.36018e-05
2023-01-17,M2 FFF,-4.48217,7.78818e-05
2023-01-18,M2 FFF,-4.08114,5.98177e-05
2023-01-19,M2 FFF,-3.93898,0.000105385
2023-01-20,M2 FFF,-4.14006,9.18571e-05
2023-01-23,M2 FFF,-3.86345,0.000214534
2023-01-24,M2 FFF,-3.88676,0.000539594
2023-01-25,M2 FFF,-3.91238,9.29588e-05
2023-01-26,M2 FFF,-3.42519,0.000535702
2023-01-27,M2 FFF,-4.21401,6.02374e-05
2023-01-30,M2 FFF,-4.1187,7.85705e-05
2023-01-31,M2 FFF,-4.37767,0.00013643
2023-02-01,M2 FFF,-0.775324,0.00821247
2023-02-02,M2 FFF,-3.26192,0.000395589
2023-02-03,M2 FFF,-3.01172,0.000447974
2023-02-06,M2 FFF,-4.35105,5.94342e-05
2023-02-07,M2 FFF,-0.118308,0.00243955
2023-02-08,M2 FFF,-3.46724,0.000173129
2023-02-09,M2 FFF,-3.47761,0.00019946
2023-02-10,M2 FFF,-4.14292,8.6342e-05
2023-02-13,M2 FFF,-4.62708,4.57846e-05
2023-02-14,M2 FFF,-2.32984,0.00195266
2023-02-15,M2 FFF,-4.18822,0.000165831
2023-02-16,M2 FFF,-3.92888,0.000123197
2023-02-17,M2 FFF,-3.97642,9.84893e-05
2023-04-06,M2 FFF,-4.81961,2.75441e-05
2023-07-31,M2 FFF,-4.93446,4.42554e-05
2023-08-01,M2 FFF,-5.18881,1.6904e-05
2023-08-02,M2 FFF,-4.726,1.82356e-05
2023-08-03,M2 FFF,-4.4299,7.64076e-05
2023-08-04,M2 FFF,-4.11219,0.000160654
2023-08-07,M2 FFF,-4.80661,3.84299e-05
2023-08-08,M2 FFF,-4.70858,3.76426e-05
2023-08-09,M2 FFF,-4.51946,4.26705e-05
2023-08-10,M2 FFF,-3.58592,0.000103875
2023-08-11,M2 FFF,-4.44089,6.70433e-05
2023-08-14,M2 FFF,-5.13908,1.4866e-05
2023-08-15,M2 FFF,-4.55517,6.31531e-05
2023-08-16,M2 FFF,-4.35548,6.71054e-05
2023-08-17,M2 FFF,-4.45529,5.38515e-05
2023-08-18,M2 FFF,-4.44289,4.97095e-05
2023-08-21,M2 FFF,-4.64913,2.88046e-05
2023-08-22,M2 FFF,-4.36507,3.973e-05
2023-08-23,M2 FFF,-5.15244,1.44652e-05
2023-08-24,M2 FFF,-4.33057,7.99116e-05
2023-08-25,M2 FFF,-3.24614,0.000710891
2023-08-28,M2 FFF,-4.59817,3.60672e-05
2023-08-29,M2 FFF,-4.64367,7.33587e-05
2023-08-30,M2 FFF,-4.43643,7.26945e-05
2023-08-31,M2 FFF,-4.70412,3.11348e-05
2023-09-01,M2 FFF,-4.75014,5.93749e-05
2023-09-05,M2 FFF,-5.13293,1.32336e-05
2023-09-06,M2 FFF,-4.72374,7.06929e-05
2023-09-07,M2 FFF,-4.70407,5.07357e-05
2023-09-08,M2 FFF,-4.891,2.6878e-05
2023-09-11,M2 FFF,-5.24582,1.70669e-05
2023-09-12,M2 FFF,-4.94291,1.93835e-05
2023-09-13,M2 FFF,-4.80985,3.08692e-05
2023-09-14,M2 FFF,-5.48006,7.21594e-06
2023-09-15,M2 FFF,-4.91862,2.04344e-05
2023-09-18,M2 FFF,-4.95773,2.69593e-05
2023-09-19,M2 FFF,-4.93701,2.56285e-05
2023-09-20,M2 FFF,-4.28302,0.000226914
2023-09-21,M2 FFF,-4.62614,3.69878e-05
2023-09-22,M2 FFF,-4.14598,0.00011241
2023-09-25,M2 FFF,-4.16917,0.000114799
2023-09-26,M2 FFF,-4.34907,4.42462e-05
2023-09-27,M2 FFF,-3.82775,0.000155834
2023-09-28,M2 FFF,-3.6164,0.000176817
2023-09-29,M2 FFF,-3.52965,0.000199114
2023-10-02,M2 FFF,-3.31304,0.000179332
2023-10-03,M2 FFF,-3.85216,0.000603531
2023-10-04,M2 FFF,-3.71734,0.000219972
2023-10-05,M2 FFF,-4.03507,9.66899e-05
2023-10-06,M2 FFF,-3.51833,0.000216473
2023-10-09,M2 FFF,-4.32603,7.98269e-05
2023-10-10,M2 FFF,-4.43241,0.000121049
2023-10-11,M2 FFF,-4.5214,5.2736e-05
2023-10-12,M2 FFF,-4.09269,9.89385e-05
2023-10-13,M2 FFF,-3.3616,0.000183018
2023-10-16,M2 FFF,-4.39871,6.68076e-05
2023-10-17,M2 FFF,-4.27995,0.000120462
2023-10-18,M2 FFF,-3.26171,0.000336189
2023-10-19,M2 FFF,-1.41426,0.00139554
2023-10-20,M2 FFF,-3.60935,0.000154915
2023-10-23,M2 FFF,-3.68238,0.000361488
2023-10-24,M2 FFF,-4.24209,8.93068e-05
2023-10-25,M2 FFF,-4.11668,6.86678e-05
2023-10-26,M2 FFF,-3.46594,0.000209448
2023-10-27,M2 FFF,-3.88319,7.95267e-05
2023-10-30,M2 FFF,-4.11252,7.35069e-05
2023-10-31,M2 FFF,-4.16596,0.000128833
2023-11-01,M2 FFF,-3.86908,0.00020483
2023-11-02,M2 FFF,-4.63946,5.23002e-05
2023-11-03,M2 FFF,-4.23955,0.000105011
2023-11-06,M2 FFF,-4.40031,9.78261e-05
2023-11-07,M2 FFF,-4.61181,5.64261e-05
2023-11-08,M2 FFF,-4.60027,4.20214e-05
2023-11-09,M2 FFF,-3.78621,0.000240879
2023-11-10,M2 FFF,-4.63088,4.31466e-05
2023-11-13,M2 FFF,-4.69956,4.5635e-05
2023-11-14,M2 FFF,-4.76661,2.26205e-05
2023-11-15,M2 FFF,-4.37206,8.42979e-05
2023-11-16,M2 FFF,-4.53849,5.13464e-05
2023-11-17,M2 FFF,-4.92913,3.45509e-05
2023-11-20,M2 FFF,-4.99069,3.8404e-05
2023-11-21,M2 FFF,-5.09055,1.98569e-05
2023-11-22,M2 FFF,-4.6686,8.2812e-05
2023-11-27,M2 FFF,-5.42078,9.52046e-06
2023-11-28,M2 FFF,-5.08973,2.65661e-05
2023-11-29,M2 FFF,-5.14739,1.57782e-05
2023-11-30,M2 FFF,-4.17732,0.000102899
2023-12-01,M2 FFF,-4.42097,3.86214e-05
2023-12-04,M2 FFF,-5.41541,1.31628e-05
2023-12-05,M2 FFF,-4.32799,0.000150329
2023-12-06,M2 FFF,-4.92193,4.0447e-05
2023-12-07,M2 FFF,-5.20853,2.2102e-05
2023-12-08,M2 FFF,-4.71417,8.11253e-05
2023-12-11,M2 FFF,-5.46633,7.14079e-06
2023-12-12,M2 FFF,-5.64775,5.39905e-06
2023-12-13,M2 FFF,-3.32378,0.000830634
2023-12-14,M2 FFF,-4.44305,5.34004e-05
2023-12-15,M2 FFF,-4.819,8.44957e-05
2023-12-18,M2 FFF,-5.43013,8.04405e-06
2023-12-19,M2 FFF,-5.61358,6.83665e-06
2023-12-20,M2 FFF,-3.95529,0.000257888
2023-12-21,M2 FFF,-4.17624,0.000126797
2023-12-22,M2 FFF,-4.69912,3.73199e-05
2023-12-26,M2 FFF,-5.18788,2.45176e-05
2023-12-27,M2 FFF,-5.00984,4.93111e-05
2023-12-28,M2 FFF,-5.34932,1.08984e-05
2023-12-29,M2 FFF,-5.09421,1.16827e-05
2023-01-03,M3 FFF+intraday GARCH,-2.95896,0.00104706
2023-01-04,M3 FFF+intraday GARCH,-3.06977,0.00129131
2023-01-05,M3 FFF+intraday GARCH,-3.35059,0.000582191
2023-01-06,M3 FFF+intraday GARCH,-3.6022,0.00147972
2023-01-09,M3 FFF+intraday GARCH,-3.91538,0.000106774
2023-01-10,M3 FFF+intraday GARCH,-3.93524,0.000250284
2023-01-11,M3 FFF+intraday GARCH,-4.53773,3.60359e-05
2023-01-12,M3 FFF+intraday GARCH,-2.58555,0.00171631
2023-01-13,M3 FFF+intraday GARCH,-4.45971,5.02452e-05
2023-01-17,M3 FFF+intraday GARCH,-4.46943,8.17172e-05
2023-01-18,M3 FFF+intraday GARCH,-4.14104,5.51388e-05
2023-01-19,M3 FFF+intraday GARCH,-3.84373,0.000122278
2023-01-20,M3 FFF+intraday GARCH,-4.09439,9.58457e-05
2023-01-23,M3 FFF+intraday GARCH,-3.78357,0.000218708
2023-01-24,M3 FFF+intraday GARCH,-3.85555,0.000573796
2023-01-25,M3 FFF+intraday GARCH,-3.86107,0.000104771
2023-01-26,M3 FFF+intraday GARCH,-3.70147,0.000486093
2023-01-27,M3 FFF+intraday GARCH,-4.19708,6.33747e-05
2023-01-30,M3 FFF+intraday GARCH,-4.07681,7.92601e-05
2023-01-31,M3 FFF+intraday GARCH,-4.4195,0.000141901
2023-02-01,M3 FFF+intraday GARCH,-2.89722,0.00809378
2023-02-02,M3 FFF+intraday GARCH,-3.22057,0.00107087
2023-02-03,M3 FFF+intraday GARCH,-3.20771,0.000560929
2023-02-06,M3 FFF+intraday GARCH,-4.35931,6.27248e-05
2023-02-07,M3 FFF+intraday GARCH,-2.55986,0.00224311
2023-02-08,M3 FFF+intraday GARCH,-3.57581,0.000213571
2023-02-09,M3 FFF+intraday GARCH,-3.53487,0.000195811
2023-02-10,M3 FFF+intraday GARCH,-4.11042,9.42726e-05
2023-02-13,M3 FFF+intraday GARCH,-4.61247,4.77032e-05
2023-02-14,M3 FFF+intraday GARCH,-2.95644,0.0019091
2023-02-15,M3 FFF+intraday GARCH,-4.23623,0.000161392
2023-02-16,M3 FFF+intraday GARCH,-3.99621,0.000125086
2023-02-17,M3 FFF+intraday GARCH,-3.92268,0.000107296
2023-04-06,M3 FFF+intraday GARCH,-5.16624,1.22525e-05
2023-07-31,M3 FFF+intraday GARCH,-5.15738,4.08018e-05
2023-08-01,M3 FFF+intraday GARCH,-5.45252,1.32857e-05
2023-08-02,M3 FFF+intraday GARCH,-4.67216,1.93636e-05
2023-08-03,M3 FFF+intraday GARCH,-4.39973,7.47315e-05
2023-08-04,M3 FFF+intraday GARCH,-4.11054,0.000168918
2023-08-07,M3 FFF+intraday GARCH,-5.00384,3.57132e-05
2023-08-08,M3 FFF+intraday GARCH,-4.69428,3.89051e-05
2023-08-09,M3 FFF+intraday GARCH,-4.46232,4.50225e-05
2023-08-10,M3 FFF+intraday GARCH,-3.81268,0.00010048
2023-08-11,M3 FFF+intraday GARCH,-4.43585,6.96536e-05
2023-08-14,M3 FFF+intraday GARCH,-5.14021,1.57115e-05
2023-08-15,M3 FFF+intraday GARCH,-4.4827,6.7008e-05
2023-08-16,M3 FFF+intraday GARCH,-4.31378,7.24812e-05
2023-08-17,M3 FFF+intraday GARCH,-4.43615,4.96953e-05
2023-08-18,M3 FFF+intraday GARCH,-4.41418,5.38031e-05
2023-08-21,M3 FFF+intraday GARCH,-4.67623,2.91786e-05
2023-08-22,M3 FFF+intraday GARCH,-4.32506,4.28872e-05
2023-08-23,M3 FFF+intraday GARCH,-5.20189,1.44598e-05
2023-08-24,M3 FFF+intraday GARCH,-4.23643,8.57965e-05
2023-08-25,M3 FFF+intraday GARCH,-3.36336,0.000697505
2023-08-28,M3 FFF+intraday GARCH,-4.7052,2.43842e-05
2023-08-29,M3 FFF+intraday GARCH,-4.70949,7.51211e-05
2023-08-30,M3 FFF+intraday GARCH,-4.63106,5.78851e-05
2023-08-31,M3 FFF+intraday GARCH,-4.98838,1.18975e-05
2023-09-01,M3 FFF+intraday GARCH,-4.92321,6.08719e-05
2023-09-05,M3 FFF+intraday GARCH,-5.34294,8.68101e-06
2023-09-06,M3 FFF+intraday GARCH,-4.66181,7.49054e-05
2023-09-07,M3 FFF+intraday GARCH,-4.62233,5.30651e-05
2023-09-08,M3 FFF+intraday GARCH,-4.84912,2.69172e-05
2023-09-11,M3 FFF+intraday GARCH,-5.34719,1.70196e-05
2023-09-12,M3 FFF+intraday GARCH,-4.8902,2.03796e-05
2023-09-13,M3 FFF+intraday GARCH,-4.73204,3.29334e-05
2023-09-14,M3 FFF+intraday GARCH,-5.53459,6.50249e-06
2023-09-15,M3 FFF+intraday GARCH,-4.82803,2.05007e-05
2023-09-18,M3 FFF+intraday GARCH,-5.31555,1.16435e-05
2023-09-19,M3 FFF+intraday GARCH,-4.99565,2.2606e-05
2023-09-20,M3 FFF+intraday GARCH,-4.37826,0.000230686
2023-09-21,M3 FFF+intraday GARCH,-4.64055,4.63155e-05
2023-09-22,M3 FFF+intraday GARCH,-4.25498,9.62342e-05
2023-09-25,M3 FFF+intraday GARCH,-4.13076,0.000120661
2023-09-26,M3 FFF+intraday GARCH,-4.29547,4.67665e-05
2023-09-27,M3 FFF+intraday GARCH,-3.74623,0.000165631
2023-09-28,M3 FFF+intraday GARCH,-3.63985,0.000191765
2023-09-29,M3 FFF+intraday GARCH,-3.6648,0.000205256
2023-10-02,M3 FFF+intraday GARCH,-3.66983,0.000162599
2023-10-03,M3 FFF+intraday GARCH,-4.02663,0.000595079
2023-10-04,M3 FFF+intraday GARCH,-3.7166,0.000225339
2023-10-05,M3 FFF+intraday GARCH,-4.06563,9.8636e-05
2023-10-06,M3 FFF+intraday GARCH,-3.76529,0.00020922
2023-10-09,M3 FFF+intraday GARCH,-4.31629,8.35974e-05
2023-10-10,M3 FFF+intraday GARCH,-4.21278,0.000123625
2023-10-11,M3 FFF+intraday GARCH,-4.438,5.42291e-05
2023-10-12,M3 FFF+intraday GARCH,-4.15568,0.000101421
2023-10-13,M3 FFF+intraday GARCH,-3.64853,0.000193671
2023-10-16,M3 FFF+intraday GARCH,-4.35097,7.94522e-05
2023-10-17,M3 FFF+intraday GARCH,-4.12552,0.000130235
2023-10-18,M3 FFF+intraday GARCH,-3.48384,0.000346863
2023-10-19,M3 FFF+intraday GARCH,-2.89227,0.00134796
2023-10-20,M3 FFF+intraday GARCH,-3.63798,0.000180975
2023-10-23,M3 FFF+intraday GARCH,-3.57316,0.000389672
2023-10-24,M3 FFF+intraday GARCH,-4.25477,8.23415e-05
2023-10-25,M3 FFF+intraday GARCH,-4.10088,7.03606e-05
2023-10-26,M3 FFF+intraday GARCH,-3.43126,0.000235533
2023-10-27,M3 FFF+intraday GARCH,-3.8482,8.38985e-05
2023-10-30,M3 FFF+intraday GARCH,-4.17077,6.66092e-05
2023-10-31,M3 FFF+intraday GARCH,-4.19001,0.000124276
2023-11-01,M3 FFF+intraday GARCH,-3.87174,0.000211965
2023-11-02,M3 FFF+intraday GARCH,-5.06855,3.59065e-05
2023-11-03,M3 FFF+intraday GARCH,-4.74114,2.89063e-05
2023-11-06,M3 FFF+intraday GARCH,-5.22768,1.16809e-05
2023-11-07,M3 FFF+intraday GARCH,-5.22794,1.44127e-05
2023-11-08,M3 FFF+intraday GARCH,-4.76734,2.61675e-05
2023-11-09,M3 FFF+intraday GARCH,-3.72397,0.000234437
2023-11-10,M3 FFF+intraday GARCH,-4.69629,3.90611e-05
2023-11-13,M3 FFF+intraday GARCH,-5.26324,6.14108e-06
2023-11-14,M3 FFF+intraday GARCH,-4.9496,1.33761e-05
2023-11-15,M3 FFF+intraday GARCH,-4.92789,1.09174e-05
2023-11-16,M3 FFF+intraday GARCH,-4.90164,2.03855e-05
2023-11-17,M3 FFF+intraday GARCH,-5.61549,5.14231e-06
2023-11-20,M3 FFF+intraday GARCH,-4.9045,2.80362e-05
2023-11-21,M3 FFF+intraday GARCH,-5.44444,7.82147e-06
2023-11-22,M3 FFF+intraday GARCH,-4.49458,9.05177e-05
2023-11-27,M3 FFF+intraday GARCH,-5.80139,3.4167e-06
2023-11-28,M3 FFF+intraday GARCH,-5.041,2.66447e-05
2023-11-29,M3 FFF+intraday GARCH,-5.05782,1.7119e-05
2023-11-30,M3 FFF+intraday GARCH,-4.42619,9.64475e-05
2023-12-01,M3 FFF+intraday GARCH,-4.67965,3.91978e-05
2023-12-04,M3 FFF+intraday GARCH,-5.37713,1.38897e-05
2023-12-05,M3 FFF+intraday GARCH,-4.33525,0.000154753
2023-12-06,M3 FFF+intraday GARCH,-4.83973,4.27185e-05
2023-12-07,M3 FFF+intraday GARCH,-5.20739,2.25404e-05
2023-12-08,M3 FFF+intraday GARCH,-4.75074,8.10562e-05
2023-12-11,M3 FFF+intraday GARCH,-5.59562,6.27651e-06
2023-12-12,M3 FFF+intraday GARCH,-5.83387,4.5446e-06
2023-12-13,M3 FFF+intraday GARCH,-2.2829,0.000840176
2023-12-14,M3 FFF+intraday GARCH,-4.39476,6.50876e-05
2023-12-15,M3 FFF+intraday GARCH,-4.85176,8.11206e-05
2023-12-18,M3 FFF+intraday GARCH,-5.60903,1.16859e-05
2023-12-19,M3 FFF+intraday GARCH,-6.04369,2.88122e-06
2023-12-20,M3 FFF+intraday GARCH,-4.96266,0.000180009
2023-12-21,M3 FFF+intraday GARCH,-4.08654,0.000163415
2023-12-22,M3 FFF+intraday GARCH,-5.05012,1.95551e-05
2023-12-26,M3 FFF+intraday GARCH,-6.01068,4.58084e-06
2023-12-27,M3 FFF+intraday GARCH,-5.28007,4.41575e-05
2023-12-28,M3 FFF+intraday GARCH,-5.64843,6.1634e-06
2023-12-29,M3 FFF+intraday GARCH,-5.11154,9.93197e-06
2023-01-03,M4 raw intraday GARCH,-2.88436,0.00111675
2023-01-04,M4 raw intraday GARCH,-2.91585,0.00140912
2023-01-05,M4 raw intraday GARCH,-3.3845,0.000561843
2023-01-06,M4 raw intraday GARCH,-3.16372,0.00164708
2023-01-09,M4 raw intraday GARCH,-3.88902,0.00010768
2023-01-10,M4 raw intraday GARCH,-3.92261,0.000262306
2023-01-11,M4 raw intraday GARCH,-4.48149,3.94926e-05
2023-01-12,M4 raw intraday GARCH,-2.28596,0.00176248
2023-01-13,M4 raw intraday GARCH,-4.41214,5.00271e-05
2023-01-17,M4 raw intraday GARCH,-4.39264,9.00342e-05
2023-01-18,M4 raw intraday GARCH,-4.1647,5.46516e-05
2023-01-19,M4 raw intraday GARCH,-3.74346,0.000134184
2023-01-20,M4 raw intraday GARCH,-4.09524,9.23582e-05
2023-01-23,M4 raw intraday GARCH,-3.72042,0.000229666
2023-01-24,M4 raw intraday GARCH,-3.7054,0.000619958
2023-01-25,M4 raw intraday GARCH,-3.80715,0.000110038
2023-01-26,M4 raw intraday GARCH,-3.64865,0.000517649
2023-01-27,M4 raw intraday GARCH,-4.13103,7.12036e-05
2023-01-30,M4 raw intraday GARCH,-4.03023,8.95102e-05
2023-01-31,M4 raw intraday GARCH,-4.30092,0.000156229
2023-02-01,M4 raw intraday GARCH,-2.98611,0.00793846
2023-02-02,M4 raw intraday GARCH,-3.34673,0.000466883
2023-02-03,M4 raw intraday GARCH,-3.21505,0.000460289
2023-02-06,M4 raw intraday GARCH,-4.28745,6.78394e-05
2023-02-07,M4 raw intraday GARCH,-2.82817,0.00206838
2023-02-08,M4 raw intraday GARCH,-3.58204,0.000177118
2023-02-09,M4 raw intraday GARCH,-3.53043,0.000205341
2023-02-10,M4 raw intraday GARCH,-4.08053,9.76737e-05
2023-02-13,M4 raw intraday GARCH,-4.48991,5.48808e-05
2023-02-14,M4 raw intraday GARCH,-2.96916,0.00197857
2023-02-15,M4 raw intraday GARCH,-4.0765,0.000182393
2023-02-16,M4 raw intraday GARCH,-4.02583,0.000126245
2023-02-17,M4 raw intraday GARCH,-3.82552,0.000124407
2023-04-06,M4 raw intraday GARCH,-5.16175,8.54558e-06
2023-07-31,M4 raw intraday GARCH,-5.02739,4.71189e-05
2023-08-01,M4 raw intraday GARCH,-5.35942,1.46618e-05
2023-08-02,M4 raw intraday GARCH,-4.66996,1.94888e-05
2023-08-03,M4 raw intraday GARCH,-4.38313,7.82711e-05
2023-08-04,M4 raw intraday GARCH,-4.05559,0.000175241
2023-08-07,M4 raw intraday GARCH,-4.91289,4.08519e-05
2023-08-08,M4 raw intraday GARCH,-4.62961,4.16221e-05
2023-08-09,M4 raw intraday GARCH,-4.3781,4.80051e-05
2023-08-10,M4 raw intraday GARCH,-3.792,0.000103382
2023-08-11,M4 raw intraday GARCH,-4.3884,7.23902e-05
2023-08-14,M4 raw intraday GARCH,-5.0187,1.83677e-05
2023-08-15,M4 raw intraday GARCH,-4.43291,7.02093e-05
2023-08-16,M4 raw intraday GARCH,-4.17598,8.05643e-05
2023-08-17,M4 raw intraday GARCH,-4.41119,5.71853e-05
2023-08-18,M4 raw intraday GARCH,-4.38445,5.39723e-05
2023-08-21,M4 raw intraday GARCH,-4.64518,3.24097e-05
2023-08-22,M4 raw intraday GARCH,-4.33955,4.27804e-05
2023-08-23,M4 raw intraday GARCH,-5.08824,1.53181e-05
2023-08-24,M4 raw intraday GARCH,-4.13913,9.42926e-05
2023-08-25,M4 raw intraday GARCH,-3.35652,0.000718633
2023-08-28,M4 raw intraday GARCH,-4.70802,2.17203e-05
2023-08-29,M4 raw intraday GARCH,-4.59364,8.1199e-05
2023-08-30,M4 raw intraday GARCH,-4.60559,6.01079e-05
2023-08-31,M4 raw intraday GARCH,-4.95894,1.30767e-05
2023-09-01,M4 raw intraday GARCH,-4.85949,6.84455e-05
2023-09-05,M4 raw intraday GARCH,-5.22797,1.0097e-05
2023-09-06,M4 raw intraday GARCH,-4.6072,8.05037e-05
2023-09-07,M4 raw intraday GARCH,-4.58009,5.60389e-05
2023-09-08,M4 raw intraday GARCH,-4.78213,2.85596e-05
2023-09-11,M4 raw intraday GARCH,-5.25713,2.00516e-05
2023-09-12,M4 raw intraday GARCH,-4.92933,1.96966e-05
2023-09-13,M4 raw intraday GARCH,-4.6932,3.42779e-05
2023-09-14,M4 raw intraday GARCH,-5.57388,5.68471e-06
2023-09-15,M4 raw intraday GARCH,-4.83296,2.0801e-05
2023-09-18,M4 raw intraday GARCH,-5.25945,1.18349e-05
2023-09-19,M4 raw intraday GARCH,-4.95429,2.36261e-05
2023-09-20,M4 raw intraday GARCH,-4.21684,0.00023581
2023-09-21,M4 raw intraday GARCH,-4.59134,4.07139e-05
2023-09-22,M4 raw intraday GARCH,-4.19209,9.82582e-05
2023-09-25,M4 raw intraday GARCH,-4.05013,0.000133463
2023-09-26,M4 raw intraday GARCH,-4.32368,4.68847e-05
2023-09-27,M4 raw intraday GARCH,-3.702,0.000169317
2023-09-28,M4 raw intraday GARCH,-3.62042,0.000196246
2023-09-29,M4 raw intraday GARCH,-3.67342,0.000202692
2023-10-02,M4 raw intraday GARCH,-3.58269,0.000178643
2023-10-03,M4 raw intraday GARCH,-3.85089,0.000650934
2023-10-04,M4 raw intraday GARCH,-3.66865,0.000237456
2023-10-05,M4 raw intraday GARCH,-4.07235,0.000102794
2023-10-06,M4 raw intraday GARCH,-3.61403,0.000221514
2023-10-09,M4 raw intraday GARCH,-4.31349,8.62923e-05
2023-10-10,M4 raw intraday GARCH,-4.22166,0.000127002
2023-10-11,M4 raw intraday GARCH,-4.40313,5.55515e-05
2023-10-12,M4 raw intraday GARCH,-4.20875,9.92873e-05
2023-10-13,M4 raw intraday GARCH,-3.64287,0.000188825
2023-10-16,M4 raw intraday GARCH,-4.40511,6.91764e-05
2023-10-17,M4 raw intraday GARCH,-3.9697,0.000138301
2023-10-18,M4 raw intraday GARCH,-3.47402,0.000353567
2023-10-19,M4 raw intraday GARCH,-3.04438,0.00125625
2023-10-20,M4 raw intraday GARCH,-3.65233,0.000159784
2023-10-23,M4 raw intraday GARCH,-3.49646,0.000422018
2023-10-24,M4 raw intraday GARCH,-4.29331,9.09544e-05
2023-10-25,M4 raw intraday GARCH,-4.04847,7.65428e-05
2023-10-26,M4 raw intraday GARCH,-3.34533,0.000247072
2023-10-27,M4 raw intraday GARCH,-3.81415,8.70828e-05
2023-10-30,M4 raw intraday GARCH,-4.18937,6.64922e-05
2023-10-31,M4 raw intraday GARCH,-4.15317,0.000130919
2023-11-01,M4 raw intraday GARCH,-3.88263,0.000200415
2023-11-02,M4 raw intraday GARCH,-5.05807,3.20709e-05
2023-11-03,M4 raw intraday GARCH,-4.64599,3.09752e-05
2023-11-06,M4 raw intraday GARCH,-5.06676,1.33128e-05
2023-11-07,M4 raw intraday GARCH,-5.1213,1.62018e-05
2023-11-08,M4 raw intraday GARCH,-4.71943,2.76108e-05
2023-11-09,M4 raw intraday GARCH,-3.7745,0.000233215
2023-11-10,M4 raw intraday GARCH,-4.78054,3.83981e-05
2023-11-13,M4 raw intraday GARCH,-5.3105,5.41906e-06
2023-11-14,M4 raw intraday GARCH,-4.86157,1.51499e-05
2023-11-15,M4 raw intraday GARCH,-4.90446,1.12175e-05
2023-11-16,M4 raw intraday GARCH,-4.8901,2.02658e-05
2023-11-17,M4 raw intraday GARCH,-5.56137,5.19849e-06
2023-11-20,M4 raw intraday GARCH,-4.96697,2.93217e-05
2023-11-21,M4 raw intraday GARCH,-5.42475,7.76839e-06
2023-11-22,M4 raw intraday GARCH,-4.41229,9.58735e-05
2023-11-27,M4 raw intraday GARCH,-5.77521,2.99443e-06
2023-11-28,M4 raw intraday GARCH,-5.0505,2.76644e-05
2023-11-29,M4 raw intraday GARCH,-5.02447,1.8373e-05
2023-11-30,M4 raw intraday GARCH,-4.30547,0.000104555
2023-12-01,M4 raw intraday GARCH,-4.63989,4.00712e-05
2023-12-04,M4 raw intraday GARCH,-5.31723,1.48564e-05
2023-12-05,M4 raw intraday GARCH,-4.23441,0.000162508
2023-12-06,M4 raw intraday GARCH,-4.79727,4.57551e-05
2023-12-07,M4 raw intraday GARCH,-5.16479,2.38707e-05
2023-12-08,M4 raw intraday GARCH,-4.56212,8.73523e-05
2023-12-11,M4 raw intraday GARCH,-5.49384,7.30992e-06
2023-12-12,M4 raw intraday GARCH,-5.67549,5.4254e-06
2023-12-13,M4 raw intraday GARCH,-2.17814,0.000868917
2023-12-14,M4 raw intraday GARCH,-4.29278,6.42907e-05
2023-12-15,M4 raw intraday GARCH,-4.6911,9.1345e-05
2023-12-18,M4 raw intraday GARCH,-5.5307,9.72935e-06
2023-12-19,M4 raw intraday GARCH,-5.9709,3.0077e-06
2023-12-20,M4 raw intraday GARCH,-4.94474,0.000221698
2023-12-21,M4 raw intraday GARCH,-4.10371,0.000140993
2023-12-22,M4 raw intraday GARCH,-5.03717,1.81018e-05
2023-12-26,M4 raw intraday GARCH,-6.05436,1.84266e-06
2023-12-27,M4 raw intraday GARCH,-5.05852,5.00597e-05
2023-12-28,M4 raw intraday GARCH,-5.60099,5.97794e-06
2023-12-29,M4 raw intraday GARCH,-5.07979,1.15509e-05
2024-01-02,M0 flat,-4.79092,3.56255e-05
2024-01-03,M0 flat,-4.61282,4.63946e-05
2024-01-04,M0 flat,-4.89927,2.06477e-05
2024-01-05,M0 flat,-4.13959,0.000211307
2024-01-09,M0 flat,-4.81439,2.18117e-05
2024-01-10,M0 flat,-4.83291,2.38676e-05
2024-01-11,M0 flat,-3.75591,0.000207352
2024-01-16,M0 flat,-4.46905,3.78019e-05
2024-01-17,M0 flat,-4.84911,1.25684e-05
2024-01-18,M0 flat,-4.70876,3.88182e-05
2024-01-19,M0 flat,-4.9504,1.26356e-05
2024-01-23,M0 flat,-4.96059,2.53432e-05
2024-01-24,M0 flat,-4.59485,3.04985e-05
2024-01-25,M0 flat,-4.76575,1.66651e-05
2024-01-26,M0 flat,-5.07434,1.04588e-05
2024-01-29,M0 flat,-5.02335,4.07499e-05
2024-01-30,M0 flat,-5.19496,2.4955e-05
2024-01-31,M0 flat,-3.38832,0.000345683
2024-02-01,M0 flat,-4.12522,7.40706e-05
2024-02-02,M0 flat,-4.03674,0.000277734
2024-02-05,M0 flat,-4.43184,7.05042e-05
2024-02-06,M0 flat,-4.63503,3.2133e-05
2024-02-07,M0 flat,-4.89041,1.91292e-05
2024-02-08,M0 flat,-5.05792,1.9163e-05
2024-02-09,M0 flat,-5.31277,1.24568e-05
2024-02-12,M0 flat,-4.96805,8.77721e-05
2024-02-13,M0 flat,-4.38335,5.76461e-05
2024-02-14,M0 flat,-4.44672,3.01259e-05
2024-02-15,M0 flat,-4.72789,2.58849e-05
2024-02-16,M0 flat,-4.41242,0.000160716
2024-02-20,M0 flat,-4.30515,9.97777e-05
2024-02-21,M0 flat,-4.67393,2.79926e-05
2024-02-22,M0 flat,-4.71584,5.78588e-05
2024-02-23,M0 flat,-4.3972,8.3205e-05
2024-02-26,M0 flat,-4.70635,4.00167e-05
2024-02-27,M0 flat,-4.8896,2.71494e-05
2024-02-28,M0 flat,-4.94549,2.194e-05
2024-02-29,M0 flat,-4.65985,8.1706e-05
2024-03-01,M0 flat,-5.03964,1.91785e-05
2024-03-04,M0 flat,-5.18215,2.03016e-05
2024-03-05,M0 flat,-4.53958,5.66344e-05
2024-03-06,M0 flat,-3.85979,0.000266546
2024-03-07,M0 flat,-5.04697,1.38435e-05
2024-03-08,M0 flat,-3.74005,0.000106077
2024-03-11,M0 flat,-4.50776,3.49712e-05
2024-03-12,M0 flat,-3.87396,0.000176734
2024-03-13,M0 flat,-5.01652,4.01116e-05
2024-03-14,M0 flat,-3.848,0.000232662
2024-03-15,M0 flat,-4.77464,1.56107e-05
2024-03-18,M0 flat,-5.0351,1.5658e-05
2024-03-19,M0 flat,-5.1667,9.39022e-06
2024-03-20,M0 flat,-3.2645,0.000518812
2024-03-21,M0 flat,-5.03218,1.32539e-05
2024-03-22,M0 flat,-5.15674,1.38498e-05
2024-03-25,M0 flat,-5.51967,7.72343e-06
2024-03-26,M0 flat,-5.57256,6.32035e-06
2024-03-27,M0 flat,-5.05486,2.74969e-05
2024-03-28,M0 flat,-5.40688,1.25053e-05
2024-04-01,M0 flat,-4.9759,2.38797e-05
2024-04-02,M0 flat,-5.28706,1.18828e-05
2024-04-03,M0 flat,-4.45595,0.000167254
2024-04-04,M0 flat,-1.81809,0.000534668
2024-04-05,M0 flat,-3.96507,9.36287e-05
2024-04-08,M0 flat,-4.89339,1.56699e-05
2024-04-09,M0 flat,-3.68196,0.000186229
2024-04-10,M0 flat,-2.33389,0.000311542
2024-04-11,M0 flat,-4.36222,4.89724e-05
2024-04-12,M0 flat,-4.14511,6.10837e-05
2024-04-15,M0 flat,-3.62,0.000200795
2024-04-16,M0 flat,-3.28388,0.000718766
2024-04-17,M0 flat,-3.42262,0.000508627
2024-04-18,M0 flat,-3.77961,0.000174158
2024-04-19,M0 flat,-3.67505,0.000130409
2024-04-22,M0 flat,-4.21726,6.98583e-05
2024-04-23,M0 flat,-4.62398,5.2995e-05
2024-04-24,M0 flat,-4.08452,0.000219798
2024-04-25,M0 flat,-2.85973,0.00505198
2024-04-26,M0 flat,-4.61657,3.10553e-05
2024-04-29,M0 flat,-4.52342,0.00017067
2024-04-30,M0 flat,-3.7722,0.000286805
2024-05-01,M0 flat,-3.0341,0.00185672
2024-05-02,M0 flat,-3.95536,0.000162333
2024-05-03,M0 flat,-4.40525,0.000144222
2024-05-06,M0 flat,-4.72613,4.61216e-05
2024-05-07,M0 flat,-4.71155,4.08172e-05
2024-05-08,M0 flat,-4.99589,2.48033e-05
2024-05-09,M0 flat,-5.06111,1.6195e-05
2024-05-10,M0 flat,-4.96021,2.08458e-05
2024-05-13,M0 flat,-5.38241,9.32863e-06
2024-05-14,M0 flat,-5.00248,3.16482e-05
2024-05-15,M0 flat,-5.32192,9.8434e-06
2024-05-16,M0 flat,-4.78136,7.17168e-05
2024-05-17,M0 flat,-5.29638,9.41675e-06
2024-05-20,M0 flat,-5.49987,7.52495e-06
2024-05-21,M0 flat,-5.68066,3.79071e-06
2024-05-22,M0 flat,-4.63112,4.50924e-05
2024-05-23,M0 flat,-3.61094,9.00686e-05
2024-05-24,M0 flat,-4.85155,1.91072e-05
2024-05-28,M0 flat,-4.93629,1.70819e-05
2024-05-29,M0 flat,-5.03742,1.02817e-05
2024-05-30,M0 flat,-4.78268,4.35657e-05
2024-05-31,M0 flat,-3.75835,0.000224717
2024-06-03,M0 flat,-4.28349,8.43025e-05
2024-06-04,M0 flat,-4.22949,8.8558e-05
2024-06-05,M0 flat,-4.99303,2.48688e-05
2024-06-06,M0 flat,-5.00304,1.72766e-05
2024-06-07,M0 flat,-4.4844,4.58613e-05
2024-06-10,M0 flat,-5.22116,1.17062e-05
2024-06-11,M0 flat,-4.89707,2.71935e-05
2024-06-12,M0 flat,-3.7514,0.000163794
2024-06-13,M0 flat,-4.82198,1.81117e-05
2024-06-14,M0 flat,-4.86643,2.22932e-05
2024-06-17,M0 flat,-4.96921,1.89416e-05
2024-06-18,M0 flat,-5.41785,6.87009e-06
2024-06-20,M0 flat,-3.8556,7.36707e-05
2024-06-21,M0 flat,-4.85609,1.65974e-05
2024-06-24,M0 flat,-4.04399,7.25242e-05
2024-06-25,M0 flat,-5.37048,6.80483e-06
2024-06-26,M0 flat,-4.92453,2.44445e-05
2024-06-27,M0 flat,-4.86323,3.67604e-05
2024-06-28,M0 flat,-3.48571,0.000109971
2024-07-01,M0 flat,-3.42184,0.000305556
2024-07-02,M0 flat,-5.38812,7.77818e-06
2024-07-05,M0 flat,-5.50101,1.15899e-05
2024-07-08,M0 flat,-5.47251,8.50251e-06
2024-07-09,M0 flat,-5.4634,9.62269e-06
2024-07-10,M0 flat,-5.57637,5.66801e-06
2024-07-11,M0 flat,-4.1609,6.91251e-05
2024-07-12,M0 flat,-4.74221,2.62506e-05
2024-07-15,M0 flat,-4.48364,4.12015e-05
2024-07-16,M0 flat,-4.90202,1.5868e-05
2024-07-17,M0 flat,-4.75732,2.18524e-05
2024-07-18,M0 flat,-3.32695,0.000337947
2024-07-19,M0 flat,-3.96462,9.31463e-05
2024-07-22,M0 flat,-4.13623,0.00013005
2024-07-23,M0 flat,-4.44634,6.27076e-05
2024-07-24,M0 flat,-4.34427,0.000100329
2024-07-25,M0 flat,-3.43115,0.000345561
2024-07-26,M0 flat,-3.53761,0.000429246
2024-07-29,M0 flat,-4.05757,0.000117729
2024-07-30,M0 flat,-3.09797,0.00302052
2024-07-31,M0 flat,-3.85343,0.000137579
2024-08-01,M0 flat,-3.40027,0.000282204
2024-08-02,M0 flat,-3.07611,0.00109515
2024-08-05,M0 flat,-1.14375,0.0114326
2024-08-06,M0 flat,-2.91961,0.00101891
2024-08-07,M0 flat,-3.01586,0.000929927
2024-08-08,M0 flat,-3.31894,0.0005691
2024-08-09,M0 flat,-3.42761,0.000349772
2024-08-12,M0 flat,-3.45449,0.00146339
2024-08-13,M0 flat,-4.16696,0.000109837
2024-08-14,M0 flat,-3.86695,0.0002108
2024-08-15,M0 flat,-4.32719,8.90307e-05
2024-08-16,M0 flat,-4.30003,9.96018e-05
2024-08-19,M0 flat,-4.38379,8.82925e-05
2024-08-20,M0 flat,-4.47554,5.05326e-05
2024-08-21,M0 flat,-4.24658,0.000220503
2024-08-22,M0 flat,-3.97122,0.000116222
2024-08-23,M0 flat,-3.27056,0.000860597
2024-08-26,M0 flat,-4.68119,3.6345e-05
2024-08-27,M0 flat,-4.90807,1.99218e-05
2024-08-28,M0 flat,-4.00777,0.000124234
2024-08-29,M0 flat,-4.03728,0.000110415
2024-08-30,M0 flat,-4.2908,7.95315e-05
2024-09-03,M0 flat,-3.67748,0.000199647
2024-09-04,M0 flat,-4.09215,6.91067e-05
2024-09-05,M0 flat,-3.80174,0.000128162
2024-09-06,M0 flat,-3.20934,0.000443011
2024-09-09,M0 flat,-4.0469,9.21571e-05
2024-09-10,M0 flat,-3.98156,0.000243087
2024-09-11,M0 flat,-3.70519,0.000223266
2024-09-12,M0 flat,-3.99421,0.000170689
2024-09-13,M0 flat,-4.53328,5.33303e-05
2024-09-16,M0 flat,-4.53631,6.59805e-05
2024-09-17,M0 flat,-4.33362,5.58596e-05
2024-09-18,M0 flat,-1.48149,0.00145226
2024-09-19,M0 flat,-4.41466,3.42869e-05
2024-09-20,M0 flat,-4.67422,2.51803e-05
2024-09-23,M0 flat,-4.9538,1.80311e-05
2024-09-24,M0 flat,-5.00524,2.95867e-05
2024-09-25,M0 flat,-5.33472,8.30931e-06
2024-09-26,M0 flat,-5.01133,1.81183e-05
2024-09-27,M0 flat,-5.23368,9.17621e-06
2024-09-30,M0 flat,-4.48546,5.10907e-05
2024-10-01,M0 flat,-2.27117,0.000261133
2024-10-02,M0 flat,-3.86864,0.000223888
2024-10-03,M0 flat,-2.93671,0.000243406
2024-10-04,M0 flat,-3.47406,0.000121467
2024-10-07,M0 flat,-4.88895,3.8917e-05
2024-10-08,M0 flat,-5.05256,1.52907e-05
2024-10-09,M0 flat,-5.01771,1.26339e-05
2024-10-10,M0 flat,-4.97289,1.67018e-05
2024-10-11,M0 flat,-5.18461,2.9729e-05
2024-10-14,M0 flat,-5.29405,1.2782e-05
2024-10-15,M0 flat,-4.84537,1.64008e-05
2024-10-16,M0 flat,-5.06827,2.05489e-05
2024-10-17,M0 flat,-4.78464,2.68041e-05
2024-10-18,M0 flat,-5.35005,1.08503e-05
2024-10-21,M0 flat,-5.12909,1.5341e-05
2024-10-22,M0 flat,-5.4511,7.0692e-06
2024-10-23,M0 flat,-4.32108,3.7013e-05
2024-10-24,M0 flat,-4.7001,2.41734e-05
2024-10-25,M0 flat,-4.31019,7.96236e-05
2024-10-28,M0 flat,-5.23898,7.61527e-06
2024-10-29,M0 flat,-4.71699,5.0427e-05
2024-10-30,M0 flat,-4.66764,2.18256e-05
2024-10-31,M0 flat,-3.03546,0.000335732
2024-11-01,M0 flat,-4.09708,9.89236e-05
2024-11-04,M0 flat,-4.44782,4.68475e-05
2024-11-05,M0 flat,-4.64455,2.20637e-05
2024-11-06,M0 flat,-4.40569,8.99363e-05
2024-11-07,M0 flat,-4.15361,0.000154236
2024-11-08,M0 flat,-4.3368,0.00012063
2024-11-11,M0 flat,-4.5136,7.0717e-05
2024-11-12,M0 flat,-4.5901,5.21267e-05
2024-11-13,M0 flat,-4.61999,3.96403e-05
2024-11-14,M0 flat,-4.14526,0.000121935
2024-11-15,M0 flat,-4.51898,3.76007e-05
2024-11-18,M0 flat,-4.56544,4.21409e-05
2024-11-19,M0 flat,-4.7795,1.93351e-05
2024-11-20,M0 flat,-4.05204,0.00017183
2024-11-21,M0 flat,-2.80725,0.000632111
2024-11-22,M0 flat,-4.44271,5.03852e-05
2024-11-25,M0 flat,-4.69151,3.10897e-05
2024-11-26,M0 flat,-5.3062,6.16766e-06
2024-11-27,M0 flat,-5.32845,9.28519e-06
2024-12-02,M0 flat,-5.58482,5.26403e-06
2024-12-03,M0 flat,-5.47075,7.03736e-06
2024-12-04,M0 flat,-5.61487,5.25413e-06
2024-12-05,M0 flat,-5.45047,7.01793e-06
2024-12-06,M0 flat,-5.62552,3.98312e-06
2024-12-09,M0 flat,-5.58777,4.69663e-06
2024-12-10,M0 flat,-5.45078,6.54568e-06
2024-12-11,M0 flat,-5.75394,3.72763e-06
2024-12-12,M0 flat,-5.42104,3.98567e-06
2024-12-13,M0 flat,-5.02596,2.45742e-05
2024-12-16,M0 flat,-5.62411,4.87764e-06
2024-12-17,M0 flat,-5.28607,1.10098e-05
2024-12-18,M0 flat,5.78778,0.00637383
2024-12-19,M0 flat,-3.30808,0.000381116
2024-12-20,M0 flat,-3.13611,0.000639469
2024-12-23,M0 flat,-3.97734,0.000141638
2024-12-26,M0 flat,-4.18054,0.000147493
2024-12-27,M0 flat,-3.711,0.000238832
2024-12-30,M0 flat,-3.88595,0.000120118
2024-12-31,M0 flat,-3.62355,0.00015034
2024-01-02,M1 hist. profile,-4.99869,3.01582e-05
2024-01-03,M1 hist. profile,-4.73754,4.29428e-05
2024-01-04,M1 hist. profile,-5.01557,1.73749e-05
2024-01-05,M1 hist. profile,-4.28121,0.000198299
2024-01-09,M1 hist. profile,-4.76654,2.30818e-05
2024-01-10,M1 hist. profile,-4.92788,2.27264e-05
2024-01-11,M1 hist. profile,-4.00098,0.000188674
2024-01-16,M1 hist. profile,-4.49411,3.65553e-05
2024-01-17,M1 hist. profile,-4.8709,1.25458e-05
2024-01-18,M1 hist. profile,-4.69665,4.05583e-05
2024-01-19,M1 hist. profile,-5.00086,1.36465e-05
2024-01-23,M1 hist. profile,-5.03067,2.96338e-05
2024-01-24,M1 hist. profile,-4.64461,3.20773e-05
2024-01-25,M1 hist. profile,-4.80296,1.64697e-05
2024-01-26,M1 hist. profile,-5.03375,1.37508e-05
2024-01-29,M1 hist. profile,-5.1277,3.9965e-05
2024-01-30,M1 hist. profile,-5.23905,2.57493e-05
2024-01-31,M1 hist. profile,-3.40231,0.000344242
2024-02-01,M1 hist. profile,-4.02287,8.24295e-05
2024-02-02,M1 hist. profile,-3.92889,0.000291006
2024-02-05,M1 hist. profile,-4.57267,5.89361e-05
2024-02-06,M1 hist. profile,-4.70642,3.24448e-05
2024-02-07,M1 hist. profile,-4.98414,1.85529e-05
2024-02-08,M1 hist. profile,-5.11647,2.23984e-05
2024-02-09,M1 hist. profile,-5.36515,1.52722e-05
2024-02-12,M1 hist. profile,-4.874,9.33503e-05
2024-02-13,M1 hist. profile,-4.49109,5.42392e-05
2024-02-14,M1 hist. profile,-4.50229,2.90858e-05
2024-02-15,M1 hist. profile,-4.77236,2.9104e-05
2024-02-16,M1 hist. profile,-4.49895,0.000159759
2024-02-20,M1 hist. profile,-4.32765,9.62406e-05
2024-02-21,M1 hist. profile,-4.74577,2.61795e-05
2024-02-22,M1 hist. profile,-4.87909,5.25528e-05
2024-02-23,M1 hist. profile,-4.48349,9.09795e-05
2024-02-26,M1 hist. profile,-4.76158,4.86091e-05
2024-02-27,M1 hist. profile,-4.93958,3.38145e-05
2024-02-28,M1 hist. profile,-5.01374,2.33638e-05
2024-02-29,M1 hist. profile,-4.80148,7.75232e-05
2024-03-01,M1 hist. profile,-5.15016,1.83374e-05
2024-03-04,M1 hist. profile,-5.23042,2.35489e-05
2024-03-05,M1 hist. profile,-4.68328,5.17422e-05
2024-03-06,M1 hist. profile,-3.64979,0.000268488
2024-03-07,M1 hist. profile,-5.1885,1.1021e-05
2024-03-08,M1 hist. profile,-3.63422,0.000107545
2024-03-11,M1 hist. profile,-4.63567,3.16575e-05
2024-03-12,M1 hist. profile,-4.0695,0.00016798
2024-03-13,M1 hist. profile,-5.0376,4.34563e-05
2024-03-14,M1 hist. profile,-4.08267,0.000220753
2024-03-15,M1 hist. profile,-4.74225,1.63733e-05
2024-03-18,M1 hist. profile,-5.06846,1.6267e-05
2024-03-19,M1 hist. profile,-5.16737,1.10746e-05
2024-03-20,M1 hist. profile,-3.43089,0.000512878
2024-03-21,M1 hist. profile,-5.12475,1.25073e-05
2024-03-22,M1 hist. profile,-5.29622,1.11982e-05
2024-03-25,M1 hist. profile,-5.61896,7.91005e-06
2024-03-26,M1 hist. profile,-5.65896,6.82098e-06
2024-03-27,M1 hist. profile,-5.25778,2.43542e-05
2024-03-28,M1 hist. profile,-5.51487,1.14537e-05
2024-04-01,M1 hist. profile,-5.12577,2.106e-05
2024-04-02,M1 hist. profile,-5.42993,1.03347e-05
2024-04-03,M1 hist. profile,-4.55587,0.000159837
2024-04-04,M1 hist. profile,-1.5344,0.000536349
2024-04-05,M1 hist. profile,-4.06839,8.50268e-05
2024-04-08,M1 hist. profile,-4.96084,1.51431e-05
2024-04-09,M1 hist. profile,-3.80781,0.000180645
2024-04-10,M1 hist. profile,-2.22178,0.000305538
2024-04-11,M1 hist. profile,-4.42104,4.3638e-05
2024-04-12,M1 hist. profile,-4.12021,6.30711e-05
2024-04-15,M1 hist. profile,-3.55096,0.000209556
2024-04-16,M1 hist. profile,-3.28248,0.00072126
2024-04-17,M1 hist. profile,-3.45574,0.000501587
2024-04-18,M1 hist. profile,-3.76738,0.000164358
2024-04-19,M1 hist. profile,-3.50046,0.00013684
2024-04-22,M1 hist. profile,-4.19885,7.41269e-05
2024-04-23,M1 hist. profile,-4.75136,5.01123e-05
2024-04-24,M1 hist. profile,-3.86992,0.000237559
2024-04-25,M1 hist. profile,-2.91433,0.00504951
2024-04-26,M1 hist. profile,-4.75315,2.46445e-05
2024-04-29,M1 hist. profile,-4.71394,0.000163627
2024-04-30,M1 hist. profile,-3.9033,0.000276863
2024-05-01,M1 hist. profile,-3.183,0.00183786
2024-05-02,M1 hist. profile,-4.1573,0.000142398
2024-05-03,M1 hist. profile,-4.61512,0.000120671
2024-05-06,M1 hist. profile,-4.80072,5.31658e-05
2024-05-07,M1 hist. profile,-4.75581,4.87343e-05
2024-05-08,M1 hist. profile,-5.06376,2.90741e-05
2024-05-09,M1 hist. profile,-5.12152,1.79387e-05
2024-05-10,M1 hist. profile,-5.05509,1.9467e-05
2024-05-13,M1 hist. profile,-5.42308,1.14111e-05
2024-05-14,M1 hist. profile,-5.17263,2.98982e-05
2024-05-15,M1 hist. profile,-5.41839,9.15796e-06
2024-05-16,M1 hist. profile,-4.85031,6.90703e-05
2024-05-17,M1 hist. profile,-5.35805,1.061e-05
2024-05-20,M1 hist. profile,-5.55271,8.15154e-06
2024-05-21,M1 hist. profile,-5.73456,4.49755e-06
2024-05-22,M1 hist. profile,-4.66692,4.39502e-05
2024-05-23,M1 hist. profile,-3.52091,8.85364e-05
2024-05-24,M1 hist. profile,-4.94769,1.71974e-05
2024-05-28,M1 hist. profile,-4.9817,1.64245e-05
2024-05-29,M1 hist. profile,-5.04051,1.04953e-05
2024-05-30,M1 hist. profile,-4.85138,4.30459e-05
2024-05-31,M1 hist. profile,-4.07213,0.000205697
2024-06-03,M1 hist. profile,-4.24559,8.46825e-05
2024-06-04,M1 hist. profile,-4.26106,8.77467e-05
2024-06-05,M1 hist. profile,-5.15354,2.25863e-05
2024-06-06,M1 hist. profile,-5.07233,1.86748e-05
2024-06-07,M1 hist. profile,-4.54084,4.38896e-05
2024-06-10,M1 hist. profile,-5.23035,1.31055e-05
2024-06-11,M1 hist. profile,-5.02854,2.48157e-05
2024-06-12,M1 hist. profile,-3.82987,0.000161263
2024-06-13,M1 hist. profile,-4.83406,1.83255e-05
2024-06-14,M1 hist. profile,-4.9939,1.92668e-05
2024-06-17,M1 hist. profile,-4.81872,2.03512e-05
2024-06-18,M1 hist. profile,-5.49994,6.9404e-06
2024-06-20,M1 hist. profile,-3.60617,7.46764e-05
2024-06-21,M1 hist. profile,-4.93696,1.4828e-05
2024-06-24,M1 hist. profile,-4.24546,6.83509e-05
2024-06-25,M1 hist. profile,-5.36232,7.02657e-06
2024-06-26,M1 hist. profile,-4.8637,2.49649e-05
2024-06-27,M1 hist. profile,-5.20508,3.26797e-05
2024-06-28,M1 hist. profile,-3.68813,0.000104983
2024-07-01,M1 hist. profile,-3.9028,0.000300799
2024-07-02,M1 hist. profile,-5.49441,6.9624e-06
2024-07-05,M1 hist. profile,-5.66771,1.04297e-05
2024-07-08,M1 hist. profile,-5.52804,1.02369e-05
2024-07-09,M1 hist. profile,-5.42588,1.17724e-05
2024-07-10,M1 hist. profile,-5.61944,6.25367e-06
2024-07-11,M1 hist. profile,-4.06855,7.01489e-05
2024-07-12,M1 hist. profile,-4.76907,2.67518e-05
2024-07-15,M1 hist. profile,-4.4723,4.04214e-05
2024-07-16,M1 hist. profile,-4.89871,1.60512e-05
2024-07-17,M1 hist. profile,-4.85572,1.91037e-05
2024-07-18,M1 hist. profile,-3.43233,0.000326644
2024-07-19,M1 hist. profile,-3.97117,9.31166e-05
2024-07-22,M1 hist. profile,-4.24665,0.000122569
2024-07-23,M1 hist. profile,-4.50388,6.32749e-05
2024-07-24,M1 hist. profile,-4.40076,9.6682e-05
2024-07-25,M1 hist. profile,-3.50273,0.000323787
2024-07-26,M1 hist. profile,-3.64471,0.00040153
2024-07-29,M1 hist. profile,-4.12783,0.000119238
2024-07-30,M1 hist. profile,-3.14133,0.00301125
2024-07-31,M1 hist. profile,-3.85698,0.000142047
2024-08-01,M1 hist. profile,-3.47528,0.000262374
2024-08-02,M1 hist. profile,-3.25831,0.000965101
2024-08-05,M1 hist. profile,-1.81122,0.0104894
2024-08-06,M1 hist. profile,-3.01491,0.000957431
2024-08-07,M1 hist. profile,-3.03014,0.000962266
2024-08-08,M1 hist. profile,-3.40746,0.000532701
2024-08-09,M1 hist. profile,-3.52817,0.000299309
2024-08-12,M1 hist. profile,-3.50619,0.00145145
2024-08-13,M1 hist. profile,-4.24815,0.000120123
2024-08-14,M1 hist. profile,-3.91082,0.000227705
2024-08-15,M1 hist. profile,-4.4158,9.37683e-05
2024-08-16,M1 hist. profile,-4.36572,0.000115756
2024-08-19,M1 hist. profile,-4.49624,8.90372e-05
2024-08-20,M1 hist. profile,-4.53645,5.76932e-05
2024-08-21,M1 hist. profile,-4.352,0.000220553
2024-08-22,M1 hist. profile,-3.82951,0.000121343
2024-08-23,M1 hist. profile,-3.47833,0.000834866
2024-08-26,M1 hist. profile,-4.69412,4.0355e-05
2024-08-27,M1 hist. profile,-4.96808,1.99811e-05
2024-08-28,M1 hist. profile,-3.79728,0.000130316
2024-08-29,M1 hist. profile,-4.07619,0.000107942
2024-08-30,M1 hist. profile,-4.32409,7.81987e-05
2024-09-03,M1 hist. profile,-4.04725,0.000180092
2024-09-04,M1 hist. profile,-4.12125,7.36237e-05
2024-09-05,M1 hist. profile,-3.87055,0.000117643
2024-09-06,M1 hist. profile,-3.42918,0.000409027
2024-09-09,M1 hist. profile,-4.06597,0.000112746
2024-09-10,M1 hist. profile,-4.05288,0.000245304
2024-09-11,M1 hist. profile,-3.68351,0.000229128
2024-09-12,M1 hist. profile,-4.10564,0.000158848
2024-09-13,M1 hist. profile,-4.59031,5.92498e-05
2024-09-16,M1 hist. profile,-4.63166,6.46587e-05
2024-09-17,M1 hist. profile,-4.20191,6.06073e-05
2024-09-18,M1 hist. profile,-1.50885,0.00144661
2024-09-19,M1 hist. profile,-4.52053,3.22214e-05
2024-09-20,M1 hist. profile,-4.7497,2.65757e-05
2024-09-23,M1 hist. profile,-5.0264,1.90545e-05
2024-09-24,M1 hist. profile,-5.14188,2.46839e-05
2024-09-25,M1 hist. profile,-5.31027,1.11872e-05
2024-09-26,M1 hist. profile,-4.95207,2.03813e-05
2024-09-27,M1 hist. profile,-5.23467,9.79299e-06
2024-09-30,M1 hist. profile,-4.5035,5.12695e-05
2024-10-01,M1 hist. profile,-1.98324,0.000259808
2024-10-02,M1 hist. profile,-4.15835,0.000212711
2024-10-03,M1 hist. profile,-3.17333,0.000234372
2024-10-04,M1 hist. profile,-3.39385,0.000119911
2024-10-07,M1 hist. profile,-5.01903,3.70812e-05
2024-10-08,M1 hist. profile,-5.09372,1.68018e-05
2024-10-09,M1 hist. profile,-5.03642,1.55503e-05
2024-10-10,M1 hist. profile,-4.9849,1.71607e-05
2024-10-11,M1 hist. profile,-5.28892,2.8678e-05
2024-10-14,M1 hist. profile,-5.4341,1.14643e-05
2024-10-15,M1 hist. profile,-4.91535,1.67406e-05
2024-10-16,M1 hist. profile,-5.15288,2.0414e-05
2024-10-17,M1 hist. profile,-4.95373,2.13194e-05
2024-10-18,M1 hist. profile,-5.48105,8.83824e-06
2024-10-21,M1 hist. profile,-5.2131,1.51275e-05
2024-10-22,M1 hist. profile,-5.52688,6.76986e-06
2024-10-23,M1 hist. profile,-4.14812,3.8303e-05
2024-10-24,M1 hist. profile,-4.60382,2.67408e-05
2024-10-25,M1 hist. profile,-3.92652,8.38072e-05
2024-10-28,M1 hist. profile,-5.15943,9.02305e-06
2024-10-29,M1 hist. profile,-4.9068,4.7671e-05
2024-10-30,M1 hist. profile,-4.71435,1.94856e-05
2024-10-31,M1 hist. profile,-3.60238,0.000322005
2024-11-01,M1 hist. profile,-4.05229,0.000110812
2024-11-04,M1 hist. profile,-4.45628,4.91902e-05
2024-11-05,M1 hist. profile,-4.72443,2.05916e-05
2024-11-06,M1 hist. profile,-4.57537,7.71604e-05
2024-11-07,M1 hist. profile,-4.20659,0.000190272
2024-11-08,M1 hist. profile,-4.4043,0.000143186
2024-11-11,M1 hist. profile,-4.5763,8.30448e-05
2024-11-12,M1 hist. profile,-4.58381,6.21896e-05
2024-11-13,M1 hist. profile,-4.728,3.46757e-05
2024-11-14,M1 hist. profile,-4.07601,0.000121323
2024-11-15,M1 hist. profile,-4.5832,3.58192e-05
2024-11-18,M1 hist. profile,-4.60571,4.14387e-05
2024-11-19,M1 hist. profile,-4.81585,2.24613e-05
2024-11-20,M1 hist. profile,-4.14555,0.000161771
2024-11-21,M1 hist. profile,-3.45434,0.000596287
2024-11-22,M1 hist. profile,-4.57855,4.57962e-05
2024-11-25,M1 hist. profile,-4.75903,2.8999e-05
2024-11-26,M1 hist. profile,-5.40927,5.62843e-06
2024-11-27,M1 hist. profile,-5.39347,9.56435e-06
2024-12-02,M1 hist. profile,-5.6402,5.99291e-06
2024-12-03,M1 hist. profile,-5.52944,8.33936e-06
2024-12-04,M1 hist. profile,-5.64474,6.39622e-06
2024-12-05,M1 hist. profile,-5.46872,7.9707e-06
2024-12-06,M1 hist. profile,-5.69049,4.09693e-06
2024-12-09,M1 hist. profile,-5.63029,5.01588e-06
2024-12-10,M1 hist. profile,-5.5295,6.43116e-06
2024-12-11,M1 hist. profile,-5.83543,4.1462e-06
2024-12-12,M1 hist. profile,-5.46702,4.30863e-06
2024-12-13,M1 hist. profile,-5.09163,2.47542e-05
2024-12-16,M1 hist. profile,-5.75992,4.10809e-06
2024-12-17,M1 hist. profile,-5.38844,1.03832e-05
2024-12-18,M1 hist. profile,4.52552,0.00633766
2024-12-19,M1 hist. profile,-3.36677,0.000386734
2024-12-20,M1 hist. profile,-3.21571,0.000571425
2024-12-23,M1 hist. profile,-4.07831,0.000137025
2024-12-26,M1 hist. profile,-4.25465,0.000153585
2024-12-27,M1 hist. profile,-3.81994,0.000206956
2024-12-30,M1 hist. profile,-3.91937,0.000123948
2024-12-31,M1 hist. profile,-3.6804,0.000140712
2024-01-02,M2 FFF,-5.02842,2.88697e-05
2024-01-03,M2 FFF,-4.72393,4.41987e-05
2024-01-04,M2 FFF,-4.99873,1.87285e-05
2024-01-05,M2 FFF,-4.21642,0.000205518
2024-01-09,M2 FFF,-4.77793,2.27748e-05
2024-01-10,M2 FFF,-4.92543,2.25438e-05
2024-01-11,M2 FFF,-3.99461,0.000193589
2024-01-16,M2 FFF,-4.49584,3.59805e-05
2024-01-17,M2 FFF,-4.87992,1.26319e-05
2024-01-18,M2 FFF,-4.64369,4.1079e-05
2024-01-19,M2 FFF,-5.01027,1.2763e-05
2024-01-23,M2 FFF,-5.02402,2.90296e-05
2024-01-24,M2 FFF,-4.62292,3.27213e-05
2024-01-25,M2 FFF,-4.80946,1.61954e-05
2024-01-26,M2 FFF,-5.01727,1.37777e-05
2024-01-29,M2 FFF,-5.10639,4.02495e-05
2024-01-30,M2 FFF,-5.22855,2.6194e-05
2024-01-31,M2 FFF,-3.23159,0.000347718
2024-02-01,M2 FFF,-4.00479,8.20477e-05
2024-02-02,M2 FFF,-3.93161,0.000289152
2024-02-05,M2 FFF,-4.5517,6.37149e-05
2024-02-06,M2 FFF,-4.71027,3.06478e-05
2024-02-07,M2 FFF,-4.98287,1.78477e-05
2024-02-08,M2 FFF,-5.10799,2.19413e-05
2024-02-09,M2 FFF,-5.36015,1.47181e-05
2024-02-12,M2 FFF,-4.91465,9.20252e-05
2024-02-13,M2 FFF,-4.46431,5.47039e-05
2024-02-14,M2 FFF,-4.48403,2.94179e-05
2024-02-15,M2 FFF,-4.77931,2.79183e-05
2024-02-16,M2 FFF,-4.49709,0.000158396
2024-02-20,M2 FFF,-4.27918,9.80767e-05
2024-02-21,M2 FFF,-4.71876,2.80628e-05
2024-02-22,M2 FFF,-4.86794,5.25899e-05
2024-02-23,M2 FFF,-4.47206,9.03289e-05
2024-02-26,M2 FFF,-4.75405,4.75833e-05
2024-02-27,M2 FFF,-4.93859,3.2469e-05
2024-02-28,M2 FFF,-5.01019,2.27332e-05
2024-02-29,M2 FFF,-4.81044,7.62297e-05
2024-03-01,M2 FFF,-5.14607,1.79483e-05
2024-03-04,M2 FFF,-5.21729,2.33874e-05
2024-03-05,M2 FFF,-4.65521,5.30292e-05
2024-03-06,M2 FFF,-3.64322,0.000272058
2024-03-07,M2 FFF,-5.18604,1.08495e-05
2024-03-08,M2 FFF,-3.60381,0.000109584
2024-03-11,M2 FFF,-4.63019,3.14955e-05
2024-03-12,M2 FFF,-4.12884,0.000164
2024-03-13,M2 FFF,-5.04742,4.28443e-05
2024-03-14,M2 FFF,-4.10028,0.000220786
2024-03-15,M2 FFF,-4.77119,1.5914e-05
2024-03-18,M2 FFF,-5.06115,1.59915e-05
2024-03-19,M2 FFF,-5.16477,1.08819e-05
2024-03-20,M2 FFF,-3.11887,0.00052146
2024-03-21,M2 FFF,-5.12466,1.19224e-05
2024-03-22,M2 FFF,-5.28473,1.13983e-05
2024-03-25,M2 FFF,-5.61152,7.80962e-06
2024-03-26,M2 FFF,-5.65233,6.6002e-06
2024-03-27,M2 FFF,-5.25046,2.50012e-05
2024-03-28,M2 FFF,-5.51132,1.1499e-05
2024-04-01,M2 FFF,-5.10019,2.20317e-05
2024-04-02,M2 FFF,-5.42946,1.03276e-05
2024-04-03,M2 FFF,-4.47364,0.000163968
2024-04-04,M2 FFF,-1.52897,0.00053643
2024-04-05,M2 FFF,-4.07834,8.4824e-05
2024-04-08,M2 FFF,-4.96264,1.48709e-05
2024-04-09,M2 FFF,-3.83166,0.000179872
2024-04-10,M2 FFF,-2.20495,0.000305811
2024-04-11,M2 FFF,-4.39883,4.5717e-05
2024-04-12,M2 FFF,-4.1319,6.30233e-05
2024-04-15,M2 FFF,-3.55498,0.00020734
2024-04-16,M2 FFF,-3.27933,0.00071793
2024-04-17,M2 FFF,-3.43195,0.000506474
2024-04-18,M2 FFF,-3.74765,0.000163994
2024-04-19,M2 FFF,-3.54002,0.000137437
2024-04-22,M2 FFF,-4.21491,7.33721e-05
2024-04-23,M2 FFF,-4.73283,5.06031e-05
2024-04-24,M2 FFF,-3.86737,0.000234527
2024-04-25,M2 FFF,-2.91148,0.00504932
2024-04-26,M2 FFF,-4.74245,2.59136e-05
2024-04-29,M2 FFF,-4.65999,0.000165413
2024-04-30,M2 FFF,-3.86372,0.000277283
2024-05-01,M2 FFF,-3.10962,0.00184662
2024-05-02,M2 FFF,-4.15678,0.00014123
2024-05-03,M2 FFF,-4.57591,0.000131431
2024-05-06,M2 FFF,-4.79546,5.202e-05
2024-05-07,M2 FFF,-4.75916,4.72148e-05
2024-05-08,M2 FFF,-5.06041,2.80399e-05
2024-05-09,M2 FFF,-5.1124,1.77218e-05
2024-05-10,M2 FFF,-5.0493,2.0312e-05
2024-05-13,M2 FFF,-5.41706,1.11595e-05
2024-05-14,M2 FFF,-5.17546,2.94358e-05
2024-05-15,M2 FFF,-5.41957,9.32554e-06
2024-05-16,M2 FFF,-4.85663,6.85771e-05
2024-05-17,M2 FFF,-5.34813,1.07047e-05
2024-05-20,M2 FFF,-5.54589,7.98772e-06
2024-05-21,M2 FFF,-5.71911,4.63377e-06
2024-05-22,M2 FFF,-4.5967,4.49335e-05
2024-05-23,M2 FFF,-3.51337,8.85444e-05
2024-05-24,M2 FFF,-4.92965,1.79395e-05
2024-05-28,M2 FFF,-4.9755,1.65906e-05
2024-05-29,M2 FFF,-5.05568,1.0141e-05
2024-05-30,M2 FFF,-4.83817,4.29976e-05
2024-05-31,M2 FFF,-4.09068,0.000204433
2024-06-03,M2 FFF,-4.2683,8.33687e-05
2024-06-04,M2 FFF,-4.2628,8.7625e-05
2024-06-05,M2 FFF,-5.14592,2.23838e-05
2024-06-06,M2 FFF,-5.07165,1.83018e-05
2024-06-07,M2 FFF,-4.48454,4.63375e-05
2024-06-10,M2 FFF,-5.23371,1.28477e-05
2024-06-11,M2 FFF,-5.03823,2.43753e-05
2024-06-12,M2 FFF,-3.82184,0.000161791
2024-06-13,M2 FFF,-4.80245,1.8349e-05
2024-06-14,M2 FFF,-4.98708,2.02137e-05
2024-06-17,M2 FFF,-4.84846,2.01767e-05
2024-06-18,M2 FFF,-5.4846,7.18258e-06
2024-06-20,M2 FFF,-3.57101,7.50882e-05
2024-06-21,M2 FFF,-4.99673,1.39822e-05
2024-06-24,M2 FFF,-4.24053,6.81837e-05
2024-06-25,M2 FFF,-5.33803,7.46739e-06
2024-06-26,M2 FFF,-4.89059,2.48445e-05
2024-06-27,M2 FFF,-5.18972,3.26627e-05
2024-06-28,M2 FFF,-3.56263,0.000107422
2024-07-01,M2 FFF,-3.9677,0.000299945
2024-07-02,M2 FFF,-5.50713,6.90383e-06
2024-07-05,M2 FFF,-5.66895,1.01564e-05
2024-07-08,M2 FFF,-5.51641,1.01447e-05
2024-07-09,M2 FFF,-5.43566,1.1519e-05
2024-07-10,M2 FFF,-5.60898,6.27172e-06
2024-07-11,M2 FFF,-4.07197,6.96054e-05
2024-07-12,M2 FFF,-4.7819,2.61659e-05
2024-07-15,M2 FFF,-4.43641,4.12475e-05
2024-07-16,M2 FFF,-4.8871,1.62733e-05
2024-07-17,M2 FFF,-4.87615,1.90075e-05
2024-07-18,M2 FFF,-3.44809,0.000325434
2024-07-19,M2 FFF,-3.97868,9.2325e-05
2024-07-22,M2 FFF,-4.25299,0.000118813
2024-07-23,M2 FFF,-4.50242,6.16426e-05
2024-07-24,M2 FFF,-4.40198,9.60628e-05
2024-07-25,M2 FFF,-3.50071,0.000329158
2024-07-26,M2 FFF,-3.60981,0.000403966
2024-07-29,M2 FFF,-4.13034,0.000113004
2024-07-30,M2 FFF,-3.12223,0.00301601
2024-07-31,M2 FFF,-3.84992,0.000141158
2024-08-01,M2 FFF,-3.47749,0.000265963
2024-08-02,M2 FFF,-3.28173,0.000932773
2024-08-05,M2 FFF,-1.72024,0.0106885
2024-08-06,M2 FFF,-3.02484,0.000931468
2024-08-07,M2 FFF,-3.01624,0.000958954
2024-08-08,M2 FFF,-3.40249,0.000531376
2024-08-09,M2 FFF,-3.52202,0.000307967
2024-08-12,M2 FFF,-3.52358,0.00144089
2024-08-13,M2 FFF,-4.24077,0.000118764
2024-08-14,M2 FFF,-3.89379,0.00023133
2024-08-15,M2 FFF,-4.40607,9.35492e-05
2024-08-16,M2 FFF,-4.36648,0.000114799
2024-08-19,M2 FFF,-4.49328,8.59395e-05
2024-08-20,M2 FFF,-4.53456,5.6259e-05
2024-08-21,M2 FFF,-4.353,0.000218406
2024-08-22,M2 FFF,-3.844,0.000120198
2024-08-23,M2 FFF,-3.45231,0.000843593
2024-08-26,M2 FFF,-4.68756,3.9772e-05
2024-08-27,M2 FFF,-4.96377,1.91785e-05
2024-08-28,M2 FFF,-3.92911,0.000127563
2024-08-29,M2 FFF,-4.09886,0.000106211
2024-08-30,M2 FFF,-4.35572,7.73646e-05
2024-09-03,M2 FFF,-3.95051,0.000185844
2024-09-04,M2 FFF,-4.1037,7.70322e-05
2024-09-05,M2 FFF,-3.87583,0.000118426
2024-09-06,M2 FFF,-3.40181,0.000407904
2024-09-09,M2 FFF,-4.0594,0.00011056
2024-09-10,M2 FFF,-4.04859,0.000241562
2024-09-11,M2 FFF,-3.68781,0.000226402
2024-09-12,M2 FFF,-4.11701,0.000156073
2024-09-13,M2 FFF,-4.59148,5.78763e-05
2024-09-16,M2 FFF,-4.62144,6.48716e-05
2024-09-17,M2 FFF,-4.21581,6.07175e-05
2024-09-18,M2 FFF,-1.20967,0.00146119
2024-09-19,M2 FFF,-4.53564,3.12727e-05
2024-09-20,M2 FFF,-4.72841,2.74477e-05
2024-09-23,M2 FFF,-5.01499,1.94914e-05
2024-09-24,M2 FFF,-5.12687,2.66933e-05
2024-09-25,M2 FFF,-5.33718,1.06042e-05
2024-09-26,M2 FFF,-4.93999,2.02696e-05
2024-09-27,M2 FFF,-5.236,9.77962e-06
2024-09-30,M2 FFF,-4.5609,5.05894e-05
2024-10-01,M2 FFF,-2.01275,0.000259132
2024-10-02,M2 FFF,-4.14127,0.000213638
2024-10-03,M2 FFF,-3.15525,0.000235755
2024-10-04,M2 FFF,-3.46893,0.000118239
2024-10-07,M2 FFF,-4.95106,3.8864e-05
2024-10-08,M2 FFF,-5.08554,1.68146e-05
2024-10-09,M2 FFF,-5.03937,1.52171e-05
2024-10-10,M2 FFF,-4.9886,1.7228e-05
2024-10-11,M2 FFF,-5.29834,2.79509e-05
2024-10-14,M2 FFF,-5.43289,1.11291e-05
2024-10-15,M2 FFF,-4.9158,1.63751e-05
2024-10-16,M2 FFF,-5.14869,2.10062e-05
2024-10-17,M2 FFF,-4.91849,2.28836e-05
2024-10-18,M2 FFF,-5.47421,8.88045e-06
2024-10-21,M2 FFF,-5.2015,1.50892e-05
2024-10-22,M2 FFF,-5.51299,6.80252e-06
2024-10-23,M2 FFF,-4.09077,3.89453e-05
2024-10-24,M2 FFF,-4.60969,2.65517e-05
2024-10-25,M2 FFF,-4.01662,8.33601e-05
2024-10-28,M2 FFF,-5.16162,8.85725e-06
2024-10-29,M2 FFF,-4.91075,4.76793e-05
2024-10-30,M2 FFF,-4.69894,1.97391e-05
2024-10-31,M2 FFF,-3.57672,0.000322556
2024-11-01,M2 FFF,-4.04812,0.000108962
2024-11-04,M2 FFF,-4.45928,4.81545e-05
2024-11-05,M2 FFF,-4.7353,1.89074e-05
2024-11-06,M2 FFF,-4.56858,7.78865e-05
2024-11-07,M2 FFF,-4.20448,0.000184655
2024-11-08,M2 FFF,-4.39704,0.000140908
2024-11-11,M2 FFF,-4.56554,8.19576e-05
2024-11-12,M2 FFF,-4.58871,6.24898e-05
2024-11-13,M2 FFF,-4.71936,3.63426e-05
2024-11-14,M2 FFF,-4.03183,0.000124163
2024-11-15,M2 FFF,-4.5815,3.56991e-05
2024-11-18,M2 FFF,-4.61476,4.26099e-05
2024-11-19,M2 FFF,-4.82029,2.13481e-05
2024-11-20,M2 FFF,-4.13709,0.000160607
2024-11-21,M2 FFF,-3.50019,0.000593533
2024-11-22,M2 FFF,-4.55226,4.71446e-05
2024-11-25,M2 FFF,-4.74935,2.88736e-05
2024-11-26,M2 FFF,-5.4034,5.56518e-06
2024-11-27,M2 FFF,-5.39373,9.35697e-06
2024-12-02,M2 FFF,-5.64115,5.75761e-06
2024-12-03,M2 FFF,-5.52368,8.03091e-06
2024-12-04,M2 FFF,-5.64353,6.31504e-06
2024-12-05,M2 FFF,-5.46519,7.93015e-06
2024-12-06,M2 FFF,-5.6689,4.31653e-06
2024-12-09,M2 FFF,-5.61067,5.16941e-06
2024-12-10,M2 FFF,-5.5271,6.07208e-06
2024-12-11,M2 FFF,-5.8334,3.99109e-06
2024-12-12,M2 FFF,-5.45045,4.34046e-06
2024-12-13,M2 FFF,-5.08409,2.47086e-05
2024-12-16,M2 FFF,-5.74679,4.17028e-06
2024-12-17,M2 FFF,-5.37955,1.04491e-05
2024-12-18,M2 FFF,4.53996,0.00633976
2024-12-19,M2 FFF,-3.36963,0.000385912
2024-12-20,M2 FFF,-3.21099,0.00057584
2024-12-23,M2 FFF,-4.06552,0.000139356
2024-12-26,M2 FFF,-4.26593,0.000139855
2024-12-27,M2 FFF,-3.80312,0.000221557
2024-12-30,M2 FFF,-3.93157,0.000117673
2024-12-31,M2 FFF,-3.69809,0.000132939
2024-01-02,M3 FFF+intraday GARCH,-4.9878,2.98966e-05
2024-01-03,M3 FFF+intraday GARCH,-4.67924,4.57694e-05
2024-01-04,M3 FFF+intraday GARCH,-5.09032,1.81892e-05
2024-01-05,M3 FFF+intraday GARCH,-4.1213,0.000216216
2024-01-09,M3 FFF+intraday GARCH,-4.76335,2.43115e-05
2024-01-10,M3 FFF+intraday GARCH,-5.03253,1.88882e-05
2024-01-11,M3 FFF+intraday GARCH,-4.09922,0.000183449
2024-01-16,M3 FFF+intraday GARCH,-4.49878,3.74427e-05
2024-01-17,M3 FFF+intraday GARCH,-4.85581,1.33067e-05
2024-01-18,M3 FFF+intraday GARCH,-4.59128,4.31475e-05
2024-01-19,M3 FFF+intraday GARCH,-5.08933,1.02709e-05
2024-01-23,M3 FFF+intraday GARCH,-5.7537,4.28737e-06
2024-01-24,M3 FFF+intraday GARCH,-4.63528,2.93647e-05
2024-01-25,M3 FFF+intraday GARCH,-4.75326,2.07893e-05
2024-01-26,M3 FFF+intraday GARCH,-5.11061,1.06566e-05
2024-01-29,M3 FFF+intraday GARCH,-5.06946,3.93217e-05
2024-01-30,M3 FFF+intraday GARCH,-5.33045,2.63176e-05
2024-01-31,M3 FFF+intraday GARCH,-4.15432,0.000332685
2024-02-01,M3 FFF+intraday GARCH,-3.91312,0.000109875
2024-02-02,M3 FFF+intraday GARCH,-3.76621,0.000309882
2024-02-05,M3 FFF+intraday GARCH,-4.76052,5.64524e-05
2024-02-06,M3 FFF+intraday GARCH,-4.84883,2.26158e-05
2024-02-07,M3 FFF+intraday GARCH,-5.28381,1.08997e-05
2024-02-08,M3 FFF+intraday GARCH,-5.70396,4.36483e-06
2024-02-09,M3 FFF+intraday GARCH,-6.06941,1.81063e-06
2024-02-12,M3 FFF+intraday GARCH,-4.96378,9.01099e-05
2024-02-13,M3 FFF+intraday GARCH,-4.48396,4.93362e-05
2024-02-14,M3 FFF+intraday GARCH,-4.4894,2.90399e-05
2024-02-15,M3 FFF+intraday GARCH,-4.91396,1.837e-05
2024-02-16,M3 FFF+intraday GARCH,-4.1921,0.000171013
2024-02-20,M3 FFF+intraday GARCH,-4.20271,0.000103948
2024-02-21,M3 FFF+intraday GARCH,-4.69989,3.18209e-05
2024-02-22,M3 FFF+intraday GARCH,-4.84,5.53246e-05
2024-02-23,M3 FFF+intraday GARCH,-5.02354,3.39468e-05
2024-02-26,M3 FFF+intraday GARCH,-5.47763,4.59124e-06
2024-02-27,M3 FFF+intraday GARCH,-5.6158,3.38011e-06
2024-02-28,M3 FFF+intraday GARCH,-5.47385,1.01308e-05
2024-02-29,M3 FFF+intraday GARCH,-4.83716,8.09738e-05
2024-03-01,M3 FFF+intraday GARCH,-5.37972,1.42168e-05
2024-03-04,M3 FFF+intraday GARCH,-5.68244,1.26553e-05
2024-03-05,M3 FFF+intraday GARCH,-4.56752,5.63587e-05
2024-03-06,M3 FFF+intraday GARCH,-3.69313,0.000276954
2024-03-07,M3 FFF+intraday GARCH,-5.31031,1.39273e-05
2024-03-08,M3 FFF+intraday GARCH,-3.82087,0.000104148
2024-03-11,M3 FFF+intraday GARCH,-4.63899,3.82837e-05
2024-03-12,M3 FFF+intraday GARCH,-4.20108,0.000163272
2024-03-13,M3 FFF+intraday GARCH,-5.11355,3.96544e-05
2024-03-14,M3 FFF+intraday GARCH,-4.10134,0.000223593
2024-03-15,M3 FFF+intraday GARCH,-4.71048,2.1764e-05
2024-03-18,M3 FFF+intraday GARCH,-5.0695,1.51878e-05
2024-03-19,M3 FFF+intraday GARCH,-5.22732,9.02046e-06
2024-03-20,M3 FFF+intraday GARCH,-3.9578,0.000485472
2024-03-21,M3 FFF+intraday GARCH,-5.24069,3.2284e-05
2024-03-22,M3 FFF+intraday GARCH,-5.50466,8.96059e-06
2024-03-25,M3 FFF+intraday GARCH,-6.23277,2.17822e-06
2024-03-26,M3 FFF+intraday GARCH,-6.19061,2.03053e-06
2024-03-27,M3 FFF+intraday GARCH,-5.31365,2.48112e-05
2024-03-28,M3 FFF+intraday GARCH,-5.72289,1.18912e-05
2024-04-01,M3 FFF+intraday GARCH,-5.04868,2.31633e-05
2024-04-02,M3 FFF+intraday GARCH,-5.43081,1.03423e-05
2024-04-03,M3 FFF+intraday GARCH,-3.97058,0.000174975
2024-04-04,M3 FFF+intraday GARCH,-4.43344,0.000409833
2024-04-05,M3 FFF+intraday GARCH,-4.04154,0.000113742
2024-04-08,M3 FFF+intraday GARCH,-5.12904,1.11789e-05
2024-04-09,M3 FFF+intraday GARCH,-3.89129,0.000165937
2024-04-10,M3 FFF+intraday GARCH,-3.47313,0.000263009
2024-04-11,M3 FFF+intraday GARCH,-4.39563,5.22263e-05
2024-04-12,M3 FFF+intraday GARCH,-4.10998,6.35625e-05
2024-04-15,M3 FFF+intraday GARCH,-3.56558,0.000220804
2024-04-16,M3 FFF+intraday GARCH,-3.33763,0.000700336
2024-04-17,M3 FFF+intraday GARCH,-3.26246,0.00054194
2024-04-18,M3 FFF+intraday GARCH,-3.75317,0.000168863
2024-04-19,M3 FFF+intraday GARCH,-3.69806,0.000137613
2024-04-22,M3 FFF+intraday GARCH,-4.19118,7.32404e-05
2024-04-23,M3 FFF+intraday GARCH,-4.99585,5.10623e-05
2024-04-24,M3 FFF+intraday GARCH,-3.39961,0.000235953
2024-04-25,M3 FFF+intraday GARCH,-2.91014,0.00517716
2024-04-26,M3 FFF+intraday GARCH,-4.64782,0.000566941
2024-04-29,M3 FFF+intraday GARCH,-4.53911,0.000175004
2024-04-30,M3 FFF+intraday GARCH,-3.89017,0.000260379
2024-05-01,M3 FFF+intraday GARCH,-3.58989,0.00170851
2024-05-02,M3 FFF+intraday GARCH,-4.12133,0.000276525
2024-05-03,M3 FFF+intraday GARCH,-4.72195,0.000134
2024-05-06,M3 FFF+intraday GARCH,-5.81456,3.08729e-06
2024-05-07,M3 FFF+intraday GARCH,-5.34037,1.08044e-05
2024-05-08,M3 FFF+intraday GARCH,-5.88812,2.85069e-06
2024-05-09,M3 FFF+intraday GARCH,-5.49847,6.24037e-06
2024-05-10,M3 FFF+intraday GARCH,-5.22073,1.56761e-05
2024-05-13,M3 FFF+intraday GARCH,-5.84671,3.36041e-06
2024-05-14,M3 FFF+intraday GARCH,-5.19723,3.01967e-05
2024-05-15,M3 FFF+intraday GARCH,-5.52512,8.30388e-06
2024-05-16,M3 FFF+intraday GARCH,-4.70825,6.71147e-05
2024-05-17,M3 FFF+intraday GARCH,-5.50806,9.85943e-06
2024-05-20,M3 FFF+intraday GARCH,-5.80906,4.58544e-06
2024-05-21,M3 FFF+intraday GARCH,-6.01406,1.75149e-06
2024-05-22,M3 FFF+intraday GARCH,-5.14479,3.28699e-05
2024-05-23,M3 FFF+intraday GARCH,-4.18404,8.53008e-05
2024-05-24,M3 FFF+intraday GARCH,-4.88176,2.00469e-05
2024-05-28,M3 FFF+intraday GARCH,-4.99535,1.48952e-05
2024-05-29,M3 FFF+intraday GARCH,-5.00286,1.2216e-05
2024-05-30,M3 FFF+intraday GARCH,-4.86356,4.22917e-05
2024-05-31,M3 FFF+intraday GARCH,-4.38928,0.000159565
2024-06-03,M3 FFF+intraday GARCH,-4.12673,0.000150396
2024-06-04,M3 FFF+intraday GARCH,-4.2351,9.39906e-05
2024-06-05,M3 FFF+intraday GARCH,-5.21223,2.57902e-05
2024-06-06,M3 FFF+intraday GARCH,-5.31696,1.26335e-05
2024-06-07,M3 FFF+intraday GARCH,-4.43529,4.81401e-05
2024-06-10,M3 FFF+intraday GARCH,-5.29455,1.19621e-05
2024-06-11,M3 FFF+intraday GARCH,-4.99923,2.58244e-05
2024-06-12,M3 FFF+intraday GARCH,-4.42774,0.000159182
2024-06-13,M3 FFF+intraday GARCH,-4.73376,3.94592e-05
2024-06-14,M3 FFF+intraday GARCH,-4.97248,2.09606e-05
2024-06-17,M3 FFF+intraday GARCH,-4.93406,1.98522e-05
2024-06-18,M3 FFF+intraday GARCH,-5.60274,6.02796e-06
2024-06-20,M3 FFF+intraday GARCH,-4.19055,6.74892e-05
2024-06-21,M3 FFF+intraday GARCH,-4.92134,2.20503e-05
2024-06-24,M3 FFF+intraday GARCH,-4.50999,6.32767e-05
2024-06-25,M3 FFF+intraday GARCH,-5.30036,8.01885e-06
2024-06-26,M3 FFF+intraday GARCH,-4.84755,2.59513e-05
2024-06-27,M3 FFF+intraday GARCH,-5.1315,3.25743e-05
2024-06-28,M3 FFF+intraday GARCH,-4.19316,0.000102862
2024-07-01,M3 FFF+intraday GARCH,-4.54642,0.000282371
2024-07-02,M3 FFF+intraday GARCH,-5.47565,7.6509e-06
2024-07-05,M3 FFF+intraday GARCH,-5.73248,1.02642e-05
2024-07-08,M3 FFF+intraday GARCH,-6.05345,2.20316e-06
2024-07-09,M3 FFF+intraday GARCH,-5.68072,7.67403e-06
2024-07-10,M3 FFF+intraday GARCH,-5.82237,3.96829e-06
2024-07-11,M3 FFF+intraday GARCH,-4.14579,7.23547e-05
2024-07-12,M3 FFF+intraday GARCH,-4.70937,2.94832e-05
2024-07-15,M3 FFF+intraday GARCH,-4.40364,4.4268e-05
2024-07-16,M3 FFF+intraday GARCH,-4.82525,1.88979e-05
2024-07-17,M3 FFF+intraday GARCH,-4.85737,1.84725e-05
2024-07-18,M3 FFF+intraday GARCH,-3.47171,0.000308712
2024-07-19,M3 FFF+intraday GARCH,-3.94385,0.000112552
2024-07-22,M3 FFF+intraday GARCH,-4.31036,0.000117435
2024-07-23,M3 FFF+intraday GARCH,-4.53488,5.48353e-05
2024-07-24,M3 FFF+intraday GARCH,-4.35588,0.000102951
2024-07-25,M3 FFF+intraday GARCH,-3.44301,0.000340915
2024-07-26,M3 FFF+intraday GARCH,-3.47885,0.000441291
2024-07-29,M3 FFF+intraday GARCH,-4.27482,0.000109768
2024-07-30,M3 FFF+intraday GARCH,-3.02601,0.00301114
2024-07-31,M3 FFF+intraday GARCH,-3.67222,0.000553341
2024-08-01,M3 FFF+intraday GARCH,-3.42955,0.000290482
2024-08-02,M3 FFF+intraday GARCH,-3.26326,0.000944639
2024-08-05,M3 FFF+intraday GARCH,-2.09601,0.00977014
2024-08-06,M3 FFF+intraday GARCH,-2.94051,0.00104726
2024-08-07,M3 FFF+intraday GARCH,-2.90212,0.00103683
2024-08-08,M3 FFF+intraday GARCH,-3.36967,0.000559361
2024-08-09,M3 FFF+intraday GARCH,-3.77983,0.000186711
2024-08-12,M3 FFF+intraday GARCH,-3.17313,0.00149663
2024-08-13,M3 FFF+intraday GARCH,-4.90681,1.99927e-05
2024-08-14,M3 FFF+intraday GARCH,-3.98318,0.00016008
2024-08-15,M3 FFF+intraday GARCH,-5.30703,1.05737e-05
2024-08-16,M3 FFF+intraday GARCH,-5.27175,9.2747e-06
2024-08-19,M3 FFF+intraday GARCH,-4.95155,4.79776e-05
2024-08-20,M3 FFF+intraday GARCH,-4.95585,2.34667e-05
2024-08-21,M3 FFF+intraday GARCH,-4.37215,0.000214724
2024-08-22,M3 FFF+intraday GARCH,-3.88283,0.000125678
2024-08-23,M3 FFF+intraday GARCH,-3.71603,0.000831393
2024-08-26,M3 FFF+intraday GARCH,-4.72267,3.49299e-05
2024-08-27,M3 FFF+intraday GARCH,-5.1653,1.38505e-05
2024-08-28,M3 FFF+intraday GARCH,-4.04168,0.000124577
2024-08-29,M3 FFF+intraday GARCH,-4.13162,0.000109662
2024-08-30,M3 FFF+intraday GARCH,-4.36128,8.64763e-05
2024-09-03,M3 FFF+intraday GARCH,-4.09354,0.000175456
2024-09-04,M3 FFF+intraday GARCH,-4.20097,5.534e-05
2024-09-05,M3 FFF+intraday GARCH,-3.80149,0.00012867
2024-09-06,M3 FFF+intraday GARCH,-3.57759,0.000381002
2024-09-09,M3 FFF+intraday GARCH,-4.18245,6.98228e-05
2024-09-10,M3 FFF+intraday GARCH,-4.21314,0.000223544
2024-09-11,M3 FFF+intraday GARCH,-3.53431,0.000242908
2024-09-12,M3 FFF+intraday GARCH,-4.08257,0.000162991
2024-09-13,M3 FFF+intraday GARCH,-4.79082,4.0491e-05
2024-09-16,M3 FFF+intraday GARCH,-4.7301,5.90692e-05
2024-09-17,M3 FFF+intraday GARCH,-4.21666,6.46368e-05
2024-09-18,M3 FFF+intraday GARCH,-3.45367,0.00126887
2024-09-19,M3 FFF+intraday GARCH,-4.42741,0.000201397
2024-09-20,M3 FFF+intraday GARCH,-4.84155,1.84683e-05
2024-09-23,M3 FFF+intraday GARCH,-5.27961,1.16345e-05
2024-09-24,M3 FFF+intraday GARCH,-5.25976,2.55976e-05
2024-09-25,M3 FFF+intraday GARCH,-5.58734,5.0077e-06
2024-09-26,M3 FFF+intraday GARCH,-4.98979,1.88021e-05
2024-09-27,M3 FFF+intraday GARCH,-5.20394,9.68561e-06
2024-09-30,M3 FFF+intraday GARCH,-4.89429,4.23949e-05
2024-10-01,M3 FFF+intraday GARCH,-3.75687,0.000236561
2024-10-02,M3 FFF+intraday GARCH,-4.39665,0.000204501
2024-10-03,M3 FFF+intraday GARCH,-3.97574,0.000202725
2024-10-04,M3 FFF+intraday GARCH,-4.12915,0.00010669
2024-10-07,M3 FFF+intraday GARCH,-5.00305,3.89485e-05
2024-10-08,M3 FFF+intraday GARCH,-5.17262,1.43298e-05
2024-10-09,M3 FFF+intraday GARCH,-5.21675,7.7664e-06
2024-10-10,M3 FFF+intraday GARCH,-5.03919,1.44483e-05
2024-10-11,M3 FFF+intraday GARCH,-5.42218,2.71331e-05
2024-10-14,M3 FFF+intraday GARCH,-5.69682,9.63879e-06
2024-10-15,M3 FFF+intraday GARCH,-4.91152,1.53403e-05
2024-10-16,M3 FFF+intraday GARCH,-5.45274,1.36415e-05
2024-10-17,M3 FFF+intraday GARCH,-4.82692,2.63321e-05
2024-10-18,M3 FFF+intraday GARCH,-5.79067,6.16101e-06
2024-10-21,M3 FFF+intraday GARCH,-5.24099,1.40287e-05
2024-10-22,M3 FFF+intraday GARCH,-5.5833,6.27029e-06
2024-10-23,M3 FFF+intraday GARCH,-4.41344,3.79185e-05
2024-10-24,M3 FFF+intraday GARCH,-4.63405,2.73689e-05
2024-10-25,M3 FFF+intraday GARCH,-4.42582,8.29499e-05
2024-10-28,M3 FFF+intraday GARCH,-5.12442,1.06554e-05
2024-10-29,M3 FFF+intraday GARCH,-4.94366,4.74082e-05
2024-10-30,M3 FFF+intraday GARCH,-4.78341,1.82132e-05
2024-10-31,M3 FFF+intraday GARCH,-4.14066,0.00028485
2024-11-01,M3 FFF+intraday GARCH,-3.98774,0.000130489
2024-11-04,M3 FFF+intraday GARCH,-4.51318,4.12109e-05
2024-11-05,M3 FFF+intraday GARCH,-4.82469,1.59731e-05
2024-11-06,M3 FFF+intraday GARCH,-4.72223,7.93964e-05
2024-11-07,M3 FFF+intraday GARCH,-5.32319,1.4022e-05
2024-11-08,M3 FFF+intraday GARCH,-5.6831,5.02679e-06
2024-11-11,M3 FFF+intraday GARCH,-5.52426,7.10787e-06
2024-11-12,M3 FFF+intraday GARCH,-4.93203,2.96477e-05
2024-11-13,M3 FFF+intraday GARCH,-4.84863,3.03175e-05
2024-11-14,M3 FFF+intraday GARCH,-3.97913,0.00013311
2024-11-15,M3 FFF+intraday GARCH,-4.54392,4.27505e-05
2024-11-18,M3 FFF+intraday GARCH,-4.76854,2.8828e-05
2024-11-19,M3 FFF+intraday GARCH,-4.99603,1.13253e-05
2024-11-20,M3 FFF+intraday GARCH,-3.98554,0.00017854
2024-11-21,M3 FFF+intraday GARCH,-4.04502,0.000521892
2024-11-22,M3 FFF+intraday GARCH,-4.52717,4.85037e-05
2024-11-25,M3 FFF+intraday GARCH,-4.74885,2.97604e-05
2024-11-26,M3 FFF+intraday GARCH,-5.46841,5.03688e-06
2024-11-27,M3 FFF+intraday GARCH,-5.511,7.94109e-06
2024-12-02,M3 FFF+intraday GARCH,-5.91561,2.74497e-06
2024-12-03,M3 FFF+intraday GARCH,-6.01452,1.75478e-06
2024-12-04,M3 FFF+intraday GARCH,-6.01057,2.19666e-06
2024-12-05,M3 FFF+intraday GARCH,-5.58741,5.91468e-06
2024-12-06,M3 FFF+intraday GARCH,-5.87223,2.62138e-06
2024-12-09,M3 FFF+intraday GARCH,-5.67422,4.04e-06
2024-12-10,M3 FFF+intraday GARCH,-5.67061,4.67289e-06
2024-12-11,M3 FFF+intraday GARCH,-6.27168,1.12162e-06
2024-12-12,M3 FFF+intraday GARCH,-5.53197,2.93628e-06
2024-12-13,M3 FFF+intraday GARCH,-5.06743,2.4129e-05
2024-12-16,M3 FFF+intraday GARCH,-6.06233,2.76205e-06
2024-12-17,M3 FFF+intraday GARCH,-5.34516,1.06158e-05
2024-12-18,M3 FFF+intraday GARCH,-3.47085,0.00387332
2024-12-19,M3 FFF+intraday GARCH,-3.25265,0.00194551
2024-12-20,M3 FFF+intraday GARCH,-3.12561,0.000612445
2024-12-23,M3 FFF+intraday GARCH,-4.42672,0.000154822
2024-12-26,M3 FFF+intraday GARCH,-4.76541,8.88388e-05
2024-12-27,M3 FFF+intraday GARCH,-3.61326,0.000246186
2024-12-30,M3 FFF+intraday GARCH,-3.92005,0.000113168
2024-12-31,M3 FFF+intraday GARCH,-3.6482,0.000143592
2024-01-02,M4 raw intraday GARCH,-4.83872,3.6749e-05
2024-01-03,M4 raw intraday GARCH,-4.58492,4.9633e-05
2024-01-04,M4 raw intraday GARCH,-5.0507,1.9067e-05
2024-01-05,M4 raw intraday GARCH,-3.98312,0.000228706
2024-01-09,M4 raw intraday GARCH,-4.72034,2.42714e-05
2024-01-10,M4 raw intraday GARCH,-4.93392,2.09732e-05
2024-01-11,M4 raw intraday GARCH,-4.03484,0.00019633
2024-01-16,M4 raw intraday GARCH,-4.46092,4.02689e-05
2024-01-17,M4 raw intraday GARCH,-4.796,1.41373e-05
2024-01-18,M4 raw intraday GARCH,-4.62971,4.33317e-05
2024-01-19,M4 raw intraday GARCH,-5.0361,1.08885e-05
2024-01-23,M4 raw intraday GARCH,-5.72476,4.22306e-06
2024-01-24,M4 raw intraday GARCH,-4.59619,3.0339e-05
2024-01-25,M4 raw intraday GARCH,-4.70304,1.90846e-05
2024-01-26,M4 raw intraday GARCH,-5.19356,8.53646e-06
2024-01-29,M4 raw intraday GARCH,-5.02487,4.14888e-05
2024-01-30,M4 raw intraday GARCH,-5.366,2.32147e-05
2024-01-31,M4 raw intraday GARCH,-4.16562,0.000324614
2024-02-01,M4 raw intraday GARCH,-4.02466,8.37109e-05
2024-02-02,M4 raw intraday GARCH,-3.8989,0.000300508
2024-02-05,M4 raw intraday GARCH,-4.66016,6.17967e-05
2024-02-06,M4 raw intraday GARCH,-4.7467,2.52814e-05
2024-02-07,M4 raw intraday GARCH,-5.23687,1.19703e-05
2024-02-08,M4 raw intraday GARCH,-5.64407,4.65041e-06
2024-02-09,M4 raw intraday GARCH,-6.01994,1.90914e-06
2024-02-12,M4 raw intraday GARCH,-4.98054,9.28491e-05
2024-02-13,M4 raw intraday GARCH,-4.41318,5.88773e-05
2024-02-14,M4 raw intraday GARCH,-4.46692,3.07914e-05
2024-02-15,M4 raw intraday GARCH,-4.88275,1.90935e-05
2024-02-16,M4 raw intraday GARCH,-3.97708,0.000177486
2024-02-20,M4 raw intraday GARCH,-4.17088,0.000109692
2024-02-21,M4 raw intraday GARCH,-4.68515,2.86896e-05
2024-02-22,M4 raw intraday GARCH,-4.74648,6.05527e-05
2024-02-23,M4 raw intraday GARCH,-4.95367,3.61813e-05
2024-02-26,M4 raw intraday GARCH,-5.45071,4.58465e-06
2024-02-27,M4 raw intraday GARCH,-5.59725,3.26174e-06
2024-02-28,M4 raw intraday GARCH,-5.421,1.09376e-05
2024-02-29,M4 raw intraday GARCH,-4.66319,8.69208e-05
2024-03-01,M4 raw intraday GARCH,-5.3136,1.56441e-05
2024-03-04,M4 raw intraday GARCH,-5.70669,1.24195e-05
2024-03-05,M4 raw intraday GARCH,-4.4656,6.08766e-05
2024-03-06,M4 raw intraday GARCH,-3.78763,0.000268716
2024-03-07,M4 raw intraday GARCH,-5.23983,1.15115e-05
2024-03-08,M4 raw intraday GARCH,-3.82166,0.000105834
2024-03-11,M4 raw intraday GARCH,-4.60802,3.24521e-05
2024-03-12,M4 raw intraday GARCH,-4.06873,0.000176998
2024-03-13,M4 raw intraday GARCH,-5.13618,3.76711e-05
2024-03-14,M4 raw intraday GARCH,-3.83378,0.000244697
2024-03-15,M4 raw intraday GARCH,-4.70513,1.87458e-05
2024-03-18,M4 raw intraday GARCH,-5.02151,1.54866e-05
2024-03-19,M4 raw intraday GARCH,-5.25065,8.07123e-06
2024-03-20,M4 raw intraday GARCH,-3.8513,0.000475058
2024-03-21,M4 raw intraday GARCH,-5.287,1.03551e-05
2024-03-22,M4 raw intraday GARCH,-5.36649,1.0977e-05
2024-03-25,M4 raw intraday GARCH,-6.10703,2.27095e-06
2024-03-26,M4 raw intraday GARCH,-6.09567,2.33519e-06
2024-03-27,M4 raw intraday GARCH,-5.20123,2.73168e-05
2024-03-28,M4 raw intraday GARCH,-5.62995,1.14743e-05
2024-04-01,M4 raw intraday GARCH,-4.99186,2.50188e-05
2024-04-02,M4 raw intraday GARCH,-5.37644,1.16587e-05
2024-04-03,M4 raw intraday GARCH,-3.8853,0.000181126
2024-04-04,M4 raw intraday GARCH,-4.53778,0.000359168
2024-04-05,M4 raw intraday GARCH,-3.97068,9.94407e-05
2024-04-08,M4 raw intraday GARCH,-5.11405,1.03138e-05
2024-04-09,M4 raw intraday GARCH,-3.874,0.00017738
2024-04-10,M4 raw intraday GARCH,-3.44262,0.00026187
2024-04-11,M4 raw intraday GARCH,-4.38128,5.07084e-05
2024-04-12,M4 raw intraday GARCH,-4.07198,6.72123e-05
2024-04-15,M4 raw intraday GARCH,-3.5372,0.000218401
2024-04-16,M4 raw intraday GARCH,-3.24974,0.000742042
2024-04-17,M4 raw intraday GARCH,-3.07125,0.000542911
2024-04-18,M4 raw intraday GARCH,-3.7583,0.000180601
2024-04-19,M4 raw intraday GARCH,-3.7173,0.000132819
2024-04-22,M4 raw intraday GARCH,-4.17869,7.14287e-05
2024-04-23,M4 raw intraday GARCH,-4.98844,4.60688e-05
2024-04-24,M4 raw intraday GARCH,-3.75775,0.000234034
2024-04-25,M4 raw intraday GARCH,-2.84458,0.00524
2024-04-26,M4 raw intraday GARCH,-4.68691,0.00023746
2024-04-29,M4 raw intraday GARCH,-4.45029,0.000184
2024-04-30,M4 raw intraday GARCH,-3.8571,0.000281273
2024-05-01,M4 raw intraday GARCH,-3.59023,0.00180146
2024-05-02,M4 raw intraday GARCH,-4.08182,0.000187152
2024-05-03,M4 raw intraday GARCH,-4.61637,0.000147236
2024-05-06,M4 raw intraday GARCH,-5.75787,2.86968e-06
2024-05-07,M4 raw intraday GARCH,-5.31782,1.13485e-05
2024-05-08,M4 raw intraday GARCH,-5.84872,2.73707e-06
2024-05-09,M4 raw intraday GARCH,-5.50832,6.62567e-06
2024-05-10,M4 raw intraday GARCH,-5.07305,1.74582e-05
2024-05-13,M4 raw intraday GARCH,-5.83443,3.26943e-06
2024-05-14,M4 raw intraday GARCH,-5.10847,3.24989e-05
2024-05-15,M4 raw intraday GARCH,-5.45541,8.89755e-06
2024-05-16,M4 raw intraday GARCH,-4.67709,7.38053e-05
2024-05-17,M4 raw intraday GARCH,-5.4295,9.05079e-06
2024-05-20,M4 raw intraday GARCH,-5.76272,4.89454e-06
2024-05-21,M4 raw intraday GARCH,-5.9906,1.54048e-06
2024-05-22,M4 raw intraday GARCH,-5.21119,3.76003e-05
2024-05-23,M4 raw intraday GARCH,-4.22896,8.47506e-05
2024-05-24,M4 raw intraday GARCH,-4.82888,2.05153e-05
2024-05-28,M4 raw intraday GARCH,-4.9428,1.78048e-05
2024-05-29,M4 raw intraday GARCH,-4.9779,1.17862e-05
2024-05-30,M4 raw intraday GARCH,-4.83656,4.19045e-05
2024-05-31,M4 raw intraday GARCH,-4.3012,0.000181034
2024-06-03,M4 raw intraday GARCH,-4.05625,0.000119307
2024-06-04,M4 raw intraday GARCH,-4.18622,9.62721e-05
2024-06-05,M4 raw intraday GARCH,-5.1425,2.45475e-05
2024-06-06,M4 raw intraday GARCH,-5.25804,1.24164e-05
2024-06-07,M4 raw intraday GARCH,-4.3571,5.05346e-05
2024-06-10,M4 raw intraday GARCH,-5.35409,1.04815e-05
2024-06-11,M4 raw intraday GARCH,-4.86969,2.93257e-05
2024-06-12,M4 raw intraday GARCH,-4.36008,0.000154469
2024-06-13,M4 raw intraday GARCH,-4.74515,2.27228e-05
2024-06-14,M4 raw intraday GARCH,-4.81485,2.3199e-05
2024-06-17,M4 raw intraday GARCH,-4.94673,2.04852e-05
2024-06-18,M4 raw intraday GARCH,-5.53189,5.66278e-06
2024-06-20,M4 raw intraday GARCH,-4.20085,6.86415e-05
2024-06-21,M4 raw intraday GARCH,-4.85098,1.83664e-05
2024-06-24,M4 raw intraday GARCH,-4.43034,6.72485e-05
2024-06-25,M4 raw intraday GARCH,-5.30695,7.6661e-06
2024-06-26,M4 raw intraday GARCH,-4.78553,2.68876e-05
2024-06-27,M4 raw intraday GARCH,-4.88496,3.85908e-05
2024-06-28,M4 raw intraday GARCH,-4.11293,0.000107636
2024-07-01,M4 raw intraday GARCH,-4.39135,0.000299932
2024-07-02,M4 raw intraday GARCH,-5.4188,7.98083e-06
2024-07-05,M4 raw intraday GARCH,-5.63484,1.17193e-05
2024-07-08,M4 raw intraday GARCH,-6.02566,2.1728e-06
2024-07-09,M4 raw intraday GARCH,-5.74428,7.44793e-06
2024-07-10,M4 raw intraday GARCH,-5.79221,4.20256e-06
2024-07-11,M4 raw intraday GARCH,-4.18797,7.31841e-05
2024-07-12,M4 raw intraday GARCH,-4.70392,2.79378e-05
2024-07-15,M4 raw intraday GARCH,-4.38239,4.5772e-05
2024-07-16,M4 raw intraday GARCH,-4.8026,1.81192e-05
2024-07-17,M4 raw intraday GARCH,-4.80705,2.11025e-05
2024-07-18,M4 raw intraday GARCH,-3.40619,0.000336987
2024-07-19,M4 raw intraday GARCH,-3.93636,0.000103591
2024-07-22,M4 raw intraday GARCH,-4.29233,0.000128485
2024-07-23,M4 raw intraday GARCH,-4.50625,5.59426e-05
2024-07-24,M4 raw intraday GARCH,-4.30312,0.000104572
2024-07-25,M4 raw intraday GARCH,-3.36402,0.00037462
2024-07-26,M4 raw intraday GARCH,-3.45722,0.000459606
2024-07-29,M4 raw intraday GARCH,-4.26431,0.000105944
2024-07-30,M4 raw intraday GARCH,-3.21059,0.00305634
2024-07-31,M4 raw intraday GARCH,-3.75192,0.000289423
2024-08-01,M4 raw intraday GARCH,-3.39196,0.000289017
2024-08-02,M4 raw intraday GARCH,-3.1409,0.0010956
2024-08-05,M4 raw intraday GARCH,-1.86506,0.0100967
2024-08-06,M4 raw intraday GARCH,-2.83047,0.000995739
2024-08-07,M4 raw intraday GARCH,-2.83102,0.00104806
2024-08-08,M4 raw intraday GARCH,-3.30496,0.000593467
2024-08-09,M4 raw intraday GARCH,-3.71569,0.000219041
2024-08-12,M4 raw intraday GARCH,-3.17844,0.00156413
2024-08-13,M4 raw intraday GARCH,-4.84242,2.07562e-05
2024-08-14,M4 raw intraday GARCH,-4.05705,0.000162148
2024-08-15,M4 raw intraday GARCH,-5.27642,1.05177e-05
2024-08-16,M4 raw intraday GARCH,-5.21417,9.30502e-06
2024-08-19,M4 raw intraday GARCH,-4.81024,5.11899e-05
2024-08-20,M4 raw intraday GARCH,-4.94194,2.46869e-05
2024-08-21,M4 raw intraday GARCH,-4.39554,0.000222715
2024-08-22,M4 raw intraday GARCH,-3.8602,0.000129198
2024-08-23,M4 raw intraday GARCH,-3.6363,0.000864812
2024-08-26,M4 raw intraday GARCH,-4.75777,3.3308e-05
2024-08-27,M4 raw intraday GARCH,-5.13728,1.52364e-05
2024-08-28,M4 raw intraday GARCH,-4.02799,0.000128112
2024-08-29,M4 raw intraday GARCH,-4.1014,0.000110861
2024-08-30,M4 raw intraday GARCH,-4.31725,8.38636e-05
2024-09-03,M4 raw intraday GARCH,-3.95902,0.000196502
2024-09-04,M4 raw intraday GARCH,-4.22975,5.49889e-05
2024-09-05,M4 raw intraday GARCH,-3.74999,0.000136829
2024-09-06,M4 raw intraday GARCH,-3.48295,0.000421544
2024-09-09,M4 raw intraday GARCH,-4.20163,6.46411e-05
2024-09-10,M4 raw intraday GARCH,-4.16987,0.000232977
2024-09-11,M4 raw intraday GARCH,-3.51795,0.000248272
2024-09-12,M4 raw intraday GARCH,-3.96351,0.000176956
2024-09-13,M4 raw intraday GARCH,-4.7962,3.89325e-05
2024-09-16,M4 raw intraday GARCH,-4.69165,6.17897e-05
2024-09-17,M4 raw intraday GARCH,-4.23851,6.22153e-05
2024-09-18,M4 raw intraday GARCH,-3.36221,0.00117673
2024-09-19,M4 raw intraday GARCH,-4.46278,5.09832e-05
2024-09-20,M4 raw intraday GARCH,-4.76323,1.90019e-05
2024-09-23,M4 raw intraday GARCH,-5.27357,1.10491e-05
2024-09-24,M4 raw intraday GARCH,-5.04515,2.81891e-05
2024-09-25,M4 raw intraday GARCH,-5.59293,4.82906e-06
2024-09-26,M4 raw intraday GARCH,-5.10704,1.84822e-05
2024-09-27,M4 raw intraday GARCH,-5.1651,1.0114e-05
2024-09-30,M4 raw intraday GARCH,-4.86218,4.44984e-05
2024-10-01,M4 raw intraday GARCH,-3.77319,0.000239541
2024-10-02,M4 raw intraday GARCH,-4.35792,0.000219737
2024-10-03,M4 raw intraday GARCH,-3.9694,0.000204441
2024-10-04,M4 raw intraday GARCH,-4.14292,0.000108687
2024-10-07,M4 raw intraday GARCH,-4.92632,4.00774e-05
2024-10-08,M4 raw intraday GARCH,-5.174,1.26242e-05
2024-10-09,M4 raw intraday GARCH,-5.21531,7.86652e-06
2024-10-10,M4 raw intraday GARCH,-5.03818,1.50898e-05
2024-10-11,M4 raw intraday GARCH,-5.29572,2.95081e-05
2024-10-14,M4 raw intraday GARCH,-5.53433,1.08408e-05
2024-10-15,M4 raw intraday GARCH,-4.88122,1.6194e-05
2024-10-16,M4 raw intraday GARCH,-5.39894,1.42388e-05
2024-10-17,M4 raw intraday GARCH,-4.56792,2.88635e-05
2024-10-18,M4 raw intraday GARCH,-5.69927,7.71443e-06
2024-10-21,M4 raw intraday GARCH,-5.19445,1.55367e-05
2024-10-22,M4 raw intraday GARCH,-5.47444,7.04686e-06
2024-10-23,M4 raw intraday GARCH,-4.47161,3.78292e-05
2024-10-24,M4 raw intraday GARCH,-4.67687,2.57236e-05
2024-10-25,M4 raw intraday GARCH,-4.5036,7.58724e-05
2024-10-28,M4 raw intraday GARCH,-5.20404,8.32991e-06
2024-10-29,M4 raw intraday GARCH,-4.89242,4.91959e-05
2024-10-30,M4 raw intraday GARCH,-4.80902,2.03454e-05
2024-10-31,M4 raw intraday GARCH,-3.9734,0.000303046
2024-11-01,M4 raw intraday GARCH,-4.04325,0.0001181
2024-11-04,M4 raw intraday GARCH,-4.51169,4.44393e-05
2024-11-05,M4 raw intraday GARCH,-4.74622,1.86312e-05
2024-11-06,M4 raw intraday GARCH,-4.61391,8.70604e-05
2024-11-07,M4 raw intraday GARCH,-5.34302,1.25553e-05
2024-11-08,M4 raw intraday GARCH,-5.69781,3.41998e-06
2024-11-11,M4 raw intraday GARCH,-5.50142,7.30222e-06
2024-11-12,M4 raw intraday GARCH,-4.97564,2.94803e-05
2024-11-13,M4 raw intraday GARCH,-4.69363,3.40564e-05
2024-11-14,M4 raw intraday GARCH,-4.02687,0.000133528
2024-11-15,M4 raw intraday GARCH,-4.51261,3.75708e-05
2024-11-18,M4 raw intraday GARCH,-4.74428,3.08286e-05
2024-11-19,M4 raw intraday GARCH,-4.97676,1.15486e-05
2024-11-20,M4 raw intraday GARCH,-3.74509,0.000188519
2024-11-21,M4 raw intraday GARCH,-3.72037,0.000567949
2024-11-22,M4 raw intraday GARCH,-4.45064,5.13118e-05
2024-11-25,M4 raw intraday GARCH,-4.72595,3.17889e-05
2024-11-26,M4 raw intraday GARCH,-5.38566,5.63683e-06
2024-11-27,M4 raw intraday GARCH,-5.4822,8.49364e-06
2024-12-02,M4 raw intraday GARCH,-5.86264,3.006e-06
2024-12-03,M4 raw intraday GARCH,-5.98214,1.95844e-06
2024-12-04,M4 raw intraday GARCH,-6.01171,2.12518e-06
2024-12-05,M4 raw intraday GARCH,-5.57277,6.1016e-06
2024-12-06,M4 raw intraday GARCH,-5.85198,2.67534e-06
2024-12-09,M4 raw intraday GARCH,-5.65653,4.45783e-06
2024-12-10,M4 raw intraday GARCH,-5.60937,5.32406e-06
2024-12-11,M4 raw intraday GARCH,-6.18271,1.20321e-06
2024-12-12,M4 raw intraday GARCH,-5.49424,3.27846e-06
2024-12-13,M4 raw intraday GARCH,-5.03919,2.5378e-05
2024-12-16,M4 raw intraday GARCH,-5.96017,3.1426e-06
2024-12-17,M4 raw intraday GARCH,-5.29058,1.16735e-05
2024-12-18,M4 raw intraday GARCH,-3.34156,0.0045438
2024-12-19,M4 raw intraday GARCH,-3.23361,0.00099537
2024-12-20,M4 raw intraday GARCH,-3.06929,0.000649769
2024-12-23,M4 raw intraday GARCH,-4.49179,7.46402e-05
2024-12-26,M4 raw intraday GARCH,-4.68557,9.73722e-05
2024-12-27,M4 raw intraday GARCH,-3.5258,0.00025721
2024-12-30,M4 raw intraday GARCH,-3.86366,0.000120614
2024-12-31,M4 raw intraday GARCH,-3.57783,0.000161931
2025-01-02,M0 flat,-2.59517,0.00072901
2025-01-03,M0 flat,-4.32485,0.000113341
2025-01-06,M0 flat,-4.50422,4.22457e-05
2025-01-07,M0 flat,-3.44846,0.000670737
2025-01-08,M0 flat,-3.41015,0.000328951
2025-01-10,M0 flat,-2.87219,0.000954967
2025-01-13,M0 flat,-3.81584,0.000141669
2025-01-14,M0 flat,-3.61719,0.000172436
2025-01-15,M0 flat,-4.52363,4.63902e-05
2025-01-16,M0 flat,-4.24983,5.11789e-05
2025-01-17,M0 flat,-4.67953,3.32528e-05
2025-01-21,M0 flat,-4.46497,7.21249e-05
2025-01-22,M0 flat,-4.84358,3.90938e-05
2025-01-23,M0 flat,-4.92343,3.25998e-05
2025-01-24,M0 flat,-4.99205,1.79584e-05
2025-01-27,M0 flat,-3.58414,0.00012862
2025-01-28,M0 flat,-4.36588,8.42171e-05
2025-01-29,M0 flat,-3.58925,0.000354939
2025-01-30,M0 flat,-3.4405,0.000599711
2025-01-31,M0 flat,-3.84431,0.00025972
2025-02-03,M0 flat,-1.5854,0.00600711
2025-02-04,M0 flat,-4.62644,3.56454e-05
2025-02-05,M0 flat,-4.86043,3.73586e-05
2025-02-06,M0 flat,-4.77656,6.36774e-05
2025-02-07,M0 flat,-1.26266,0.00164466
2025-02-10,M0 flat,-5.33673,8.84287e-06
2025-02-11,M0 flat,-5.28659,7.93264e-06
2025-02-12,M0 flat,-4.17407,9.65376e-05
2025-02-13,M0 flat,-4.81943,1.7654e-05
2025-02-14,M0 flat,-5.32957,8.51964e-06
2025-02-18,M0 flat,-5.0401,3.13226e-05
2025-02-19,M0 flat,-5.29862,1.17609e-05
2025-02-20,M0 flat,-4.68711,2.73111e-05
2025-02-21,M0 flat,-4.36614,2.7169e-05
2025-02-24,M0 flat,-3.93876,0.000153901
2025-02-25,M0 flat,-3.15404,0.000299847
2025-02-26,M0 flat,-4.05491,0.000110321
2025-02-27,M0 flat,-1.90477,0.000625075
2025-02-28,M0 flat,-2.46314,0.000929792
2025-03-03,M0 flat,-2.5589,0.000847459
2025-03-04,M0 flat,-2.40956,0.00131663
2025-03-05,M0 flat,-2.47773,0.00134182
2025-03-06,M0 flat,-2.08654,0.00146149
2025-03-07,M0 flat,-1.64755,0.00245788
2025-03-10,M0 flat,-2.31115,0.00123208
2025-03-11,M0 flat,-1.98609,0.00375359
2025-03-12,M0 flat,-3.24402,0.000473085
2025-03-13,M0 flat,-3.02071,0.000382378
2025-03-14,M0 flat,-3.76937,0.000103809
2025-03-17,M0 flat,-3.80662,0.000144269
2025-03-18,M0 flat,-3.78235,0.000107701
2025-03-19,M0 flat,-3.54052,0.000240468
2025-03-20,M0 flat,-3.62908,0.000176693
2025-03-21,M0 flat,-3.906,9.11085e-05
2025-03-24,M0 flat,-4.63381,4.55743e-05
2025-03-25,M0 flat,-4.5232,5.1596e-05
2025-03-26,M0 flat,-4.29462,3.88954e-05
2025-03-27,M0 flat,-3.7376,0.000125161
2025-03-28,M0 flat,-3.83317,0.00011933
2025-03-31,M0 flat,-2.98917,0.000736087
2025-04-01,M0 flat,-3.44659,0.000234984
2025-04-02,M0 flat,-2.26409,0.00604231
2025-04-03,M0 flat,-3.13748,0.000559182
2025-04-04,M0 flat,-1.11275,0.0270819
2025-04-07,M0 flat,2.57735,3.75974
2025-04-08,M0 flat,-1.24394,0.0455464
2025-04-09,M0 flat,0.973395,0.502553
2025-04-10,M0 flat,-0.924459,0.0392012
2025-04-11,M0 flat,-1.62626,0.0146142
2025-04-14,M0 flat,-1.99605,0.00927916
2025-04-15,M0 flat,-2.29731,0.00588842
2025-04-16,M0 flat,-2.37855,0.00414261
2025-04-17,M0 flat,-2.55256,0.00209169
2025-04-21,M0 flat,-2.91269,0.00127116
2025-04-22,M0 flat,-2.75674,0.00161489
2025-04-23,M0 flat,-2.64353,0.00113237
2025-04-24,M0 flat,-3.08486,0.000918895
2025-04-25,M0 flat,-3.02697,0.000985932
2025-04-28,M0 flat,-3.20717,0.000579878
2025-04-29,M0 flat,-3.41472,0.000310521
2025-04-30,M0 flat,-3.0576,0.000867084
2025-05-01,M0 flat,-3.31735,0.00067726
2025-05-02,M0 flat,-3.96552,0.000138605
2025-05-05,M0 flat,-4.07919,0.000126839
2025-05-06,M0 flat,-3.482,0.00081198
2025-05-07,M0 flat,-2.48371,0.00264701
2025-05-08,M0 flat,-3.63597,0.000290272
2025-05-09,M0 flat,-4.28453,7.75303e-05
2025-05-12,M0 flat,-4.14698,8.17755e-05
2025-05-13,M0 flat,-3.76346,0.000286354
2025-05-14,M0 flat,-3.87475,0.000201048
2025-05-15,M0 flat,-4.06386,9.53851e-05
2025-05-16,M0 flat,-4.39577,7.06875e-05
2025-05-19,M0 flat,-4.42114,4.16768e-05
2025-05-20,M0 flat,-4.41312,4.8826e-05
2025-05-21,M0 flat,-2.78738,0.000637399
2025-05-22,M0 flat,-4.04827,8.26931e-05
2025-05-23,M0 flat,-4.064,7.24672e-05
2025-05-27,M0 flat,-4.69156,3.95806e-05
2025-05-28,M0 flat,-4.07595,0.000134878
2025-05-29,M0 flat,-3.71751,0.000314756
2025-05-30,M0 flat,-3.8344,0.000165376
2025-06-02,M0 flat,-4.30103,6.30846e-05
2025-06-03,M0 flat,-4.87988,2.02467e-05
2025-06-04,M0 flat,-4.97555,1.88358e-05
2025-06-05,M0 flat,-2.99568,0.000373837
2025-06-06,M0 flat,-4.59349,0.000101475
2025-06-09,M0 flat,-5.17141,1.20552e-05
2025-06-10,M0 flat,-5.02002,2.03865e-05
2025-06-11,M0 flat,-4.10436,9.20762e-05
2025-06-12,M0 flat,-4.91956,2.09002e-05
2025-06-13,M0 flat,-3.71739,6.19822e-05
2025-06-16,M0 flat,-5.04213,1.26191e-05
2025-06-17,M0 flat,-4.70138,1.32742e-05
2025-06-18,M0 flat,-4.0882,0.000127058
2025-06-20,M0 flat,-3.95419,0.00012488
2025-06-23,M0 flat,-3.8913,0.000137539
2025-06-24,M0 flat,-5.21563,1.01132e-05
2025-06-25,M0 flat,-5.04708,1.67395e-05
2025-06-26,M0 flat,-5.20705,1.15316e-05
2025-06-27,M0 flat,-4.83739,2.74242e-05
2025-06-30,M0 flat,-5.01012,2.81374e-05
2025-07-01,M0 flat,-4.79812,1.8387e-05
2025-07-02,M0 flat,-5.55153,5.85172e-06
2025-07-07,M0 flat,-4.75173,3.47188e-05
2025-07-08,M0 flat,-4.98904,1.87131e-05
2025-07-09,M0 flat,-5.42979,6.95651e-06
2025-07-10,M0 flat,-5.67376,4.24655e-06
2025-07-11,M0 flat,-5.30113,8.29827e-06
2025-07-14,M0 flat,-5.22278,3.72398e-05
2025-07-15,M0 flat,-4.89734,1.87144e-05
2025-07-16,M0 flat,-2.46721,0.000916766
2025-07-17,M0 flat,-5.54686,6.75215e-06
2025-07-18,M0 flat,-5.6044,3.47018e-06
2025-07-21,M0 flat,-5.7502,4.54726e-06
2025-07-22,M0 flat,-4.98267,5.11617e-05
2025-07-23,M0 flat,-5.28702,1.17087e-05
2025-07-24,M0 flat,-5.43918,6.36551e-06
2025-07-25,M0 flat,-5.83049,4.1262e-06
2025-07-28,M0 flat,-5.77229,4.28726e-06
2025-07-29,M0 flat,-5.46015,5.98283e-06
2025-07-30,M0 flat,-3.35342,0.000203406
2025-07-31,M0 flat,-3.23464,9.753e-05
2025-08-01,M0 flat,-3.77314,0.000105367
2025-08-04,M0 flat,-4.6732,3.70228e-05
2025-08-05,M0 flat,-4.40565,6.32048e-05
2025-08-06,M0 flat,-4.43779,8.07171e-05
2025-08-07,M0 flat,-4.22275,6.94364e-05
2025-08-08,M0 flat,-4.89038,1.65804e-05
2025-08-11,M0 flat,-4.82295,3.50211e-05
2025-08-12,M0 flat,-4.95606,3.31447e-05
2025-08-13,M0 flat,-4.92314,1.88908e-05
2025-08-14,M0 flat,-4.93767,1.37086e-05
2025-08-15,M0 flat,-4.96423,2.76635e-05
2025-08-18,M0 flat,-5.32305,1.042e-05
2025-08-19,M0 flat,-4.81216,3.18486e-05
2025-08-20,M0 flat,-3.8716,0.000153612
2025-08-21,M0 flat,-4.1399,9.59889e-05
2025-08-22,M0 flat,-2.40806,0.00324496
2025-08-25,M0 flat,-5.07727,2.77637e-05
2025-08-26,M0 flat,-5.04247,2.04222e-05
2025-08-27,M0 flat,-5.29296,1.22974e-05
2025-08-28,M0 flat,-5.26694,9.69663e-06
2025-08-29,M0 flat,-4.87576,2.63966e-05
2025-09-02,M0 flat,-4.37609,9.60574e-05
2025-09-03,M0 flat,-4.90442,2.38588e-05
2025-09-04,M0 flat,-5.31097,1.00987e-05
2025-09-05,M0 flat,-4.01459,0.000110858
2025-09-08,M0 flat,-5.25948,7.32571e-06
2025-09-09,M0 flat,-5.35326,1.63795e-05
2025-09-10,M0 flat,-5.20567,1.02356e-05
2025-09-11,M0 flat,-5.53705,5.42203e-06
2025-09-12,M0 flat,-5.47309,9.84495e-06
2025-09-15,M0 flat,-5.61791,4.27654e-06
2025-09-16,M0 flat,-5.73495,4.64724e-06
2025-09-17,M0 flat,-0.340591,0.00116119
2025-09-18,M0 flat,-4.87418,1.81469e-05
2025-09-19,M0 flat,-5.65011,5.46009e-06
2025-09-22,M0 flat,-5.87908,2.77364e-06
2025-09-23,M0 flat,-5.36107,8.02647e-06
2025-09-24,M0 flat,-5.23779,8.86164e-06
2025-09-25,M0 flat,-3.59053,7.70646e-05
2025-09-26,M0 flat,-4.54575,5.13688e-05
2025-09-29,M0 flat,-5.33741,8.33683e-06
2025-09-30,M0 flat,-4.79161,1.85232e-05
2025-10-01,M0 flat,-5.07554,0.0001014
2025-10-02,M0 flat,-5.45828,6.84904e-06
2025-10-03,M0 flat,-4.69501,4.91375e-05
2025-10-06,M0 flat,-5.81725,3.88212e-06
2025-10-07,M0 flat,-4.94454,3.10898e-05
2025-10-08,M0 flat,-5.76188,7.67337e-06
2025-10-09,M0 flat,-5.2275,1.59901e-05
2025-10-10,M0 flat,5.11825,0.00328719
2025-10-13,M0 flat,-4.07813,0.000111134
2025-10-14,M0 flat,-3.72951,0.000250714
2025-10-15,M0 flat,-3.84188,0.00017952
2025-10-16,M0 flat,-3.20145,0.000489461
2025-10-17,M0 flat,-3.50093,0.000336606
2025-10-20,M0 flat,-4.73779,3.39326e-05
2025-10-21,M0 flat,-4.63047,4.58905e-05
2025-10-22,M0 flat,-3.89289,0.00013221
2025-10-23,M0 flat,-4.74386,2.82432e-05
2025-10-24,M0 flat,-5.16933,1.43592e-05
2025-10-27,M0 flat,-5.23625,1.44927e-05
2025-10-28,M0 flat,-4.9531,2.43418e-05
2025-10-29,M0 flat,-2.91267,0.00361951
2025-10-30,M0 flat,-3.95722,0.000191066
2025-10-31,M0 flat,-4.41458,3.07204e-05
2025-11-03,M0 flat,-4.79892,2.86957e-05
2025-11-04,M0 flat,-4.10059,8.65859e-05
2025-11-05,M0 flat,-4.63452,6.6701e-05
2025-11-06,M0 flat,-3.51581,0.000142422
2025-11-07,M0 flat,-3.61638,0.00013263
2025-11-10,M0 flat,-4.76714,2.2649e-05
2025-11-11,M0 flat,-4.70389,3.75472e-05
2025-11-12,M0 flat,-4.73608,2.11887e-05
2025-11-13,M0 flat,-3.52872,0.000146603
2025-11-14,M0 flat,-3.44255,0.000346631
2025-11-17,M0 flat,-3.60705,0.000184438
2025-11-18,M0 flat,-2.83205,0.000542902
2025-11-19,M0 flat,-3.41025,0.000272695
2025-11-20,M0 flat,-1.34649,0.00102326
2025-11-21,M0 flat,-2.6111,0.000867709
2025-11-24,M0 flat,-4.23705,7.96568e-05
2025-11-25,M0 flat,-3.42757,0.000836386
2025-11-26,M0 flat,-4.3058,5.47533e-05
2025-12-01,M0 flat,-4.42472,6.23838e-05
2025-12-02,M0 flat,-4.21135,9.29732e-05
2025-12-03,M0 flat,-4.74305,3.92163e-05
2025-12-04,M0 flat,-4.79301,2.1162e-05
2025-12-05,M0 flat,-5.03028,1.34044e-05
2025-12-08,M0 flat,-4.99622,2.00745e-05
2025-12-09,M0 flat,-5.4587,5.04927e-06
2025-12-10,M0 flat,-3.66932,0.000190075
2025-12-11,M0 flat,-3.94714,0.000137191
2025-12-12,M0 flat,-3.05082,0.000197523
2025-12-15,M0 flat,-4.15467,9.19903e-05
2025-12-16,M0 flat,-3.99583,5.84257e-05
2025-12-17,M0 flat,-3.99587,8.04737e-05
2025-12-18,M0 flat,-3.44324,0.00021932
2025-12-19,M0 flat,-5.05091,2.60519e-05
2025-12-22,M0 flat,-5.17739,1.61909e-05
2025-12-23,M0 flat,-5.31103,1.66041e-05
2025-12-26,M0 flat,-5.38521,9.42504e-06
2025-12-29,M0 flat,-5.43173,8.23435e-06
2025-12-30,M0 flat,-5.52184,8.63717e-06
2025-12-31,M0 flat,-5.1949,1.10992e-05
2025-01-02,M1 hist. profile,-2.355,0.000727791
2025-01-03,M1 hist. profile,-4.538,8.77048e-05
2025-01-06,M1 hist. profile,-4.58972,3.97147e-05
2025-01-07,M1 hist. profile,-3.71592,0.000623338
2025-01-08,M1 hist. profile,-3.34555,0.00032649
2025-01-10,M1 hist. profile,-3.30015,0.000883027
2025-01-13,M1 hist. profile,-3.84537,0.000138782
2025-01-14,M1 hist. profile,-3.70451,0.000161762
2025-01-15,M1 hist. profile,-4.6229,4.20896e-05
2025-01-16,M1 hist. profile,-4.32515,5.01237e-05
2025-01-17,M1 hist. profile,-4.78688,3.04463e-05
2025-01-21,M1 hist. profile,-4.63459,6.06116e-05
2025-01-22,M1 hist. profile,-4.89891,4.77612e-05
2025-01-23,M1 hist. profile,-5.0305,3.22457e-05
2025-01-24,M1 hist. profile,-5.02779,2.12078e-05
2025-01-27,M1 hist. profile,-3.64075,0.000117892
2025-01-28,M1 hist. profile,-4.56253,6.2617e-05
2025-01-29,M1 hist. profile,-3.47625,0.000364665
2025-01-30,M1 hist. profile,-3.69628,0.000582634
2025-01-31,M1 hist. profile,-3.74085,0.000264684
2025-02-03,M1 hist. profile,-1.91953,0.00598526
2025-02-04,M1 hist. profile,-4.65018,3.51289e-05
2025-02-05,M1 hist. profile,-5.05993,2.95777e-05
2025-02-06,M1 hist. profile,-4.83554,6.44023e-05
2025-02-07,M1 hist. profile,-1.86441,0.00161399
2025-02-10,M1 hist. profile,-5.41441,8.80095e-06
2025-02-11,M1 hist. profile,-5.30013,9.90419e-06
2025-02-12,M1 hist. profile,-4.43527,8.80309e-05
2025-02-13,M1 hist. profile,-4.81583,1.64258e-05
2025-02-14,M1 hist. profile,-5.38151,9.95858e-06
2025-02-18,M1 hist. profile,-5.16799,2.88733e-05
2025-02-19,M1 hist. profile,-5.31579,1.27301e-05
2025-02-20,M1 hist. profile,-4.79092,2.57612e-05
2025-02-21,M1 hist. profile,-4.22358,2.81318e-05
2025-02-24,M1 hist. profile,-4.15174,0.000128479
2025-02-25,M1 hist. profile,-3.24265,0.000277282
2025-02-26,M1 hist. profile,-3.99729,0.000108815
2025-02-27,M1 hist. profile,-2.02178,0.000607057
2025-02-28,M1 hist. profile,-2.27901,0.000912875
2025-03-03,M1 hist. profile,-2.53664,0.00083299
2025-03-04,M1 hist. profile,-2.46795,0.00129251
2025-03-05,M1 hist. profile,-2.45463,0.00128183
2025-03-06,M1 hist. profile,-1.9118,0.00145102
2025-03-07,M1 hist. profile,-1.34437,0.00246098
2025-03-10,M1 hist. profile,-2.22251,0.00121314
2025-03-11,M1 hist. profile,-2.30596,0.00337104
2025-03-12,M1 hist. profile,-3.14857,0.000508194
2025-03-13,M1 hist. profile,-2.9389,0.000396655
2025-03-14,M1 hist. profile,-3.86056,8.65907e-05
2025-03-17,M1 hist. profile,-3.94219,0.000108362
2025-03-18,M1 hist. profile,-3.77936,0.000106274
2025-03-19,M1 hist. profile,-3.62539,0.00022618
2025-03-20,M1 hist. profile,-3.55408,0.000181372
2025-03-21,M1 hist. profile,-3.86372,9.29253e-05
2025-03-24,M1 hist. profile,-4.75147,3.83816e-05
2025-03-25,M1 hist. profile,-4.5885,6.04217e-05
2025-03-26,M1 hist. profile,-4.31869,3.99419e-05
2025-03-27,M1 hist. profile,-3.75218,0.000119078
2025-03-28,M1 hist. profile,-3.88913,0.000109114
2025-03-31,M1 hist. profile,-3.03429,0.00069809
2025-04-01,M1 hist. profile,-3.48489,0.00021763
2025-04-02,M1 hist. profile,-1.75352,0.00605667
2025-04-03,M1 hist. profile,-3.12991,0.000531346
2025-04-04,M1 hist. profile,-1.1099,0.0269982
2025-04-07,M1 hist. profile,1.72659,3.72977
2025-04-08,M1 hist. profile,-1.20036,0.0460013
2025-04-09,M1 hist. profile,2.07343,0.508734
2025-04-10,M1 hist. profile,-0.893218,0.0456456
2025-04-11,M1 hist. profile,-1.67933,0.0169791
2025-04-14,M1 hist. profile,-2.04676,0.0110262
2025-04-15,M1 hist. profile,-2.36289,0.00694839
2025-04-16,M1 hist. profile,-2.40307,0.00484107
2025-04-17,M1 hist. profile,-2.58392,0.00268211
2025-04-21,M1 hist. profile,-2.98559,0.0014907
2025-04-22,M1 hist. profile,-2.7786,0.00195993
2025-04-23,M1 hist. profile,-2.65767,0.00130379
2025-04-24,M1 hist. profile,-3.14209,0.00111448
2025-04-25,M1 hist. profile,-3.10087,0.00105922
2025-04-28,M1 hist. profile,-3.30403,0.000560897
2025-04-29,M1 hist. profile,-3.44026,0.000367328
2025-04-30,M1 hist. profile,-3.20867,0.000732325
2025-05-01,M1 hist. profile,-3.46638,0.00060157
2025-05-02,M1 hist. profile,-4.0448,0.000139421
2025-05-05,M1 hist. profile,-4.16526,0.000143358
2025-05-06,M1 hist. profile,-3.38317,0.000820259
2025-05-07,M1 hist. profile,-2.4239,0.0026605
2025-05-08,M1 hist. profile,-3.69693,0.000284729
2025-05-09,M1 hist. profile,-4.34455,7.7612e-05
2025-05-12,M1 hist. profile,-4.24962,7.62336e-05
2025-05-13,M1 hist. profile,-3.84268,0.000321096
2025-05-14,M1 hist. profile,-3.92932,0.000235725
2025-05-15,M1 hist. profile,-4.14454,9.60643e-05
2025-05-16,M1 hist. profile,-4.47176,8.07393e-05
2025-05-19,M1 hist. profile,-4.51485,3.83523e-05
2025-05-20,M1 hist. profile,-4.49426,4.90208e-05
2025-05-21,M1 hist. profile,-2.22469,0.000661011
2025-05-22,M1 hist. profile,-4.11788,7.96239e-05
2025-05-23,M1 hist. profile,-4.13763,6.6095e-05
2025-05-27,M1 hist. profile,-4.73944,4.25529e-05
2025-05-28,M1 hist. profile,-4.15935,0.000141573
2025-05-29,M1 hist. profile,-3.80082,0.000303398
2025-05-30,M1 hist. profile,-3.66544,0.00018026
2025-06-02,M1 hist. profile,-4.44704,5.10055e-05
2025-06-03,M1 hist. profile,-4.97222,2.039e-05
2025-06-04,M1 hist. profile,-5.06686,1.68549e-05
2025-06-05,M1 hist. profile,-2.98099,0.000368706
2025-06-06,M1 hist. profile,-4.69479,9.77728e-05
2025-06-09,M1 hist. profile,-5.2207,1.42521e-05
2025-06-10,M1 hist. profile,-5.09639,2.01015e-05
2025-06-11,M1 hist. profile,-4.10312,9.15449e-05
2025-06-12,M1 hist. profile,-4.95776,1.94516e-05
2025-06-13,M1 hist. profile,-3.63729,6.05538e-05
2025-06-16,M1 hist. profile,-5.09599,1.25651e-05
2025-06-17,M1 hist. profile,-4.68584,1.47647e-05
2025-06-18,M1 hist. profile,-4.10653,0.000128094
2025-06-20,M1 hist. profile,-4.01938,0.000120489
2025-06-23,M1 hist. profile,-3.67541,0.000135655
2025-06-24,M1 hist. profile,-5.30043,1.03029e-05
2025-06-25,M1 hist. profile,-5.11058,1.924e-05
2025-06-26,M1 hist. profile,-5.28947,1.27509e-05
2025-06-27,M1 hist. profile,-4.89593,2.6177e-05
2025-06-30,M1 hist. profile,-5.14222,2.52179e-05
2025-07-01,M1 hist. profile,-4.7843,1.96276e-05
2025-07-02,M1 hist. profile,-5.64194,5.76289e-06
2025-07-07,M1 hist. profile,-4.6144,3.64656e-05
2025-07-08,M1 hist. profile,-4.9993,1.89509e-05
2025-07-09,M1 hist. profile,-5.47844,6.98639e-06
2025-07-10,M1 hist. profile,-5.76382,4.26908e-06
2025-07-11,M1 hist. profile,-5.39106,7.61462e-06
2025-07-14,M1 hist. profile,-5.52379,3.3561e-05
2025-07-15,M1 hist. profile,-4.95973,1.75543e-05
2025-07-16,M1 hist. profile,-2.18393,0.000919337
2025-07-17,M1 hist. profile,-5.68162,5.88142e-06
2025-07-18,M1 hist. profile,-5.63844,4.0113e-06
2025-07-21,M1 hist. profile,-5.84872,4.44259e-06
2025-07-22,M1 hist. profile,-5.23461,4.7977e-05
2025-07-23,M1 hist. profile,-5.25403,1.15209e-05
2025-07-24,M1 hist. profile,-5.54727,5.46997e-06
2025-07-25,M1 hist. profile,-5.89137,4.92216e-06
2025-07-28,M1 hist. profile,-5.80158,5.10557e-06
2025-07-29,M1 hist. profile,-5.41367,6.69987e-06
2025-07-30,M1 hist. profile,-3.22921,0.000203046
2025-07-31,M1 hist. profile,-3.15635,9.58798e-05
2025-08-01,M1 hist. profile,-3.77581,0.000100162
2025-08-04,M1 hist. profile,-4.74868,4.10818e-05
2025-08-05,M1 hist. profile,-4.50011,5.96712e-05
2025-08-06,M1 hist. profile,-4.6157,6.23269e-05
2025-08-07,M1 hist. profile,-4.17842,7.08493e-05
2025-08-08,M1 hist. profile,-4.96344,1.74071e-05
2025-08-11,M1 hist. profile,-4.89404,3.51841e-05
2025-08-12,M1 hist. profile,-5.14956,2.57732e-05
2025-08-13,M1 hist. profile,-4.94992,2.35585e-05
2025-08-14,M1 hist. profile,-4.94627,1.6964e-05
2025-08-15,M1 hist. profile,-5.02162,2.73032e-05
2025-08-18,M1 hist. profile,-5.41689,1.00461e-05
2025-08-19,M1 hist. profile,-5.02302,2.64715e-05
2025-08-20,M1 hist. profile,-4.09003,0.000146447
2025-08-21,M1 hist. profile,-4.16993,9.13714e-05
2025-08-22,M1 hist. profile,-4.05555,0.00318781
2025-08-25,M1 hist. profile,-5.17894,2.82254e-05
2025-08-26,M1 hist. profile,-5.15338,1.87449e-05
2025-08-27,M1 hist. profile,-5.35904,1.37154e-05
2025-08-28,M1 hist. profile,-5.34775,9.09109e-06
2025-08-29,M1 hist. profile,-5.09198,2.06469e-05
2025-09-02,M1 hist. profile,-4.15463,9.70748e-05
2025-09-03,M1 hist. profile,-5.04065,2.12159e-05
2025-09-04,M1 hist. profile,-5.40259,8.9077e-06
2025-09-05,M1 hist. profile,-4.06167,0.000108272
2025-09-08,M1 hist. profile,-5.30376,7.94126e-06
2025-09-09,M1 hist. profile,-5.40965,1.68143e-05
2025-09-10,M1 hist. profile,-5.25739,1.0362e-05
2025-09-11,M1 hist. profile,-5.66194,4.49803e-06
2025-09-12,M1 hist. profile,-5.61183,8.75462e-06
2025-09-15,M1 hist. profile,-5.72468,3.67124e-06
2025-09-16,M1 hist. profile,-5.85155,4.26839e-06
2025-09-17,M1 hist. profile,0.0850229,0.00116346
2025-09-18,M1 hist. profile,-5.09316,1.52511e-05
2025-09-19,M1 hist. profile,-5.77681,4.72216e-06
2025-09-22,M1 hist. profile,-5.93047,3.02373e-06
2025-09-23,M1 hist. profile,-5.21086,9.39599e-06
2025-09-24,M1 hist. profile,-5.20306,9.35173e-06
2025-09-25,M1 hist. profile,-3.80364,7.03733e-05
2025-09-26,M1 hist. profile,-4.633,4.97638e-05
2025-09-29,M1 hist. profile,-5.44273,7.46595e-06
2025-09-30,M1 hist. profile,-4.89454,1.73744e-05
2025-10-01,M1 hist. profile,-5.48205,9.54999e-05
2025-10-02,M1 hist. profile,-5.54863,6.40239e-06
2025-10-03,M1 hist. profile,-4.38148,5.04889e-05
2025-10-06,M1 hist. profile,-5.9196,3.56726e-06
2025-10-07,M1 hist. profile,-4.80377,3.2088e-05
2025-10-08,M1 hist. profile,-5.90022,6.35889e-06
2025-10-09,M1 hist. profile,-5.26314,1.53808e-05
2025-10-10,M1 hist. profile,5.58384,0.0032863
2025-10-13,M1 hist. profile,-4.15477,0.000128832
2025-10-14,M1 hist. profile,-3.7938,0.000239124
2025-10-15,M1 hist. profile,-3.86796,0.000172363
2025-10-16,M1 hist. profile,-2.85676,0.000522663
2025-10-17,M1 hist. profile,-3.60309,0.000315209
2025-10-20,M1 hist. profile,-4.81869,3.76934e-05
2025-10-21,M1 hist. profile,-4.69796,4.75441e-05
2025-10-22,M1 hist. profile,-3.61222,0.000149044
2025-10-23,M1 hist. profile,-4.79694,2.92482e-05
2025-10-24,M1 hist. profile,-5.23896,1.62569e-05
2025-10-27,M1 hist. profile,-5.30467,1.67388e-05
2025-10-28,M1 hist. profile,-5.00486,2.92226e-05
2025-10-29,M1 hist. profile,-2.53765,0.00363345
2025-10-30,M1 hist. profile,-4.23555,0.000177579
2025-10-31,M1 hist. profile,-4.39025,2.92644e-05
2025-11-03,M1 hist. profile,-4.93218,2.55187e-05
2025-11-04,M1 hist. profile,-4.0827,8.3402e-05
2025-11-05,M1 hist. profile,-4.82577,5.50588e-05
2025-11-06,M1 hist. profile,-3.63755,0.000131166
2025-11-07,M1 hist. profile,-3.75167,0.000112869
2025-11-10,M1 hist. profile,-4.78074,2.33749e-05
2025-11-11,M1 hist. profile,-4.7566,4.26248e-05
2025-11-12,M1 hist. profile,-4.77074,2.31274e-05
2025-11-13,M1 hist. profile,-3.65124,0.00013412
2025-11-14,M1 hist. profile,-3.48016,0.00032051
2025-11-17,M1 hist. profile,-3.63992,0.000171597
2025-11-18,M1 hist. profile,-2.74627,0.000525088
2025-11-19,M1 hist. profile,-3.16142,0.000290977
2025-11-20,M1 hist. profile,-0.525999,0.00106388
2025-11-21,M1 hist. profile,-2.48691,0.000879409
2025-11-24,M1 hist. profile,-4.41943,5.255e-05
2025-11-25,M1 hist. profile,-3.87185,0.000695456
2025-11-26,M1 hist. profile,-4.36517,6.06588e-05
2025-12-01,M1 hist. profile,-4.5308,6.1845e-05
2025-12-02,M1 hist. profile,-4.21663,9.50183e-05
2025-12-03,M1 hist. profile,-4.87508,3.35009e-05
2025-12-04,M1 hist. profile,-4.83869,2.18925e-05
2025-12-05,M1 hist. profile,-5.07155,1.32182e-05
2025-12-08,M1 hist. profile,-5.00845,1.96539e-05
2025-12-09,M1 hist. profile,-5.50554,5.86259e-06
2025-12-10,M1 hist. profile,-3.55766,0.000191624
2025-12-11,M1 hist. profile,-4.20639,0.00012933
2025-12-12,M1 hist. profile,-2.89054,0.000196972
2025-12-15,M1 hist. profile,-4.17555,9.12781e-05
2025-12-16,M1 hist. profile,-4.01899,5.26448e-05
2025-12-17,M1 hist. profile,-4.02283,7.84883e-05
2025-12-18,M1 hist. profile,-3.43279,0.000213752
2025-12-19,M1 hist. profile,-5.18778,2.32039e-05
2025-12-22,M1 hist. profile,-5.28165,1.6574e-05
2025-12-23,M1 hist. profile,-5.43679,1.51241e-05
2025-12-26,M1 hist. profile,-5.46274,9.98313e-06
2025-12-29,M1 hist. profile,-5.53324,7.80202e-06
2025-12-30,M1 hist. profile,-5.6287,8.36924e-06
2025-12-31,M1 hist. profile,-5.30115,9.83295e-06
2025-01-02,M2 FFF,-2.3805,0.000725595
2025-01-03,M2 FFF,-4.51657,9.13017e-05
2025-01-06,M2 FFF,-4.5897,4.02862e-05
2025-01-07,M2 FFF,-3.65235,0.000644261
2025-01-08,M2 FFF,-3.38556,0.000325442
2025-01-10,M2 FFF,-3.21205,0.000909374
2025-01-13,M2 FFF,-3.86157,0.000136278
2025-01-14,M2 FFF,-3.69459,0.000161572
2025-01-15,M2 FFF,-4.61359,4.19801e-05
2025-01-16,M2 FFF,-4.32913,4.72828e-05
2025-01-17,M2 FFF,-4.77674,3.15256e-05
2025-01-21,M2 FFF,-4.64218,5.73489e-05
2025-01-22,M2 FFF,-4.89933,4.61916e-05
2025-01-23,M2 FFF,-5.02002,3.21427e-05
2025-01-24,M2 FFF,-5.03496,2.09651e-05
2025-01-27,M2 FFF,-3.65565,0.000118411
2025-01-28,M2 FFF,-4.5421,6.88793e-05
2025-01-29,M2 FFF,-3.37489,0.000370724
2025-01-30,M2 FFF,-3.69836,0.000583739
2025-01-31,M2 FFF,-3.65208,0.000267279
2025-02-03,M2 FFF,-2.02614,0.00598037
2025-02-04,M2 FFF,-4.64591,3.58723e-05
2025-02-05,M2 FFF,-5.04055,3.18954e-05
2025-02-06,M2 FFF,-4.81284,6.44525e-05
2025-02-07,M2 FFF,-1.74172,0.00162661
2025-02-10,M2 FFF,-5.40434,9.10347e-06
2025-02-11,M2 FFF,-5.28675,9.72923e-06
2025-02-12,M2 FFF,-4.39265,9.06551e-05
2025-02-13,M2 FFF,-4.84899,1.60725e-05
2025-02-14,M2 FFF,-5.37577,9.64277e-06
2025-02-18,M2 FFF,-5.17625,2.86323e-05
2025-02-19,M2 FFF,-5.32827,1.24816e-05
2025-02-20,M2 FFF,-4.83646,2.46239e-05
2025-02-21,M2 FFF,-4.2511,2.78528e-05
2025-02-24,M2 FFF,-4.14327,0.000131186
2025-02-25,M2 FFF,-3.22411,0.00028201
2025-02-26,M2 FFF,-3.99843,0.000107717
2025-02-27,M2 FFF,-2.09071,0.000603909
2025-02-28,M2 FFF,-2.37306,0.000903329
2025-03-03,M2 FFF,-2.57539,0.000822585
2025-03-04,M2 FFF,-2.45396,0.00129403
2025-03-05,M2 FFF,-2.45357,0.00131515
2025-03-06,M2 FFF,-1.90755,0.00146495
2025-03-07,M2 FFF,-1.35257,0.00245869
2025-03-10,M2 FFF,-2.17824,0.00122312
2025-03-11,M2 FFF,-2.24742,0.00346091
2025-03-12,M2 FFF,-3.18708,0.000499369
2025-03-13,M2 FFF,-2.93781,0.000398764
2025-03-14,M2 FFF,-3.86717,8.17145e-05
2025-03-17,M2 FFF,-3.93758,0.000107221
2025-03-18,M2 FFF,-3.79235,0.000102466
2025-03-19,M2 FFF,-3.60082,0.000232995
2025-03-20,M2 FFF,-3.56314,0.000186722
2025-03-21,M2 FFF,-3.88506,9.06101e-05
2025-03-24,M2 FFF,-4.7368,3.89109e-05
2025-03-25,M2 FFF,-4.58288,5.92517e-05
2025-03-26,M2 FFF,-4.32691,3.69411e-05
2025-03-27,M2 FFF,-3.77448,0.000115237
2025-03-28,M2 FFF,-3.90986,0.000105809
2025-03-31,M2 FFF,-3.03014,0.000716129
2025-04-01,M2 FFF,-3.48743,0.000225449
2025-04-02,M2 FFF,-1.72845,0.00606938
2025-04-03,M2 FFF,-3.113,0.000546668
2025-04-04,M2 FFF,-1.11914,0.0268647
2025-04-07,M2 FFF,1.61699,3.72384
2025-04-08,M2 FFF,-1.21038,0.0456606
2025-04-09,M2 FFF,2.03205,0.508596
2025-04-10,M2 FFF,-0.875697,0.0456095
2025-04-11,M2 FFF,-1.67258,0.0164328
2025-04-14,M2 FFF,-2.04287,0.0108867
2025-04-15,M2 FFF,-2.36393,0.00669983
2025-04-16,M2 FFF,-2.39012,0.00478854
2025-04-17,M2 FFF,-2.57729,0.00262204
2025-04-21,M2 FFF,-2.97863,0.00143746
2025-04-22,M2 FFF,-2.77182,0.00195057
2025-04-23,M2 FFF,-2.6678,0.00123066
2025-04-24,M2 FFF,-3.14069,0.00107787
2025-04-25,M2 FFF,-3.09922,0.00102999
2025-04-28,M2 FFF,-3.30434,0.000537085
2025-04-29,M2 FFF,-3.43072,0.000370587
2025-04-30,M2 FFF,-3.21035,0.000717081
2025-05-01,M2 FFF,-3.47183,0.000593279
2025-05-02,M2 FFF,-4.02743,0.000140307
2025-05-05,M2 FFF,-4.15888,0.000138375
2025-05-06,M2 FFF,-3.40379,0.000820409
2025-05-07,M2 FFF,-2.51619,0.00264248
2025-05-08,M2 FFF,-3.70718,0.000282337
2025-05-09,M2 FFF,-4.32877,7.72065e-05
2025-05-12,M2 FFF,-4.26839,7.39423e-05
2025-05-13,M2 FFF,-3.84044,0.000308557
2025-05-14,M2 FFF,-3.91758,0.000232805
2025-05-15,M2 FFF,-4.13403,9.67751e-05
2025-05-16,M2 FFF,-4.46673,7.79639e-05
2025-05-19,M2 FFF,-4.50728,3.87464e-05
2025-05-20,M2 FFF,-4.48769,4.81697e-05
2025-05-21,M2 FFF,-2.18322,0.000664519
2025-05-22,M2 FFF,-4.13191,7.41075e-05
2025-05-23,M2 FFF,-4.12506,6.98589e-05
2025-05-27,M2 FFF,-4.72999,4.31442e-05
2025-05-28,M2 FFF,-4.15592,0.0001389
2025-05-29,M2 FFF,-3.80555,0.0002982
2025-05-30,M2 FFF,-3.68289,0.000183977
2025-06-02,M2 FFF,-4.44942,5.06799e-05
2025-06-03,M2 FFF,-4.97084,2.02434e-05
2025-06-04,M2 FFF,-5.05557,1.81226e-05
2025-06-05,M2 FFF,-3.00768,0.000367894
2025-06-06,M2 FFF,-4.66246,9.91654e-05
2025-06-09,M2 FFF,-5.22085,1.35157e-05
2025-06-10,M2 FFF,-5.07523,2.05071e-05
2025-06-11,M2 FFF,-4.05183,9.37037e-05
2025-06-12,M2 FFF,-4.9623,1.91552e-05
2025-06-13,M2 FFF,-3.67818,6.04028e-05
2025-06-16,M2 FFF,-5.10445,1.22053e-05
2025-06-17,M2 FFF,-4.67051,1.51072e-05
2025-06-18,M2 FFF,-4.09336,0.000129201
2025-06-20,M2 FFF,-4.02988,0.000119882
2025-06-23,M2 FFF,-3.63635,0.000136089
2025-06-24,M2 FFF,-5.29998,9.70261e-06
2025-06-25,M2 FFF,-5.10329,1.86448e-05
2025-06-26,M2 FFF,-5.27994,1.26166e-05
2025-06-27,M2 FFF,-4.8967,2.66512e-05
2025-06-30,M2 FFF,-5.13462,2.50843e-05
2025-07-01,M2 FFF,-4.80021,1.92863e-05
2025-07-02,M2 FFF,-5.63378,5.79391e-06
2025-07-07,M2 FFF,-4.62537,3.64494e-05
2025-07-08,M2 FFF,-5.01136,1.86797e-05
2025-07-09,M2 FFF,-5.45989,7.16592e-06
2025-07-10,M2 FFF,-5.76556,4.14195e-06
2025-07-11,M2 FFF,-5.39674,7.2687e-06
2025-07-14,M2 FFF,-5.52396,3.36474e-05
2025-07-15,M2 FFF,-5.01815,1.70904e-05
2025-07-16,M2 FFF,-2.15053,0.000919576
2025-07-17,M2 FFF,-5.67708,5.94237e-06
2025-07-18,M2 FFF,-5.6351,3.96123e-06
2025-07-21,M2 FFF,-5.84542,4.37462e-06
2025-07-22,M2 FFF,-5.25051,4.75957e-05
2025-07-23,M2 FFF,-5.24435,1.15456e-05
2025-07-24,M2 FFF,-5.53975,5.31443e-06
2025-07-25,M2 FFF,-5.88862,4.77252e-06
2025-07-28,M2 FFF,-5.80567,4.96353e-06
2025-07-29,M2 FFF,-5.4261,6.58007e-06
2025-07-30,M2 FFF,-3.27473,0.000202741
2025-07-31,M2 FFF,-3.27299,9.51076e-05
2025-08-01,M2 FFF,-3.79225,0.000100734
2025-08-04,M2 FFF,-4.74477,3.93132e-05
2025-08-05,M2 FFF,-4.48825,6.28323e-05
2025-08-06,M2 FFF,-4.60466,6.54843e-05
2025-08-07,M2 FFF,-4.19382,6.87705e-05
2025-08-08,M2 FFF,-4.95319,1.7474e-05
2025-08-11,M2 FFF,-4.8869,3.4359e-05
2025-08-12,M2 FFF,-5.14381,2.55576e-05
2025-08-13,M2 FFF,-4.93498,2.33085e-05
2025-08-14,M2 FFF,-4.956,1.59659e-05
2025-08-15,M2 FFF,-5.01581,2.75925e-05
2025-08-18,M2 FFF,-5.40676,1.00527e-05
2025-08-19,M2 FFF,-4.99948,2.8013e-05
2025-08-20,M2 FFF,-4.04444,0.000146782
2025-08-21,M2 FFF,-4.14909,9.3823e-05
2025-08-22,M2 FFF,-3.71035,0.00321103
2025-08-25,M2 FFF,-5.17477,2.72576e-05
2025-08-26,M2 FFF,-5.1558,1.82265e-05
2025-08-27,M2 FFF,-5.3543,1.33374e-05
2025-08-28,M2 FFF,-5.35224,8.84508e-06
2025-08-29,M2 FFF,-5.0531,2.16577e-05
2025-09-02,M2 FFF,-4.17031,9.63196e-05
2025-09-03,M2 FFF,-5.02759,2.15839e-05
2025-09-04,M2 FFF,-5.39126,9.67316e-06
2025-09-05,M2 FFF,-4.10039,0.00010696
2025-09-08,M2 FFF,-5.3056,7.50193e-06
2025-09-09,M2 FFF,-5.39378,1.68878e-05
2025-09-10,M2 FFF,-5.25748,1.02623e-05
2025-09-11,M2 FFF,-5.65966,4.30727e-06
2025-09-12,M2 FFF,-5.61124,8.39337e-06
2025-09-15,M2 FFF,-5.71944,3.71335e-06
2025-09-16,M2 FFF,-5.84554,4.13402e-06
2025-09-17,M2 FFF,0.0811063,0.00116516
2025-09-18,M2 FFF,-5.10096,1.53072e-05
2025-09-19,M2 FFF,-5.77138,4.64566e-06
2025-09-22,M2 FFF,-5.92949,2.88669e-06
2025-09-23,M2 FFF,-5.21332,9.3652e-06
2025-09-24,M2 FFF,-5.20183,9.27602e-06
2025-09-25,M2 FFF,-3.72598,7.26841e-05
2025-09-26,M2 FFF,-4.64809,4.97868e-05
2025-09-29,M2 FFF,-5.44663,7.26721e-06
2025-09-30,M2 FFF,-4.94381,1.64625e-05
2025-10-01,M2 FFF,-5.45256,9.63399e-05
2025-10-02,M2 FFF,-5.53622,6.40293e-06
2025-10-03,M2 FFF,-4.52601,5.00575e-05
2025-10-06,M2 FFF,-5.92047,3.42795e-06
2025-10-07,M2 FFF,-4.77276,3.22627e-05
2025-10-08,M2 FFF,-5.88326,6.99785e-06
2025-10-09,M2 FFF,-5.27158,1.52913e-05
2025-10-10,M2 FFF,5.44778,0.00328518
2025-10-13,M2 FFF,-4.16001,0.00011844
2025-10-14,M2 FFF,-3.79891,0.000233651
2025-10-15,M2 FFF,-3.86183,0.00017085
2025-10-16,M2 FFF,-2.80191,0.000529357
2025-10-17,M2 FFF,-3.62636,0.000310471
2025-10-20,M2 FFF,-4.81079,3.73714e-05
2025-10-21,M2 FFF,-4.69935,4.60443e-05
2025-10-22,M2 FFF,-3.71109,0.000144017
2025-10-23,M2 FFF,-4.80069,2.80139e-05
2025-10-24,M2 FFF,-5.23782,1.54917e-05
2025-10-27,M2 FFF,-5.29804,1.63383e-05
2025-10-28,M2 FFF,-5.00146,2.82353e-05
2025-10-29,M2 FFF,-2.40209,0.00363774
2025-10-30,M2 FFF,-4.20411,0.000178276
2025-10-31,M2 FFF,-4.37444,3.09008e-05
2025-11-03,M2 FFF,-4.91812,2.54872e-05
2025-11-04,M2 FFF,-4.09509,8.35697e-05
2025-11-05,M2 FFF,-4.81926,5.504e-05
2025-11-06,M2 FFF,-3.6075,0.00013443
2025-11-07,M2 FFF,-3.76615,0.000113139
2025-11-10,M2 FFF,-4.77134,2.29515e-05
2025-11-11,M2 FFF,-4.76011,4.10419e-05
2025-11-12,M2 FFF,-4.77321,2.25248e-05
2025-11-13,M2 FFF,-3.64767,0.000134314
2025-11-14,M2 FFF,-3.51619,0.000317907
2025-11-17,M2 FFF,-3.71285,0.000169322
2025-11-18,M2 FFF,-2.77272,0.000526386
2025-11-19,M2 FFF,-3.18865,0.000285879
2025-11-20,M2 FFF,-0.538196,0.00106288
2025-11-21,M2 FFF,-2.51231,0.000869262
2025-11-24,M2 FFF,-4.40629,5.35581e-05
2025-11-25,M2 FFF,-3.85304,0.000711234
2025-11-26,M2 FFF,-4.36892,5.56332e-05
2025-12-01,M2 FFF,-4.51766,6.20695e-05
2025-12-02,M2 FFF,-4.22789,9.40049e-05
2025-12-03,M2 FFF,-4.84808,3.67106e-05
2025-12-04,M2 FFF,-4.84743,2.12267e-05
2025-12-05,M2 FFF,-5.06383,1.36047e-05
2025-12-08,M2 FFF,-5.00654,1.93188e-05
2025-12-09,M2 FFF,-5.50497,5.62151e-06
2025-12-10,M2 FFF,-3.51519,0.000192474
2025-12-11,M2 FFF,-4.21558,0.000129365
2025-12-12,M2 FFF,-2.97516,0.000196433
2025-12-15,M2 FFF,-4.16271,9.23072e-05
2025-12-16,M2 FFF,-3.95708,5.54608e-05
2025-12-17,M2 FFF,-4.02028,7.74796e-05
2025-12-18,M2 FFF,-3.37128,0.000215826
2025-12-19,M2 FFF,-5.18209,2.32997e-05
2025-12-22,M2 FFF,-5.27598,1.63689e-05
2025-12-23,M2 FFF,-5.4214,1.61267e-05
2025-12-26,M2 FFF,-5.45671,9.97023e-06
2025-12-29,M2 FFF,-5.52955,7.53226e-06
2025-12-30,M2 FFF,-5.61789,8.39355e-06
2025-12-31,M2 FFF,-5.28827,9.69776e-06
2025-01-02,M3 FFF+intraday GARCH,-2.95459,0.000677053
2025-01-03,M3 FFF+intraday GARCH,-4.75456,7.97709e-05
2025-01-06,M3 FFF+intraday GARCH,-4.90787,2.3506e-05
2025-01-07,M3 FFF+intraday GARCH,-3.70982,0.000644412
2025-01-08,M3 FFF+intraday GARCH,-3.46321,0.000324868
2025-01-10,M3 FFF+intraday GARCH,-3.45731,0.000865855
2025-01-13,M3 FFF+intraday GARCH,-3.82792,0.000141536
2025-01-14,M3 FFF+intraday GARCH,-3.68148,0.000164895
2025-01-15,M3 FFF+intraday GARCH,-4.71883,4.17392e-05
2025-01-16,M3 FFF+intraday GARCH,-4.39955,3.65959e-05
2025-01-17,M3 FFF+intraday GARCH,-5.20632,1.50759e-05
2025-01-21,M3 FFF+intraday GARCH,-5.14402,4.49402e-05
2025-01-22,M3 FFF+intraday GARCH,-5.9437,1.96734e-06
2025-01-23,M3 FFF+intraday GARCH,-5.89371,9.07862e-06
2025-01-24,M3 FFF+intraday GARCH,-5.41396,6.07482e-06
2025-01-27,M3 FFF+intraday GARCH,-3.76008,0.000116848
2025-01-28,M3 FFF+intraday GARCH,-4.77606,6.25408e-05
2025-01-29,M3 FFF+intraday GARCH,-3.49834,0.000364559
2025-01-30,M3 FFF+intraday GARCH,-3.4635,0.000590442
2025-01-31,M3 FFF+intraday GARCH,-3.91108,0.000317588
2025-02-03,M3 FFF+intraday GARCH,-3.10114,0.00601438
2025-02-04,M3 FFF+intraday GARCH,-4.61094,3.65404e-05
2025-02-05,M3 FFF+intraday GARCH,-5.18198,3.18331e-05
2025-02-06,M3 FFF+intraday GARCH,-4.76435,6.48349e-05
2025-02-07,M3 FFF+intraday GARCH,-3.38914,0.00148665
2025-02-10,M3 FFF+intraday GARCH,-5.78111,4.06184e-06
2025-02-11,M3 FFF+intraday GARCH,-5.42075,5.69562e-06
2025-02-12,M3 FFF+intraday GARCH,-4.45636,8.79384e-05
2025-02-13,M3 FFF+intraday GARCH,-4.83125,1.70751e-05
2025-02-14,M3 FFF+intraday GARCH,-5.63101,5.13385e-06
2025-02-18,M3 FFF+intraday GARCH,-5.15151,2.94854e-05
2025-02-19,M3 FFF+intraday GARCH,-5.28256,1.30061e-05
2025-02-20,M3 FFF+intraday GARCH,-4.86259,2.32331e-05
2025-02-21,M3 FFF+intraday GARCH,-4.50581,2.62454e-05
2025-02-24,M3 FFF+intraday GARCH,-4.06743,0.000145526
2025-02-25,M3 FFF+intraday GARCH,-3.45187,0.000270387
2025-02-26,M3 FFF+intraday GARCH,-3.97807,0.000116558
2025-02-27,M3 FFF+intraday GARCH,-3.17959,0.000519904
2025-02-28,M3 FFF+intraday GARCH,-2.9445,0.00080626
2025-03-03,M3 FFF+intraday GARCH,-2.94657,0.000748911
2025-03-04,M3 FFF+intraday GARCH,-2.8042,0.00122326
2025-03-05,M3 FFF+intraday GARCH,-2.80931,0.00128326
2025-03-06,M3 FFF+intraday GARCH,-2.69753,0.00138496
2025-03-07,M3 FFF+intraday GARCH,-2.43948,0.00220352
2025-03-10,M3 FFF+intraday GARCH,-2.8511,0.00117365
2025-03-11,M3 FFF+intraday GARCH,-2.43399,0.0031241
2025-03-12,M3 FFF+intraday GARCH,-3.21867,0.00054799
2025-03-13,M3 FFF+intraday GARCH,-3.02139,0.000396553
2025-03-14,M3 FFF+intraday GARCH,-3.87991,8.74225e-05
2025-03-17,M3 FFF+intraday GARCH,-4.08887,0.000104223
2025-03-18,M3 FFF+intraday GARCH,-3.78899,0.00010639
2025-03-19,M3 FFF+intraday GARCH,-3.68432,0.000228877
2025-03-20,M3 FFF+intraday GARCH,-3.54659,0.000222493
2025-03-21,M3 FFF+intraday GARCH,-3.89383,0.000100005
2025-03-24,M3 FFF+intraday GARCH,-4.83729,3.60015e-05
2025-03-25,M3 FFF+intraday GARCH,-5.2569,5.56862e-06
2025-03-26,M3 FFF+intraday GARCH,-4.3309,3.51867e-05
2025-03-27,M3 FFF+intraday GARCH,-3.7055,0.000127178
2025-03-28,M3 FFF+intraday GARCH,-3.88986,0.000103542
2025-03-31,M3 FFF+intraday GARCH,-2.95388,0.000771868
2025-04-01,M3 FFF+intraday GARCH,-3.4717,0.000239865
2025-04-02,M3 FFF+intraday GARCH,-2.30526,0.00603751
2025-04-03,M3 FFF+intraday GARCH,-3.03641,0.00261553
2025-04-04,M3 FFF+intraday GARCH,-1.15717,0.0263686
2025-04-07,M3 FFF+intraday GARCH,0.505327,3.56507
2025-04-08,M3 FFF+intraday GARCH,-1.26346,0.0463477
2025-04-09,M3 FFF+intraday GARCH,-0.197095,0.506018
2025-04-10,M3 FFF+intraday GARCH,-0.845711,0.045317
2025-04-11,M3 FFF+intraday GARCH,-2.06779,0.00840052
2025-04-14,M3 FFF+intraday GARCH,-2.87177,0.00120933
2025-04-15,M3 FFF+intraday GARCH,-3.30911,0.000729454
2025-04-16,M3 FFF+intraday GARCH,-2.43156,0.00251005
2025-04-17,M3 FFF+intraday GARCH,-2.89126,0.000826259
2025-04-21,M3 FFF+intraday GARCH,-3.6321,0.000203451
2025-04-22,M3 FFF+intraday GARCH,-3.04115,0.000822934
2025-04-23,M3 FFF+intraday GARCH,-2.8119,0.000708716
2025-04-24,M3 FFF+intraday GARCH,-3.7981,0.000123713
2025-04-25,M3 FFF+intraday GARCH,-3.5161,0.000361299
2025-04-28,M3 FFF+intraday GARCH,-3.72229,0.000236951
2025-04-29,M3 FFF+intraday GARCH,-3.69039,0.000165991
2025-04-30,M3 FFF+intraday GARCH,-3.06823,0.000812261
2025-05-01,M3 FFF+intraday GARCH,-3.41489,0.000669155
2025-05-02,M3 FFF+intraday GARCH,-3.98564,0.000179338
2025-05-05,M3 FFF+intraday GARCH,-4.77303,4.00248e-05
2025-05-06,M3 FFF+intraday GARCH,-3.21792,0.00084169
2025-05-07,M3 FFF+intraday GARCH,-2.91848,0.00255355
2025-05-08,M3 FFF+intraday GARCH,-3.63251,0.000540823
2025-05-09,M3 FFF+intraday GARCH,-4.33537,8.59592e-05
2025-05-12,M3 FFF+intraday GARCH,-4.25355,7.57747e-05
2025-05-13,M3 FFF+intraday GARCH,-4.76251,2.68974e-05
2025-05-14,M3 FFF+intraday GARCH,-4.29964,7.39999e-05
2025-05-15,M3 FFF+intraday GARCH,-4.5227,2.61313e-05
2025-05-16,M3 FFF+intraday GARCH,-5.17484,1.47524e-05
2025-05-19,M3 FFF+intraday GARCH,-4.82941,1.47437e-05
2025-05-20,M3 FFF+intraday GARCH,-4.58612,4.16825e-05
2025-05-21,M3 FFF+intraday GARCH,-3.34691,0.000624606
2025-05-22,M3 FFF+intraday GARCH,-4.18053,8.96675e-05
2025-05-23,M3 FFF+intraday GARCH,-4.09631,7.13143e-05
2025-05-27,M3 FFF+intraday GARCH,-5.08808,2.12096e-05
2025-05-28,M3 FFF+intraday GARCH,-4.55211,6.8655e-05
2025-05-29,M3 FFF+intraday GARCH,-3.77536,0.000308865
2025-05-30,M3 FFF+intraday GARCH,-3.75163,0.000174818
2025-06-02,M3 FFF+intraday GARCH,-4.53364,4.76854e-05
2025-06-03,M3 FFF+intraday GARCH,-5.40897,6.36236e-06
2025-06-04,M3 FFF+intraday GARCH,-5.41459,9.82582e-06
2025-06-05,M3 FFF+intraday GARCH,-3.41476,0.000341643
2025-06-06,M3 FFF+intraday GARCH,-4.55565,0.000143909
2025-06-09,M3 FFF+intraday GARCH,-5.63271,3.60369e-06
2025-06-10,M3 FFF+intraday GARCH,-5.06417,1.84563e-05
2025-06-11,M3 FFF+intraday GARCH,-4.1989,8.82482e-05
2025-06-12,M3 FFF+intraday GARCH,-4.92164,2.5413e-05
2025-06-13,M3 FFF+intraday GARCH,-4.13978,5.26465e-05
2025-06-16,M3 FFF+intraday GARCH,-5.15685,1.5364e-05
2025-06-17,M3 FFF+intraday GARCH,-4.67349,1.45226e-05
2025-06-18,M3 FFF+intraday GARCH,-4.40109,0.000120792
2025-06-20,M3 FFF+intraday GARCH,-4.11113,0.000123926
2025-06-23,M3 FFF+intraday GARCH,-4.07176,0.000134175
2025-06-24,M3 FFF+intraday GARCH,-5.64517,4.6399e-06
2025-06-25,M3 FFF+intraday GARCH,-5.60959,3.83146e-06
2025-06-26,M3 FFF+intraday GARCH,-5.69059,4.21027e-06
2025-06-27,M3 FFF+intraday GARCH,-5.05513,2.36057e-05
2025-06-30,M3 FFF+intraday GARCH,-5.23287,2.44841e-05
2025-07-01,M3 FFF+intraday GARCH,-4.77847,2.07105e-05
2025-07-02,M3 FFF+intraday GARCH,-5.95436,3.16962e-06
2025-07-07,M3 FFF+intraday GARCH,-4.7397,3.55519e-05
2025-07-08,M3 FFF+intraday GARCH,-4.9979,2.02193e-05
2025-07-09,M3 FFF+intraday GARCH,-5.46685,6.99275e-06
2025-07-10,M3 FFF+intraday GARCH,-5.99113,2.53568e-06
2025-07-11,M3 FFF+intraday GARCH,-5.34935,7.89121e-06
2025-07-14,M3 FFF+intraday GARCH,-5.62134,3.38071e-05
2025-07-15,M3 FFF+intraday GARCH,-4.99386,1.68622e-05
2025-07-16,M3 FFF+intraday GARCH,-3.69138,0.000859326
2025-07-17,M3 FFF+intraday GARCH,-5.77044,5.69222e-06
2025-07-18,M3 FFF+intraday GARCH,-5.77066,2.34499e-06
2025-07-21,M3 FFF+intraday GARCH,-6.05573,3.34011e-06
2025-07-22,M3 FFF+intraday GARCH,-5.17776,4.90582e-05
2025-07-23,M3 FFF+intraday GARCH,-5.18016,1.21206e-05
2025-07-24,M3 FFF+intraday GARCH,-5.71185,4.53532e-06
2025-07-25,M3 FFF+intraday GARCH,-6.37885,1.31632e-06
2025-07-28,M3 FFF+intraday GARCH,-6.01076,2.7788e-06
2025-07-29,M3 FFF+intraday GARCH,-5.40012,6.69956e-06
2025-07-30,M3 FFF+intraday GARCH,-4.74328,0.000158063
2025-07-31,M3 FFF+intraday GARCH,-4.06339,0.000138792
2025-08-01,M3 FFF+intraday GARCH,-3.98796,9.84534e-05
2025-08-04,M3 FFF+intraday GARCH,-5.27525,1.38367e-05
2025-08-05,M3 FFF+intraday GARCH,-4.96123,2.71416e-05
2025-08-06,M3 FFF+intraday GARCH,-5.06105,5.6542e-05
2025-08-07,M3 FFF+intraday GARCH,-4.13555,7.1857e-05
2025-08-08,M3 FFF+intraday GARCH,-5.23163,9.19126e-06
2025-08-11,M3 FFF+intraday GARCH,-4.96375,2.79553e-05
2025-08-12,M3 FFF+intraday GARCH,-5.65688,1.86818e-05
2025-08-13,M3 FFF+intraday GARCH,-5.25464,8.33879e-06
2025-08-14,M3 FFF+intraday GARCH,-5.09647,9.45193e-06
2025-08-15,M3 FFF+intraday GARCH,-5.09496,2.68616e-05
2025-08-18,M3 FFF+intraday GARCH,-5.61671,7.50946e-06
2025-08-19,M3 FFF+intraday GARCH,-4.90659,3.05268e-05
2025-08-20,M3 FFF+intraday GARCH,-4.14642,0.000148161
2025-08-21,M3 FFF+intraday GARCH,-4.40862,9.01189e-05
2025-08-22,M3 FFF+intraday GARCH,-3.90749,0.00323569
2025-08-25,M3 FFF+intraday GARCH,-6.09994,8.66435e-06
2025-08-26,M3 FFF+intraday GARCH,-5.58123,1.08586e-05
2025-08-27,M3 FFF+intraday GARCH,-5.78464,5.13548e-06
2025-08-28,M3 FFF+intraday GARCH,-5.62025,6.15659e-06
2025-08-29,M3 FFF+intraday GARCH,-4.97282,2.44227e-05
2025-09-02,M3 FFF+intraday GARCH,-4.05015,9.94264e-05
2025-09-03,M3 FFF+intraday GARCH,-4.94658,5.15048e-05
2025-09-04,M3 FFF+intraday GARCH,-5.50411,8.4802e-06
2025-09-05,M3 FFF+intraday GARCH,-4.27276,0.000100812
2025-09-08,M3 FFF+intraday GARCH,-5.41597,5.4002e-06
2025-09-09,M3 FFF+intraday GARCH,-5.49108,1.53723e-05
2025-09-10,M3 FFF+intraday GARCH,-5.2463,1.10456e-05
2025-09-11,M3 FFF+intraday GARCH,-5.74187,4.47307e-06
2025-09-12,M3 FFF+intraday GARCH,-6.01061,5.49608e-06
2025-09-15,M3 FFF+intraday GARCH,-5.95002,2.27842e-06
2025-09-16,M3 FFF+intraday GARCH,-6.23375,2.04957e-06
2025-09-17,M3 FFF+intraday GARCH,-4.05119,0.00102462
2025-09-18,M3 FFF+intraday GARCH,-4.96114,7.84789e-05
2025-09-19,M3 FFF+intraday GARCH,-5.82802,5.34029e-06
2025-09-22,M3 FFF+intraday GARCH,-6.11686,1.92197e-06
2025-09-23,M3 FFF+intraday GARCH,-5.33576,9.74559e-06
2025-09-24,M3 FFF+intraday GARCH,-5.19072,9.65366e-06
2025-09-25,M3 FFF+intraday GARCH,-4.21924,6.4717e-05
2025-09-26,M3 FFF+intraday GARCH,-4.81547,4.6479e-05
2025-09-29,M3 FFF+intraday GARCH,-5.53018,6.57312e-06
2025-09-30,M3 FFF+intraday GARCH,-4.903,1.70578e-05
2025-10-01,M3 FFF+intraday GARCH,-5.5378,9.58095e-05
2025-10-02,M3 FFF+intraday GARCH,-5.62123,6.02897e-06
2025-10-03,M3 FFF+intraday GARCH,-4.6752,4.89534e-05
2025-10-06,M3 FFF+intraday GARCH,-5.96105,3.88244e-06
2025-10-07,M3 FFF+intraday GARCH,-4.90924,3.22054e-05
2025-10-08,M3 FFF+intraday GARCH,-5.98801,6.71676e-06
2025-10-09,M3 FFF+intraday GARCH,-5.20846,1.66874e-05
2025-10-10,M3 FFF+intraday GARCH,-1.66696,0.00275206
2025-10-13,M3 FFF+intraday GARCH,-4.65801,6.86847e-05
2025-10-14,M3 FFF+intraday GARCH,-3.76282,0.000248352
2025-10-15,M3 FFF+intraday GARCH,-3.85103,0.0001942
2025-10-16,M3 FFF+intraday GARCH,-3.21386,0.000499453
2025-10-17,M3 FFF+intraday GARCH,-3.75664,0.000281195
2025-10-20,M3 FFF+intraday GARCH,-5.48739,5.56449e-06
2025-10-21,M3 FFF+intraday GARCH,-5.00066,2.4506e-05
2025-10-22,M3 FFF+intraday GARCH,-3.86828,0.000141051
2025-10-23,M3 FFF+intraday GARCH,-5.00049,2.37205e-05
2025-10-24,M3 FFF+intraday GARCH,-5.77841,4.36964e-06
2025-10-27,M3 FFF+intraday GARCH,-6.05286,2.32857e-06
2025-10-28,M3 FFF+intraday GARCH,-5.68874,3.07625e-06
2025-10-29,M3 FFF+intraday GARCH,-1.90233,0.00374955
2025-10-30,M3 FFF+intraday GARCH,-4.05108,0.000309139
2025-10-31,M3 FFF+intraday GARCH,-4.3421,4.16734e-05
2025-11-03,M3 FFF+intraday GARCH,-4.968,2.60981e-05
2025-11-04,M3 FFF+intraday GARCH,-4.18805,8.74738e-05
2025-11-05,M3 FFF+intraday GARCH,-4.98369,5.61473e-05
2025-11-06,M3 FFF+intraday GARCH,-3.86312,0.000122241
2025-11-07,M3 FFF+intraday GARCH,-3.84913,0.000104997
2025-11-10,M3 FFF+intraday GARCH,-4.7323,3.10632e-05
2025-11-11,M3 FFF+intraday GARCH,-5.17514,1.87751e-05
2025-11-12,M3 FFF+intraday GARCH,-4.90542,1.51325e-05
2025-11-13,M3 FFF+intraday GARCH,-3.7439,0.000133751
2025-11-14,M3 FFF+intraday GARCH,-3.57408,0.000321908
2025-11-17,M3 FFF+intraday GARCH,-3.73399,0.000169924
2025-11-18,M3 FFF+intraday GARCH,-3.13976,0.000504907
2025-11-19,M3 FFF+intraday GARCH,-3.39282,0.000296942
2025-11-20,M3 FFF+intraday GARCH,-2.72099,0.000840353
2025-11-21,M3 FFF+intraday GARCH,-2.91,0.000827921
2025-11-24,M3 FFF+intraday GARCH,-4.66332,4.96161e-05
2025-11-25,M3 FFF+intraday GARCH,-4.05944,0.000661171
2025-11-26,M3 FFF+intraday GARCH,-4.6523,2.52869e-05
2025-12-01,M3 FFF+intraday GARCH,-4.79265,4.14401e-05
2025-12-02,M3 FFF+intraday GARCH,-4.23505,9.34632e-05
2025-12-03,M3 FFF+intraday GARCH,-5.11514,3.13156e-05
2025-12-04,M3 FFF+intraday GARCH,-4.85144,1.9163e-05
2025-12-05,M3 FFF+intraday GARCH,-5.07134,1.30882e-05
2025-12-08,M3 FFF+intraday GARCH,-4.98352,2.0294e-05
2025-12-09,M3 FFF+intraday GARCH,-5.71825,3.00121e-06
2025-12-10,M3 FFF+intraday GARCH,-4.38581,0.000178635
2025-12-11,M3 FFF+intraday GARCH,-4.58923,0.000109684
2025-12-12,M3 FFF+intraday GARCH,-3.94877,0.000173082
2025-12-15,M3 FFF+intraday GARCH,-4.30424,8.63852e-05
2025-12-16,M3 FFF+intraday GARCH,-4.10715,5.47094e-05
2025-12-17,M3 FFF+intraday GARCH,-4.22348,7.19669e-05
2025-12-18,M3 FFF+intraday GARCH,-3.66057,0.000208599
2025-12-19,M3 FFF+intraday GARCH,-5.36525,2.60487e-05
2025-12-22,M3 FFF+intraday GARCH,-5.97674,4.95089e-06
2025-12-23,M3 FFF+intraday GARCH,-6.39667,4.7316e-06
2025-12-26,M3 FFF+intraday GARCH,-6.03751,2.14075e-06
2025-12-29,M3 FFF+intraday GARCH,-5.91231,3.69894e-06
2025-12-30,M3 FFF+intraday GARCH,-6.04366,4.51119e-06
2025-12-31,M3 FFF+intraday GARCH,-5.29626,9.71863e-06
2025-01-02,M4 raw intraday GARCH,-2.97823,0.000666037
2025-01-03,M4 raw intraday GARCH,-4.64619,0.00010206
2025-01-06,M4 raw intraday GARCH,-4.79751,2.77622e-05
2025-01-07,M4 raw intraday GARCH,-3.63801,0.000671605
2025-01-08,M4 raw intraday GARCH,-3.41322,0.000333578
2025-01-10,M4 raw intraday GARCH,-3.27519,0.000948525
2025-01-13,M4 raw intraday GARCH,-3.77162,0.000149905
2025-01-14,M4 raw intraday GARCH,-3.63798,0.000175042
2025-01-15,M4 raw intraday GARCH,-4.70833,4.11573e-05
2025-01-16,M4 raw intraday GARCH,-4.36234,3.92143e-05
2025-01-17,M4 raw intraday GARCH,-5.1348,1.39452e-05
2025-01-21,M4 raw intraday GARCH,-5.05191,4.99594e-05
2025-01-22,M4 raw intraday GARCH,-5.90055,1.95243e-06
2025-01-23,M4 raw intraday GARCH,-5.75267,1.05414e-05
2025-01-24,M4 raw intraday GARCH,-5.36009,6.65658e-06
2025-01-27,M4 raw intraday GARCH,-3.64557,0.000127588
2025-01-28,M4 raw intraday GARCH,-4.68834,7.13858e-05
2025-01-29,M4 raw intraday GARCH,-3.54705,0.000355835
2025-01-30,M4 raw intraday GARCH,-3.22465,0.000580694
2025-01-31,M4 raw intraday GARCH,-4.02933,0.00027273
2025-02-03,M4 raw intraday GARCH,-3.07018,0.00623046
2025-02-04,M4 raw intraday GARCH,-4.61107,3.71048e-05
2025-02-05,M4 raw intraday GARCH,-5.06397,3.57406e-05
2025-02-06,M4 raw intraday GARCH,-4.75872,6.63233e-05
2025-02-07,M4 raw intraday GARCH,-3.16507,0.00152477
2025-02-10,M4 raw intraday GARCH,-5.74394,3.83005e-06
2025-02-11,M4 raw intraday GARCH,-5.42648,5.76606e-06
2025-02-12,M4 raw intraday GARCH,-4.42634,9.09848e-05
2025-02-13,M4 raw intraday GARCH,-4.78612,1.88775e-05
2025-02-14,M4 raw intraday GARCH,-5.63193,4.12215e-06
2025-02-18,M4 raw intraday GARCH,-4.92239,3.35579e-05
2025-02-19,M4 raw intraday GARCH,-5.20375,1.32765e-05
2025-02-20,M4 raw intraday GARCH,-4.80987,2.64504e-05
2025-02-21,M4 raw intraday GARCH,-4.51531,2.6193e-05
2025-02-24,M4 raw intraday GARCH,-3.84577,0.000157805
2025-02-25,M4 raw intraday GARCH,-3.41919,0.000280946
2025-02-26,M4 raw intraday GARCH,-3.99862,0.000116501
2025-02-27,M4 raw intraday GARCH,-3.01485,0.000546441
2025-02-28,M4 raw intraday GARCH,-2.84291,0.00088673
2025-03-03,M4 raw intraday GARCH,-2.90901,0.000796477
2025-03-04,M4 raw intraday GARCH,-2.7615,0.00122323
2025-03-05,M4 raw intraday GARCH,-2.77795,0.00129748
2025-03-06,M4 raw intraday GARCH,-2.66285,0.00137144
2025-03-07,M4 raw intraday GARCH,-2.43947,0.00217634
2025-03-10,M4 raw intraday GARCH,-2.89939,0.00111717
2025-03-11,M4 raw intraday GARCH,-2.29306,0.0034761
2025-03-12,M4 raw intraday GARCH,-3.27874,0.000495606
2025-03-13,M4 raw intraday GARCH,-2.98726,0.000398266
2025-03-14,M4 raw intraday GARCH,-3.82325,9.65651e-05
2025-03-17,M4 raw intraday GARCH,-3.9603,0.000122774
2025-03-18,M4 raw intraday GARCH,-3.76488,0.000111174
2025-03-19,M4 raw intraday GARCH,-3.60689,0.000227335
2025-03-20,M4 raw intraday GARCH,-3.57317,0.000193835
2025-03-21,M4 raw intraday GARCH,-3.83763,9.76109e-05
2025-03-24,M4 raw intraday GARCH,-4.70338,4.15895e-05
2025-03-25,M4 raw intraday GARCH,-5.21594,5.71762e-06
2025-03-26,M4 raw intraday GARCH,-4.26616,3.79837e-05
2025-03-27,M4 raw intraday GARCH,-3.61098,0.000141047
2025-03-28,M4 raw intraday GARCH,-3.89023,0.000115983
2025-03-31,M4 raw intraday GARCH,-2.8571,0.000798857
2025-04-01,M4 raw intraday GARCH,-3.44709,0.000239867
2025-04-02,M4 raw intraday GARCH,-2.49127,0.0060027
2025-04-03,M4 raw intraday GARCH,-3.10834,0.000849431
2025-04-04,M4 raw intraday GARCH,-1.12991,0.0264832
2025-04-07,M4 raw intraday GARCH,0.492994,3.64334
2025-04-08,M4 raw intraday GARCH,-1.26727,0.0470444
2025-04-09,M4 raw intraday GARCH,-0.380947,0.454218
2025-04-10,M4 raw intraday GARCH,-0.903468,0.0401108
2025-04-11,M4 raw intraday GARCH,-2.15574,0.00520148
2025-04-14,M4 raw intraday GARCH,-2.84467,0.00124389
2025-04-15,M4 raw intraday GARCH,-3.2628,0.000756406
2025-04-16,M4 raw intraday GARCH,-2.45675,0.00253135
2025-04-17,M4 raw intraday GARCH,-2.94296,0.000650807
2025-04-21,M4 raw intraday GARCH,-3.62512,0.000160646
2025-04-22,M4 raw intraday GARCH,-2.99731,0.000825433
2025-04-23,M4 raw intraday GARCH,-2.78373,0.000743604
2025-04-24,M4 raw intraday GARCH,-3.80329,0.000103523
2025-04-25,M4 raw intraday GARCH,-3.47649,0.000380222
2025-04-28,M4 raw intraday GARCH,-3.57324,0.000270289
2025-04-29,M4 raw intraday GARCH,-3.73411,0.000159605
2025-04-30,M4 raw intraday GARCH,-2.77923,0.000891712
2025-05-01,M4 raw intraday GARCH,-3.31796,0.000681817
2025-05-02,M4 raw intraday GARCH,-3.9077,0.000163492
2025-05-05,M4 raw intraday GARCH,-4.73643,3.76222e-05
2025-05-06,M4 raw intraday GARCH,-3.2714,0.000861286
2025-05-07,M4 raw intraday GARCH,-2.81176,0.00256214
2025-05-08,M4 raw intraday GARCH,-3.61158,0.000342706
2025-05-09,M4 raw intraday GARCH,-4.32883,8.00511e-05
2025-05-12,M4 raw intraday GARCH,-4.18943,8.08055e-05
2025-05-13,M4 raw intraday GARCH,-4.68788,3.12117e-05
2025-05-14,M4 raw intraday GARCH,-4.29568,7.56296e-05
2025-05-15,M4 raw intraday GARCH,-4.45179,3.13868e-05
2025-05-16,M4 raw intraday GARCH,-5.14249,1.45412e-05
2025-05-19,M4 raw intraday GARCH,-4.74442,1.71136e-05
2025-05-20,M4 raw intraday GARCH,-4.52492,4.41841e-05
2025-05-21,M4 raw intraday GARCH,-3.48597,0.000523399
2025-05-22,M4 raw intraday GARCH,-4.14974,7.38147e-05
2025-05-23,M4 raw intraday GARCH,-4.06363,7.37554e-05
2025-05-27,M4 raw intraday GARCH,-5.16216,1.69814e-05
2025-05-28,M4 raw intraday GARCH,-4.43522,7.31444e-05
2025-05-29,M4 raw intraday GARCH,-3.73636,0.000325308
2025-05-30,M4 raw intraday GARCH,-3.81103,0.000169843
2025-06-02,M4 raw intraday GARCH,-4.42375,5.58796e-05
2025-06-03,M4 raw intraday GARCH,-5.31366,7.29809e-06
2025-06-04,M4 raw intraday GARCH,-5.34715,1.12458e-05
2025-06-05,M4 raw intraday GARCH,-3.3742,0.000345329
2025-06-06,M4 raw intraday GARCH,-4.51391,0.000118125
2025-06-09,M4 raw intraday GARCH,-5.59321,3.64272e-06
2025-06-10,M4 raw intraday GARCH,-5.00791,2.04074e-05
2025-06-11,M4 raw intraday GARCH,-4.17753,9.04222e-05
2025-06-12,M4 raw intraday GARCH,-4.84027,2.31585e-05
2025-06-13,M4 raw intraday GARCH,-4.12854,5.63545e-05
2025-06-16,M4 raw intraday GARCH,-5.16984,1.08219e-05
2025-06-17,M4 raw intraday GARCH,-4.66051,1.45387e-05
2025-06-18,M4 raw intraday GARCH,-4.39611,0.000108343
2025-06-20,M4 raw intraday GARCH,-4.07116,0.000124216
2025-06-23,M4 raw intraday GARCH,-4.09539,0.000133887
2025-06-24,M4 raw intraday GARCH,-5.57118,4.17883e-06
2025-06-25,M4 raw intraday GARCH,-5.54649,4.41039e-06
2025-06-26,M4 raw intraday GARCH,-5.61656,4.52281e-06
2025-06-27,M4 raw intraday GARCH,-4.96153,2.63555e-05
2025-06-30,M4 raw intraday GARCH,-5.16856,2.64861e-05
2025-07-01,M4 raw intraday GARCH,-4.76712,2.05829e-05
2025-07-02,M4 raw intraday GARCH,-5.88295,3.11838e-06
2025-07-07,M4 raw intraday GARCH,-4.73025,3.66092e-05
2025-07-08,M4 raw intraday GARCH,-4.99311,1.983e-05
2025-07-09,M4 raw intraday GARCH,-5.46267,7.30286e-06
2025-07-10,M4 raw intraday GARCH,-5.88498,2.92958e-06
2025-07-11,M4 raw intraday GARCH,-5.28244,9.00876e-06
2025-07-14,M4 raw intraday GARCH,-5.45342,3.6817e-05
2025-07-15,M4 raw intraday GARCH,-4.88384,1.97982e-05
2025-07-16,M4 raw intraday GARCH,-4.00621,0.000867282
2025-07-17,M4 raw intraday GARCH,-5.65351,6.53178e-06
2025-07-18,M4 raw intraday GARCH,-5.72796,2.49957e-06
2025-07-21,M4 raw intraday GARCH,-5.91914,3.72025e-06
2025-07-22,M4 raw intraday GARCH,-5.06476,5.3076e-05
2025-07-23,M4 raw intraday GARCH,-5.24302,1.24275e-05
2025-07-24,M4 raw intraday GARCH,-5.64643,4.51953e-06
2025-07-25,M4 raw intraday GARCH,-6.29497,1.15182e-06
2025-07-28,M4 raw intraday GARCH,-5.96467,2.94516e-06
2025-07-29,M4 raw intraday GARCH,-5.38581,6.79108e-06
2025-07-30,M4 raw intraday GARCH,-4.78708,0.000155379
2025-07-31,M4 raw intraday GARCH,-4.06183,9.86557e-05
2025-08-01,M4 raw intraday GARCH,-3.9569,0.000103513
2025-08-04,M4 raw intraday GARCH,-5.33102,9.48677e-06
2025-08-05,M4 raw intraday GARCH,-4.89369,2.99798e-05
2025-08-06,M4 raw intraday GARCH,-4.92488,6.09734e-05
2025-08-07,M4 raw intraday GARCH,-4.08913,7.54002e-05
2025-08-08,M4 raw intraday GARCH,-5.21952,7.94378e-06
2025-08-11,M4 raw intraday GARCH,-4.88649,3.04188e-05
2025-08-12,M4 raw intraday GARCH,-5.5568,2.28178e-05
2025-08-13,M4 raw intraday GARCH,-5.27958,8.0898e-06
2025-08-14,M4 raw intraday GARCH,-5.11863,9.53559e-06
2025-08-15,M4 raw intraday GARCH,-5.03849,2.76745e-05
2025-08-18,M4 raw intraday GARCH,-5.55234,7.97852e-06
2025-08-19,M4 raw intraday GARCH,-4.72862,3.44046e-05
2025-08-20,M4 raw intraday GARCH,-4.06605,0.000157251
2025-08-21,M4 raw intraday GARCH,-4.44204,9.32925e-05
2025-08-22,M4 raw intraday GARCH,-3.71656,0.00338247
2025-08-25,M4 raw intraday GARCH,-5.87386,9.36677e-06
2025-08-26,M4 raw intraday GARCH,-5.47118,1.22064e-05
2025-08-27,M4 raw intraday GARCH,-5.73359,5.10149e-06
2025-08-28,M4 raw intraday GARCH,-5.54097,7.15364e-06
2025-08-29,M4 raw intraday GARCH,-4.83155,2.807e-05
2025-09-02,M4 raw intraday GARCH,-4.35689,9.93688e-05
2025-09-03,M4 raw intraday GARCH,-4.94644,2.55825e-05
2025-09-04,M4 raw intraday GARCH,-5.41504,9.18214e-06
2025-09-05,M4 raw intraday GARCH,-4.27049,0.000102949
2025-09-08,M4 raw intraday GARCH,-5.38176,5.68437e-06
2025-09-09,M4 raw intraday GARCH,-5.52298,1.58748e-05
2025-09-10,M4 raw intraday GARCH,-5.19389,1.09101e-05
2025-09-11,M4 raw intraday GARCH,-5.65024,5.05332e-06
2025-09-12,M4 raw intraday GARCH,-5.83114,7.13325e-06
2025-09-15,M4 raw intraday GARCH,-5.81408,2.88803e-06
2025-09-16,M4 raw intraday GARCH,-6.07035,2.69497e-06
2025-09-17,M4 raw intraday GARCH,-4.09561,0.000926252
2025-09-18,M4 raw intraday GARCH,-4.99758,2.05599e-05
2025-09-19,M4 raw intraday GARCH,-5.7314,5.58215e-06
2025-09-22,M4 raw intraday GARCH,-6.07081,1.93878e-06
2025-09-23,M4 raw intraday GARCH,-5.39248,8.2288e-06
2025-09-24,M4 raw intraday GARCH,-5.19823,9.82723e-06
2025-09-25,M4 raw intraday GARCH,-4.12627,6.96655e-05
2025-09-26,M4 raw intraday GARCH,-4.7961,4.88459e-05
2025-09-29,M4 raw intraday GARCH,-5.4097,7.80951e-06
2025-09-30,M4 raw intraday GARCH,-4.80694,1.89752e-05
2025-10-01,M4 raw intraday GARCH,-5.35944,0.000103632
2025-10-02,M4 raw intraday GARCH,-5.55938,6.82154e-06
2025-10-03,M4 raw intraday GARCH,-4.73146,4.82824e-05
2025-10-06,M4 raw intraday GARCH,-5.90131,3.71756e-06
2025-10-07,M4 raw intraday GARCH,-5.01291,3.23183e-05
2025-10-08,M4 raw intraday GARCH,-5.85453,7.66368e-06
2025-10-09,M4 raw intraday GARCH,-5.15249,1.76666e-05
2025-10-10,M4 raw intraday GARCH,-1.88047,0.00275275
2025-10-13,M4 raw intraday GARCH,-4.63688,4.01297e-05
2025-10-14,M4 raw intraday GARCH,-3.76024,0.000246314
2025-10-15,M4 raw intraday GARCH,-3.8308,0.000185956
2025-10-16,M4 raw intraday GARCH,-3.35225,0.000475924
2025-10-17,M4 raw intraday GARCH,-3.75324,0.000310492
2025-10-20,M4 raw intraday GARCH,-5.43704,4.86834e-06
2025-10-21,M4 raw intraday GARCH,-4.92308,2.66412e-05
2025-10-22,M4 raw intraday GARCH,-3.94085,0.000131064
2025-10-23,M4 raw intraday GARCH,-5.04956,2.28702e-05
2025-10-24,M4 raw intraday GARCH,-5.70506,4.97759e-06
2025-10-27,M4 raw intraday GARCH,-5.98915,2.53915e-06
2025-10-28,M4 raw intraday GARCH,-5.66791,3.07379e-06
2025-10-29,M4 raw intraday GARCH,-2.61067,0.00373928
2025-10-30,M4 raw intraday GARCH,-4.06978,0.000188383
2025-10-31,M4 raw intraday GARCH,-4.34988,3.66925e-05
2025-11-03,M4 raw intraday GARCH,-4.92109,2.81225e-05
2025-11-04,M4 raw intraday GARCH,-4.04467,9.11327e-05
2025-11-05,M4 raw intraday GARCH,-4.82066,6.38197e-05
2025-11-06,M4 raw intraday GARCH,-3.83708,0.000125525
2025-11-07,M4 raw intraday GARCH,-3.70936,0.000128405
2025-11-10,M4 raw intraday GARCH,-4.75057,2.61844e-05
2025-11-11,M4 raw intraday GARCH,-5.15886,1.9702e-05
2025-11-12,M4 raw intraday GARCH,-4.87541,1.59919e-05
2025-11-13,M4 raw intraday GARCH,-3.62,0.000144611
2025-11-14,M4 raw intraday GARCH,-3.52488,0.000345637
2025-11-17,M4 raw intraday GARCH,-3.62799,0.000188161
2025-11-18,M4 raw intraday GARCH,-3.10998,0.000524245
2025-11-19,M4 raw intraday GARCH,-3.43372,0.000280933
2025-11-20,M4 raw intraday GARCH,-2.79362,0.000749425
2025-11-21,M4 raw intraday GARCH,-2.90763,0.000814553
2025-11-24,M4 raw intraday GARCH,-4.55721,5.52522e-05
2025-11-25,M4 raw intraday GARCH,-3.94838,0.000687182
2025-11-26,M4 raw intraday GARCH,-4.62272,2.62486e-05
2025-12-01,M4 raw intraday GARCH,-4.73039,4.3984e-05
2025-12-02,M4 raw intraday GARCH,-4.21898,9.55795e-05
2025-12-03,M4 raw intraday GARCH,-5.02491,3.39351e-05
2025-12-04,M4 raw intraday GARCH,-4.77717,2.1199e-05
2025-12-05,M4 raw intraday GARCH,-5.03592,1.33283e-05
2025-12-08,M4 raw intraday GARCH,-4.88935,2.20072e-05
2025-12-09,M4 raw intraday GARCH,-5.66699,3.08518e-06
2025-12-10,M4 raw intraday GARCH,-4.43094,0.000165954
2025-12-11,M4 raw intraday GARCH,-4.5268,0.000124316
2025-12-12,M4 raw intraday GARCH,-3.98911,0.000174305
2025-12-15,M4 raw intraday GARCH,-4.33723,8.64747e-05
2025-12-16,M4 raw intraday GARCH,-4.03214,5.95821e-05
2025-12-17,M4 raw intraday GARCH,-4.22343,7.44167e-05
2025-12-18,M4 raw intraday GARCH,-3.63756,0.000219509
2025-12-19,M4 raw intraday GARCH,-5.32046,2.42142e-05
2025-12-22,M4 raw intraday GARCH,-5.86016,5.70387e-06
2025-12-23,M4 raw intraday GARCH,-6.17446,5.62422e-06
2025-12-26,M4 raw intraday GARCH,-5.94503,2.68712e-06
2025-12-29,M4 raw intraday GARCH,-5.74945,4.53556e-06
2025-12-30,M4 raw intraday GARCH,-5.88462,5.27329e-06
2025-12-31,M4 raw intraday GARCH,-5.17036,1.16073e-05
